2022-02-21 10:47:10.943,,,
2022-02-21 10:47:10.979,459,0,70
2022-02-21 10:47:11.024,439,0,70
2022-02-21 10:47:11.069,432,0,70
2022-02-21 10:47:11.114,419,1,70
2022-02-21 10:47:11.168,412,1,70
2022-02-21 10:47:11.204,409,3,70
2022-02-21 10:47:11.249,414,5,70
2022-02-21 10:47:11.300,397,8,70
2022-02-21 10:47:11.340,390,12,70
2022-02-21 10:47:11.384,389,17,70
2022-02-21 10:47:11.429,390,23,70
2022-02-21 10:47:11.474,392,29,70
2022-02-21 10:47:11.519,386,35,70
2022-02-21 10:47:11.565,390,41,70
2022-02-21 10:47:11.610,394,46,70
2022-02-21 10:47:11.655,391,51,70
2022-02-21 10:47:11.700,389,55,70
2022-02-21 10:47:11.745,384,57,70
2022-02-21 10:47:11.791,396,58,70
2022-02-21 10:47:11.835,380,59,70
2022-02-21 10:47:11.880,368,60,70
2022-02-21 10:47:11.926,381,60,70
2022-02-21 10:47:11.970,376,58,70
2022-02-21 10:47:12.016,390,58,70
2022-02-21 10:47:12.061,382,57,70
2022-02-21 10:47:12.105,394,57,70
2022-02-21 10:47:12.146,393,57,70
2022-02-21 10:47:12.191,375,56,70
2022-02-21 10:47:12.236,370,57,70
2022-02-21 10:47:12.281,382,57,70
2022-02-21 10:47:12.326,387,57,70
2022-02-21 10:47:12.372,376,58,70
2022-02-21 10:47:12.417,368,58,70
2022-02-21 10:47:12.462,380,59,70
2022-02-21 10:47:12.507,386,59,70
2022-02-21 10:47:12.552,373,59,70
2022-02-21 10:47:12.597,365,60,70
2022-02-21 10:47:12.643,361,59,70
2022-02-21 10:47:12.687,388,59,70
2022-02-21 10:47:12.732,386,59,70
2022-02-21 10:47:12.777,373,59,70
2022-02-21 10:47:12.822,378,58,70
2022-02-21 10:47:12.867,390,58,70
2022-02-21 10:47:12.912,390,58,70
2022-02-21 10:47:12.958,386,58,70
2022-02-21 10:47:13.002,373,58,70
2022-02-21 10:47:13.047,368,59,70
2022-02-21 10:47:13.093,355,59,70
2022-02-21 10:47:13.137,398,59,70
2022-02-21 10:47:13.183,383,59,70
2022-02-21 10:47:13.228,382,58,70
2022-02-21 10:47:13.273,360,59,70
2022-02-21 10:47:13.318,391,58,70
2022-02-21 10:47:13.362,369,58,70
2022-02-21 10:47:13.416,372,58,70
2022-02-21 10:47:13.449,371,58,70
2022-02-21 10:47:13.493,376,58,70
2022-02-21 10:47:13.539,383,58,70
2022-02-21 10:47:13.584,392,59,70
2022-02-21 10:47:13.629,382,58,70
2022-02-21 10:47:13.674,380,58,70
2022-02-21 10:47:13.719,372,58,70
2022-02-21 10:47:13.764,380,59,70
2022-02-21 10:47:13.809,391,58,70
2022-02-21 10:47:13.854,381,58,70
2022-02-21 10:47:13.899,380,58,70
2022-02-21 10:47:13.945,366,59,70
2022-02-21 10:47:13.989,401,58,70
2022-02-21 10:47:14.034,379,58,70
2022-02-21 10:47:14.080,401,58,70
2022-02-21 10:47:14.125,371,58,70
2022-02-21 10:47:14.173,368,59,95
2022-02-21 10:47:14.214,365,58,95
2022-02-21 10:47:14.260,378,59,95
2022-02-21 10:47:14.305,350,60,95
2022-02-21 10:47:14.350,363,61,95
2022-02-21 10:47:14.415,358,64,95
2022-02-21 10:47:14.440,344,66,95
2022-02-21 10:47:14.485,338,70,95
2022-02-21 10:47:14.530,347,74,95
2022-02-21 10:47:14.575,362,77,95
2022-02-21 10:47:14.620,349,80,95
2022-02-21 10:47:14.665,342,84,95
2022-02-21 10:47:14.706,348,87,95
2022-02-21 10:47:14.751,341,90,95
2022-02-21 10:47:14.797,383,91,95
2022-02-21 10:47:14.841,350,92,95
2022-02-21 10:47:14.887,338,92,95
2022-02-21 10:47:14.931,338,93,95
2022-02-21 10:47:14.976,374,92,95
2022-02-21 10:47:15.022,345,92,95
2022-02-21 10:47:15.067,335,90,95
2022-02-21 10:47:15.112,344,89,95
2022-02-21 10:47:15.156,342,89,95
2022-02-21 10:47:15.202,345,88,95
2022-02-21 10:47:15.247,345,87,95
2022-02-21 10:47:15.292,340,87,95
2022-02-21 10:47:15.337,342,87,95
2022-02-21 10:47:15.382,333,87,95
2022-02-21 10:47:15.427,362,87,95
2022-02-21 10:47:15.471,342,87,95
2022-02-21 10:47:15.517,350,87,95
2022-02-21 10:47:15.561,338,87,95
2022-02-21 10:47:15.607,335,87,95
2022-02-21 10:47:15.652,355,88,95
2022-02-21 10:47:15.697,327,88,95
2022-02-21 10:47:15.743,359,87,95
2022-02-21 10:47:15.787,342,87,95
2022-02-21 10:47:15.832,355,87,95
2022-02-21 10:47:15.878,347,87,95
2022-02-21 10:47:15.923,322,87,95
2022-02-21 10:47:15.968,332,87,95
2022-02-21 10:47:16.009,339,87,95
2022-02-21 10:47:16.054,337,86,95
2022-02-21 10:47:16.098,345,86,95
2022-02-21 10:47:16.144,336,86,95
2022-02-21 10:47:16.188,354,86,95
2022-02-21 10:47:16.234,342,86,95
2022-02-21 10:47:16.279,344,86,95
2022-02-21 10:47:16.324,343,86,95
2022-02-21 10:47:16.370,340,86,95
2022-02-21 10:47:16.420,333,86,95
2022-02-21 10:47:16.459,351,86,95
2022-02-21 10:47:16.504,342,87,95
2022-02-21 10:47:16.550,343,86,95
2022-02-21 10:47:16.595,339,86,95
2022-02-21 10:47:16.640,346,86,95
2022-02-21 10:47:16.684,339,86,95
2022-02-21 10:47:16.729,340,86,95
2022-02-21 10:47:16.774,339,86,95
2022-02-21 10:47:16.819,353,86,95
2022-02-21 10:47:16.865,342,86,95
2022-02-21 10:47:16.910,346,86,95
2022-02-21 10:47:16.954,348,87,95
2022-02-21 10:47:17.000,349,87,95
2022-02-21 10:47:17.045,331,87,95
2022-02-21 10:47:17.090,363,86,95
2022-02-21 10:47:17.135,339,87,95
2022-02-21 10:47:17.180,330,87,95
2022-02-21 10:47:17.226,362,87,95
2022-02-21 10:47:17.266,344,87,95
2022-02-21 10:47:17.311,342,87,95
2022-02-21 10:47:17.356,352,87,95
2022-02-21 10:47:17.419,346,86,95
2022-02-21 10:47:17.446,342,87,95
2022-02-21 10:47:17.492,334,87,95
2022-02-21 10:47:17.538,334,87,95
2022-02-21 10:47:17.581,352,87,95
2022-02-21 10:47:17.627,345,87,95
2022-02-21 10:47:17.672,343,87,95
2022-02-21 10:47:17.716,346,87,95
2022-02-21 10:47:17.761,346,87,95
2022-02-21 10:47:17.807,344,87,95
2022-02-21 10:47:17.852,328,87,95
2022-02-21 10:47:17.897,372,87,95
2022-02-21 10:47:17.942,332,87,95
2022-02-21 10:47:17.987,346,87,95
2022-02-21 10:47:18.032,362,87,95
2022-02-21 10:47:18.077,343,87,95
2022-02-21 10:47:18.122,349,87,95
2022-02-21 10:47:18.174,337,87,95
2022-02-21 10:47:18.212,333,87,95
2022-02-21 10:47:18.257,329,87,95
2022-02-21 10:47:18.307,361,87,95
2022-02-21 10:47:18.348,341,87,95
2022-02-21 10:47:18.392,357,87,95
2022-02-21 10:47:18.438,349,87,95
2022-02-21 10:47:18.482,352,87,125
2022-02-21 10:47:18.527,333,87,125
2022-02-21 10:47:18.569,348,88,125
2022-02-21 10:47:18.614,324,90,125
2022-02-21 10:47:18.658,350,92,125
2022-02-21 10:47:18.703,355,95,125
2022-02-21 10:47:18.749,335,98,125
2022-02-21 10:47:18.794,326,103,125
2022-02-21 10:47:18.839,326,107,125
2022-02-21 10:47:18.884,327,112,125
2022-02-21 10:47:18.929,348,116,125
2022-02-21 10:47:18.974,309,120,125
2022-02-21 10:47:19.019,321,123,125
2022-02-21 10:47:19.065,329,126,125
2022-02-21 10:47:19.109,334,128,125
2022-02-21 10:47:19.155,326,129,125
2022-02-21 10:47:19.200,329,129,125
2022-02-21 10:47:19.245,328,129,125
2022-02-21 10:47:19.289,331,128,125
2022-02-21 10:47:19.334,319,127,125
2022-02-21 10:47:19.379,322,125,125
2022-02-21 10:47:19.424,320,124,125
2022-02-21 10:47:19.469,338,122,125
2022-02-21 10:47:19.514,333,121,125
2022-02-21 10:47:19.559,342,120,125
2022-02-21 10:47:19.605,328,119,125
2022-02-21 10:47:19.651,344,118,125
2022-02-21 10:47:19.694,337,118,125
2022-02-21 10:47:19.740,336,118,125
2022-02-21 10:47:19.785,324,119,125
2022-02-21 10:47:19.826,317,119,125
2022-02-21 10:47:19.871,313,120,125
2022-02-21 10:47:19.916,338,121,125
2022-02-21 10:47:19.961,323,121,125
2022-02-21 10:47:20.007,318,121,125
2022-02-21 10:47:20.051,340,122,125
2022-02-21 10:47:20.096,330,122,125
2022-02-21 10:47:20.141,325,123,125
2022-02-21 10:47:20.186,323,123,125
2022-02-21 10:47:20.232,328,123,125
2022-02-21 10:47:20.277,309,123,125
2022-02-21 10:47:20.321,322,123,125
2022-02-21 10:47:20.366,324,123,125
2022-02-21 10:47:20.425,328,123,125
2022-02-21 10:47:20.457,330,123,125
2022-02-21 10:47:20.502,323,122,125
2022-02-21 10:47:20.547,334,122,125
2022-02-21 10:47:20.592,333,122,125
2022-02-21 10:47:20.637,326,122,125
2022-02-21 10:47:20.682,320,121,125
2022-02-21 10:47:20.727,316,121,125
2022-02-21 10:47:20.773,319,120,125
2022-02-21 10:47:20.817,323,120,125
2022-02-21 10:47:20.863,332,120,125
2022-02-21 10:47:20.907,341,120,125
2022-02-21 10:47:20.952,328,120,125
2022-02-21 10:47:20.997,331,120,125
2022-02-21 10:47:21.042,305,120,125
2022-02-21 10:47:21.087,312,120,125
2022-02-21 10:47:21.128,338,120,125
2022-02-21 10:47:21.173,339,121,125
2022-02-21 10:47:21.219,335,121,125
2022-02-21 10:47:21.263,318,121,125
2022-02-21 10:47:21.308,323,122,125
2022-02-21 10:47:21.353,331,122,125
2022-02-21 10:47:21.399,327,122,125
2022-02-21 10:47:21.444,336,123,125
2022-02-21 10:47:21.489,321,123,125
2022-02-21 10:47:21.536,340,122,125
2022-02-21 10:47:21.579,325,122,125
2022-02-21 10:47:21.623,325,122,125
2022-02-21 10:47:21.669,314,122,125
2022-02-21 10:47:21.714,345,122,125
2022-02-21 10:47:21.760,323,121,125
2022-02-21 10:47:21.805,331,121,125
2022-02-21 10:47:21.849,345,121,125
2022-02-21 10:47:21.894,330,121,125
2022-02-21 10:47:21.940,331,121,125
2022-02-21 10:47:21.984,318,120,125
2022-02-21 10:47:22.029,325,121,125
2022-02-21 10:47:22.074,322,121,125
2022-02-21 10:47:22.119,330,121,125
2022-02-21 10:47:22.164,329,121,125
2022-02-21 10:47:22.209,343,121,125
2022-02-21 10:47:22.254,321,121,125
2022-02-21 10:47:22.299,331,121,125
2022-02-21 10:47:22.345,331,121,125
2022-02-21 10:47:22.386,335,121,125
2022-02-21 10:47:22.431,330,121,125
2022-02-21 10:47:22.476,326,121,125
2022-02-21 10:47:22.521,315,121,125
2022-02-21 10:47:22.566,342,121,125
2022-02-21 10:47:22.612,332,121,125
2022-02-21 10:47:22.656,314,122,125
2022-02-21 10:47:22.702,335,122,125
2022-02-21 10:47:22.748,336,122,125
2022-02-21 10:47:22.791,319,122,125
2022-02-21 10:47:22.837,330,123,125
2022-02-21 10:47:22.881,321,122,125
2022-02-21 10:47:22.927,323,122,125
2022-02-21 10:47:22.972,320,122,125
2022-02-21 10:47:23.017,321,122,125
2022-02-21 10:47:23.062,332,122,125
2022-02-21 10:47:23.107,319,122,125
2022-02-21 10:47:23.152,314,121,125
2022-02-21 10:47:23.197,329,121,125
2022-02-21 10:47:23.242,334,120,125
2022-02-21 10:47:23.288,326,121,125
2022-02-21 10:47:23.332,332,120,125
2022-02-21 10:47:23.376,330,120,125
2022-02-21 10:47:23.428,316,120,125
2022-02-21 10:47:23.467,327,120,70
2022-02-21 10:47:23.512,336,120,70
2022-02-21 10:47:23.558,348,119,70
2022-02-21 10:47:23.603,343,116,70
2022-02-21 10:47:23.643,336,112,70
2022-02-21 10:47:23.689,347,106,70
2022-02-21 10:47:23.735,371,98,70
2022-02-21 10:47:23.779,360,90,70
2022-02-21 10:47:23.824,364,80,70
2022-02-21 10:47:23.868,351,70,70
2022-02-21 10:47:23.913,364,61,70
2022-02-21 10:47:23.958,334,51,70
2022-02-21 10:47:24.004,363,44,70
2022-02-21 10:47:24.049,365,38,70
2022-02-21 10:47:24.094,362,35,70
2022-02-21 10:47:24.139,370,34,70
2022-02-21 10:47:24.184,361,35,70
2022-02-21 10:47:24.229,370,38,70
2022-02-21 10:47:24.274,360,43,70
2022-02-21 10:47:24.319,360,50,70
2022-02-21 10:47:24.364,365,56,70
2022-02-21 10:47:24.428,363,62,70
2022-02-21 10:47:24.454,371,67,70
2022-02-21 10:47:24.499,342,71,70
2022-02-21 10:47:24.545,365,73,70
2022-02-21 10:47:24.590,361,75,70
2022-02-21 10:47:24.635,360,74,70
2022-02-21 10:47:24.679,366,73,70
2022-02-21 10:47:24.725,379,70,70
2022-02-21 10:47:24.770,361,67,70
2022-02-21 10:47:24.814,355,64,70
2022-02-21 10:47:24.860,383,61,70
2022-02-21 10:47:24.905,372,58,70
2022-02-21 10:47:24.946,362,56,70
2022-02-21 10:47:24.991,378,55,70
2022-02-21 10:47:25.036,356,54,70
2022-02-21 10:47:25.081,362,54,70
2022-02-21 10:47:25.126,368,54,70
2022-02-21 10:47:25.183,360,56,70
2022-02-21 10:47:25.216,379,57,70
2022-02-21 10:47:25.261,377,58,70
2022-02-21 10:47:25.310,363,60,70
2022-02-21 10:47:25.351,367,61,70
2022-02-21 10:47:25.396,376,63,70
2022-02-21 10:47:25.441,379,63,70
2022-02-21 10:47:25.487,364,64,70
2022-02-21 10:47:25.531,367,63,70
2022-02-21 10:47:25.576,368,63,70
2022-02-21 10:47:25.621,374,63,70
2022-02-21 10:47:25.667,363,61,70
2022-02-21 10:47:25.711,363,61,70
2022-02-21 10:47:25.757,363,60,70
2022-02-21 10:47:25.802,379,59,70
2022-02-21 10:47:25.846,364,59,70
2022-02-21 10:47:25.892,367,58,70
2022-02-21 10:47:25.937,382,58,70
2022-02-21 10:47:25.982,369,58,70
2022-02-21 10:47:26.027,360,58,70
2022-02-21 10:47:26.072,365,58,70
2022-02-21 10:47:26.117,358,58,70
2022-02-21 10:47:26.162,370,58,70
2022-02-21 10:47:26.207,373,59,70
2022-02-21 10:47:26.248,352,59,70
2022-02-21 10:47:26.293,366,60,70
2022-02-21 10:47:26.339,366,60,70
2022-02-21 10:47:26.383,375,61,70
2022-02-21 10:47:26.431,379,61,70
2022-02-21 10:47:26.473,364,61,70
2022-02-21 10:47:26.518,389,61,70
2022-02-21 10:47:26.563,378,61,70
2022-02-21 10:47:26.609,375,61,70
2022-02-21 10:47:26.654,386,62,70
2022-02-21 10:47:26.698,389,61,70
2022-02-21 10:47:26.743,365,61,70
2022-02-21 10:47:26.789,359,61,70
2022-02-21 10:47:26.833,364,61,70
2022-02-21 10:47:26.879,359,61,70
2022-02-21 10:47:26.924,380,61,70
2022-02-21 10:47:26.969,388,61,70
2022-02-21 10:47:27.014,367,61,70
2022-02-21 10:47:27.059,378,61,70
2022-02-21 10:47:27.104,360,60,70
2022-02-21 10:47:27.149,380,61,70
2022-02-21 10:47:27.194,375,61,70
2022-02-21 10:47:27.241,383,61,70
2022-02-21 10:47:27.285,387,62,70
2022-02-21 10:47:27.330,363,62,70
2022-02-21 10:47:27.376,358,61,70
2022-02-21 10:47:27.431,355,61,70
2022-02-21 10:47:27.465,377,61,70
2022-02-21 10:47:27.505,375,61,70
2022-02-21 10:47:27.550,366,61,70
2022-02-21 10:47:27.596,375,61,70
2022-02-21 10:47:27.640,355,61,70
2022-02-21 10:47:27.686,363,61,70
2022-02-21 10:47:27.731,370,61,70
2022-02-21 10:47:27.776,369,61,70
2022-02-21 10:47:27.821,366,61,70
2022-02-21 10:47:27.866,363,61,70
2022-02-21 10:47:27.911,349,61,70
2022-02-21 10:47:27.957,367,61,70
2022-02-21 10:47:28.001,364,61,70
2022-02-21 10:47:28.046,370,61,70
2022-02-21 10:47:28.092,371,61,70
2022-02-21 10:47:28.137,367,62,70
2022-02-21 10:47:28.184,376,61,70
2022-02-21 10:47:28.227,370,62,70
2022-02-21 10:47:28.272,374,61,70
2022-02-21 10:47:28.316,364,61,70
2022-02-21 10:47:28.362,365,61,70
2022-02-21 10:47:28.407,362,61,70
2022-02-21 10:47:28.451,346,60,70
2022-02-21 10:47:28.497,394,60,70
2022-02-21 10:47:28.542,363,60,70
2022-02-21 10:47:28.587,363,60,70
2022-02-21 10:47:28.632,362,60,70
2022-02-21 10:47:28.678,361,60,70
2022-02-21 10:47:28.722,372,60,70
2022-02-21 10:47:28.768,365,60,70
2022-02-21 10:47:28.809,363,61,70
2022-02-21 10:47:28.853,373,61,70
2022-02-21 10:47:28.898,373,61,70
2022-02-21 10:47:28.944,372,61,70
2022-02-21 10:47:28.989,363,61,70
2022-02-21 10:47:29.033,351,62,70
2022-02-21 10:47:29.079,363,61,70
2022-02-21 10:47:29.124,348,61,125
2022-02-21 10:47:29.169,353,60,125
2022-02-21 10:47:29.213,358,62,125
2022-02-21 10:47:29.259,337,64,125
2022-02-21 10:47:29.304,349,68,125
2022-02-21 10:47:29.349,351,73,125
2022-02-21 10:47:29.394,334,80,125
2022-02-21 10:47:29.439,347,89,125
2022-02-21 10:47:29.483,355,97,125
2022-02-21 10:47:29.530,344,107,125
2022-02-21 10:47:29.574,321,116,125
2022-02-21 10:47:29.619,334,124,125
2022-02-21 10:47:29.664,330,131,125
2022-02-21 10:47:29.709,330,137,125
2022-02-21 10:47:29.754,345,142,125
2022-02-21 10:47:29.800,323,144,125
2022-02-21 10:47:29.844,327,145,125
2022-02-21 10:47:29.889,322,144,125
2022-02-21 10:47:29.935,328,142,125
2022-02-21 10:47:29.979,309,140,125
2022-02-21 10:47:30.025,323,136,125
2022-02-21 10:47:30.066,330,132,125
2022-02-21 10:47:30.111,341,128,125
2022-02-21 10:47:30.155,325,124,125
2022-02-21 10:47:30.200,333,120,125
2022-02-21 10:47:30.246,343,117,125
2022-02-21 10:47:30.291,322,114,125
2022-02-21 10:47:30.336,332,112,125
2022-02-21 10:47:30.381,329,111,125
2022-02-21 10:47:30.428,336,111,125
2022-02-21 10:47:30.471,348,112,125
2022-02-21 10:47:30.831,314,113,125
2022-02-21 10:47:30.831,330,115,125
2022-02-21 10:47:30.831,324,116,125
2022-02-21 10:47:30.831,349,118,125
2022-02-21 10:47:30.832,323,120,125
2022-02-21 10:47:30.832,330,121,125
2022-02-21 10:47:30.832,328,122,125
2022-02-21 10:47:30.834,319,124,125
2022-02-21 10:47:30.876,320,125,125
2022-02-21 10:47:30.922,320,125,125
2022-02-21 10:47:30.967,315,124,125
2022-02-21 10:47:31.011,311,125,125
2022-02-21 10:47:31.057,335,125,125
2022-02-21 10:47:31.103,326,124,125
2022-02-21 10:47:31.147,316,123,125
2022-02-21 10:47:31.192,353,123,125
2022-02-21 10:47:31.237,321,122,125
2022-02-21 10:47:31.282,329,121,125
2022-02-21 10:47:31.322,324,121,125
2022-02-21 10:47:31.368,335,121,125
2022-02-21 10:47:31.431,330,121,125
2022-02-21 10:47:31.458,340,121,125
2022-02-21 10:47:31.503,328,121,125
2022-02-21 10:47:31.548,322,121,125
2022-02-21 10:47:31.593,328,121,125
2022-02-21 10:47:31.639,322,121,125
2022-02-21 10:47:31.684,319,121,125
2022-02-21 10:47:31.729,319,122,125
2022-02-21 10:47:31.773,337,121,125
2022-02-21 10:47:31.819,334,121,125
2022-02-21 10:47:31.864,338,121,125
2022-02-21 10:47:31.909,328,121,125
2022-02-21 10:47:31.955,328,121,125
2022-02-21 10:47:31.999,320,120,125
2022-02-21 10:47:32.044,330,120,125
2022-02-21 10:47:32.089,314,121,125
2022-02-21 10:47:32.134,315,121,125
2022-02-21 10:47:32.191,340,121,125
2022-02-21 10:47:32.224,339,121,125
2022-02-21 10:47:32.269,330,121,125
2022-02-21 10:47:32.316,330,121,110
2022-02-21 10:47:32.359,311,121,110
2022-02-21 10:47:32.405,336,121,110
2022-02-21 10:47:32.450,334,121,110
2022-02-21 10:47:32.494,330,119,110
2022-02-21 10:47:32.540,332,118,110
2022-02-21 10:47:32.584,342,117,110
2022-02-21 10:47:32.626,332,114,110
2022-02-21 10:47:32.671,326,112,110
2022-02-21 10:47:32.716,320,110,110
2022-02-21 10:47:32.761,340,108,110
2022-02-21 10:47:32.806,332,105,110
2022-02-21 10:47:32.851,323,103,110
2022-02-21 10:47:32.895,321,101,110
2022-02-21 10:47:32.940,330,100,110
2022-02-21 10:47:32.986,330,99,110
2022-02-21 10:47:33.031,343,98,110
2022-02-21 10:47:33.076,356,98,110
2022-02-21 10:47:33.121,325,99,110
2022-02-21 10:47:33.166,336,99,110
2022-02-21 10:47:33.211,329,100,110
2022-02-21 10:47:33.257,331,100,110
2022-02-21 10:47:33.301,330,102,110
2022-02-21 10:47:33.346,324,103,110
2022-02-21 10:47:33.392,344,104,110
2022-02-21 10:47:33.437,348,104,110
2022-02-21 10:47:33.481,332,105,110
2022-02-21 10:47:33.526,333,105,110
2022-02-21 10:47:33.572,327,105,110
2022-02-21 10:47:33.617,336,105,110
2022-02-21 10:47:33.662,331,106,110
2022-02-21 10:47:33.707,327,105,110
2022-02-21 10:47:33.752,331,105,110
2022-02-21 10:47:33.797,333,105,110
2022-02-21 10:47:33.842,335,104,110
2022-02-21 10:47:33.882,319,104,110
2022-02-21 10:47:33.928,340,103,110
2022-02-21 10:47:33.973,357,104,110
2022-02-21 10:47:34.018,330,103,110
2022-02-21 10:47:34.063,340,103,110
2022-02-21 10:47:34.108,338,104,110
2022-02-21 10:47:34.153,316,103,110
2022-02-21 10:47:34.199,323,104,110
2022-02-21 10:47:34.243,340,104,110
2022-02-21 10:47:34.288,341,104,110
2022-02-21 10:47:34.333,338,104,110
2022-02-21 10:47:34.378,320,104,110
2022-02-21 10:47:34.435,334,104,110
2022-02-21 10:47:34.469,336,104,110
2022-02-21 10:47:34.513,339,104,110
2022-02-21 10:47:34.559,337,105,110
2022-02-21 10:47:34.604,317,104,110
2022-02-21 10:47:34.650,339,104,110
2022-02-21 10:47:34.694,323,105,110
2022-02-21 10:47:34.739,347,105,110
2022-02-21 10:47:34.784,350,105,110
2022-02-21 10:47:34.829,334,105,110
2022-02-21 10:47:34.874,335,105,110
2022-02-21 10:47:34.919,339,105,110
2022-02-21 10:47:34.964,330,105,110
2022-02-21 10:47:35.010,351,105,110
2022-02-21 10:47:35.055,330,104,110
2022-02-21 10:47:35.100,338,105,110
2022-02-21 10:47:35.144,345,105,110
2022-02-21 10:47:35.195,332,104,110
2022-02-21 10:47:35.230,346,104,110
2022-02-21 10:47:35.276,333,104,110
2022-02-21 10:47:35.320,328,105,110
2022-02-21 10:47:35.365,337,105,110
2022-02-21 10:47:35.411,339,105,110
2022-02-21 10:47:35.455,350,105,110
2022-02-21 10:47:35.500,317,105,110
2022-02-21 10:47:35.546,335,105,110
2022-02-21 10:47:35.591,334,104,110
2022-02-21 10:47:35.636,329,105,110
2022-02-21 10:47:35.681,302,105,110
2022-02-21 10:47:35.726,331,104,110
2022-02-21 10:47:35.771,328,105,110
2022-02-21 10:47:35.816,341,104,110
2022-02-21 10:47:35.861,328,104,110
2022-02-21 10:47:35.906,330,104,110
2022-02-21 10:47:35.952,319,104,110
2022-02-21 10:47:35.996,347,104,110
2022-02-21 10:47:36.042,325,104,110
2022-02-21 10:47:36.086,335,104,110
2022-02-21 10:47:36.132,343,104,110
2022-02-21 10:47:36.178,333,104,110
2022-02-21 10:47:36.221,345,104,110
2022-02-21 10:47:36.267,327,103,110
2022-02-21 10:47:36.318,336,104,110
2022-02-21 10:47:36.357,325,104,110
2022-02-21 10:47:36.401,339,104,110
2022-02-21 10:47:36.442,337,104,110
2022-02-21 10:47:36.487,330,104,110
2022-02-21 10:47:36.532,333,104,110
2022-02-21 10:47:36.577,350,103,110
2022-02-21 10:47:36.623,329,104,110
2022-02-21 10:47:36.668,334,104,110
2022-02-21 10:47:36.713,321,103,110
2022-02-21 10:47:36.759,336,104,110
2022-02-21 10:47:36.804,345,104,110
2022-02-21 10:47:36.849,330,104,110
2022-02-21 10:47:36.893,311,104,110
2022-02-21 10:47:36.939,344,104,110
2022-02-21 10:47:36.984,329,104,110
2022-02-21 10:47:37.028,321,104,110
2022-02-21 10:47:37.074,338,104,110
2022-02-21 10:47:37.119,339,104,110
2022-02-21 10:47:37.163,325,104,110
2022-02-21 10:47:37.209,319,104,110
2022-02-21 10:47:37.254,343,104,110
2022-02-21 10:47:37.298,332,104,110
2022-02-21 10:47:37.343,327,104,110
2022-02-21 10:47:37.389,338,104,110
2022-02-21 10:47:37.438,334,103,110
2022-02-21 10:47:37.480,317,104,110
2022-02-21 10:47:37.524,325,104,110
2022-02-21 10:47:37.569,329,104,110
2022-02-21 10:47:37.615,322,104,110
2022-02-21 10:47:37.660,332,105,110
2022-02-21 10:47:37.704,337,104,110
2022-02-21 10:47:37.746,324,104,110
2022-02-21 10:47:37.790,328,103,110
2022-02-21 10:47:37.837,333,104,110
2022-02-21 10:47:37.881,318,104,110
2022-02-21 10:47:37.925,341,103,110
2022-02-21 10:47:37.970,363,104,110
2022-02-21 10:47:38.015,344,103,110
2022-02-21 10:47:38.060,326,103,110
2022-02-21 10:47:38.105,332,103,110
2022-02-21 10:47:38.150,332,103,110
2022-02-21 10:47:38.196,328,103,110
2022-02-21 10:47:38.241,332,103,110
2022-02-21 10:47:38.286,326,104,110
2022-02-21 10:47:38.331,341,104,110
2022-02-21 10:47:38.376,329,103,110
2022-02-21 10:47:38.440,319,104,110
2022-02-21 10:47:38.466,335,103,110
2022-02-21 10:47:38.511,332,103,110
2022-02-21 10:47:38.556,326,103,110
2022-02-21 10:47:38.601,321,103,110
2022-02-21 10:47:38.647,355,103,110
2022-02-21 10:47:38.691,327,103,110
2022-02-21 10:47:38.737,314,103,110
2022-02-21 10:47:38.782,330,103,110
2022-02-21 10:47:38.827,347,103,110
2022-02-21 10:47:38.872,348,103,110
2022-02-21 10:47:38.917,325,104,110
2022-02-21 10:47:38.961,339,103,110
2022-02-21 10:47:39.002,330,104,110
2022-02-21 10:47:39.048,324,103,110
2022-02-21 10:47:39.093,334,104,110
2022-02-21 10:47:39.137,319,104,110
2022-02-21 10:47:39.183,336,104,110
2022-02-21 10:47:39.228,322,104,110
2022-02-21 10:47:39.273,336,104,110
2022-02-21 10:47:39.323,336,105,110
2022-02-21 10:47:39.363,316,105,110
2022-02-21 10:47:39.408,322,104,110
2022-02-21 10:47:39.453,321,104,110
2022-02-21 10:47:39.499,330,105,110
2022-02-21 10:47:39.543,326,105,110
2022-02-21 10:47:39.588,332,105,110
2022-02-21 10:47:39.633,339,105,110
2022-02-21 10:47:39.679,331,104,110
2022-02-21 10:47:39.724,319,104,110
2022-02-21 10:47:39.769,320,104,110
2022-02-21 10:47:39.813,333,105,110
2022-02-21 10:47:39.859,333,105,110
2022-02-21 10:47:39.904,335,105,110
2022-02-21 10:47:39.949,323,104,110
2022-02-21 10:47:39.995,332,104,110
2022-02-21 10:47:40.038,341,104,110
2022-02-21 10:47:40.084,337,104,110
2022-02-21 10:47:40.129,331,104,110
2022-02-21 10:47:40.174,329,105,110
2022-02-21 10:47:40.219,331,104,110
2022-02-21 10:47:40.264,331,105,110
2022-02-21 10:47:40.305,337,104,110
2022-02-21 10:47:40.350,324,105,110
2022-02-21 10:47:40.396,321,104,110
2022-02-21 10:47:40.447,332,105,110
2022-02-21 10:47:40.486,323,105,110
2022-02-21 10:47:40.530,334,104,110
2022-02-21 10:47:40.576,351,105,110
2022-02-21 10:47:40.621,321,105,110
2022-02-21 10:47:40.665,313,104,110
2022-02-21 10:47:40.711,323,104,110
2022-02-21 10:47:40.756,334,105,110
2022-02-21 10:47:40.800,328,105,110
2022-02-21 10:47:40.845,333,105,110
2022-02-21 10:47:40.890,351,105,110
2022-02-21 10:47:40.936,336,104,110
2022-02-21 10:47:40.981,332,105,110
2022-02-21 10:47:41.026,329,104,110
2022-02-21 10:47:41.071,337,105,110
2022-02-21 10:47:41.116,325,105,110
2022-02-21 10:47:41.161,339,105,110
2022-02-21 10:47:41.206,340,105,110
2022-02-21 10:47:41.251,334,105,110
2022-02-21 10:47:41.297,333,104,110
2022-02-21 10:47:41.341,350,105,110
2022-02-21 10:47:41.387,328,105,110
2022-02-21 10:47:41.446,347,105,110
2022-02-21 10:47:41.477,342,105,110
2022-02-21 10:47:41.522,335,105,110
2022-02-21 10:47:41.562,346,105,110
2022-02-21 10:47:41.607,323,106,95
2022-02-21 10:47:41.652,337,105,95
2022-02-21 10:47:41.697,337,106,95
2022-02-21 10:47:41.743,346,105,95
2022-02-21 10:47:41.788,326,104,95
2022-02-21 10:47:41.834,339,102,95
2022-02-21 10:47:41.878,343,100,95
2022-02-21 10:47:41.923,360,98,95
2022-02-21 10:47:41.969,351,96,95
2022-02-21 10:47:42.013,343,93,95
2022-02-21 10:47:42.059,349,92,95
2022-02-21 10:47:42.104,344,90,95
2022-02-21 10:47:42.148,348,89,95
2022-02-21 10:47:42.200,334,87,95
2022-02-21 10:47:42.239,331,87,95
2022-02-21 10:47:42.283,341,87,95
2022-02-21 10:47:42.329,347,87,95
2022-02-21 10:47:42.373,333,87,95
2022-02-21 10:47:42.418,338,87,95
2022-02-21 10:47:42.464,340,88,95
2022-02-21 10:47:42.509,351,89,95
2022-02-21 10:47:42.554,325,89,95
2022-02-21 10:47:42.599,336,90,95
2022-02-21 10:47:42.644,331,91,95
2022-02-21 10:47:42.689,337,91,95
2022-02-21 10:47:42.734,352,91,95
2022-02-21 10:47:42.779,335,91,95
2022-02-21 10:47:42.825,355,92,95
2022-02-21 10:47:42.865,347,92,95
2022-02-21 10:47:42.910,339,91,95
2022-02-21 10:47:42.956,354,91,95
2022-02-21 10:47:43.000,347,91,95
2022-02-21 10:47:43.045,333,90,95
2022-02-21 10:47:43.091,340,90,95
2022-02-21 10:47:43.135,361,90,95
2022-02-21 10:47:43.181,344,90,95
2022-02-21 10:47:43.226,324,90,95
2022-02-21 10:47:43.271,341,90,95
2022-02-21 10:47:43.315,350,89,95
2022-02-21 10:47:43.361,340,90,95
2022-02-21 10:47:43.406,353,90,95
2022-02-21 10:47:43.450,336,90,95
2022-02-21 10:47:43.496,341,90,95
2022-02-21 10:47:43.541,344,90,95
2022-02-21 10:47:43.586,348,90,95
2022-02-21 10:47:43.631,335,91,95
2022-02-21 10:47:43.676,339,90,95
2022-02-21 10:47:43.721,331,90,95
2022-02-21 10:47:43.766,335,90,95
2022-02-21 10:47:43.812,350,90,95
2022-02-21 10:47:43.857,347,90,95
2022-02-21 10:47:43.901,341,90,95
2022-02-21 10:47:43.946,344,90,95
2022-02-21 10:47:43.992,343,90,95
2022-02-21 10:47:44.036,344,90,95
2022-02-21 10:47:44.081,335,90,95
2022-02-21 10:47:44.122,354,90,95
2022-02-21 10:47:44.167,325,90,95
2022-02-21 10:47:44.213,358,90,95
2022-02-21 10:47:44.258,339,90,95
2022-02-21 10:47:44.303,339,90,95
2022-02-21 10:47:44.348,342,90,95
2022-02-21 10:47:44.393,341,90,95
2022-02-21 10:47:44.447,364,89,95
2022-02-21 10:47:44.482,338,89,95
2022-02-21 10:47:44.528,348,89,95
2022-02-21 10:47:44.573,342,89,95
2022-02-21 10:47:44.618,337,90,95
2022-02-21 10:47:44.664,337,89,95
2022-02-21 10:47:44.709,339,89,95
2022-02-21 10:47:44.753,341,90,95
2022-02-21 10:47:44.798,338,90,95
2022-02-21 10:47:44.843,345,90,95
2022-02-21 10:47:44.889,348,90,95
2022-02-21 10:47:44.933,328,91,95
2022-02-21 10:47:44.978,352,90,95
2022-02-21 10:47:45.024,338,90,95
2022-02-21 10:47:45.068,339,90,95
2022-02-21 10:47:45.114,338,90,95
2022-02-21 10:47:45.158,342,90,95
2022-02-21 10:47:45.204,345,90,95
2022-02-21 10:47:45.249,342,89,95
2022-02-21 10:47:45.294,340,90,95
2022-02-21 10:47:45.339,344,89,95
2022-02-21 10:47:45.384,349,89,95
2022-02-21 10:47:45.425,329,89,95
2022-02-21 10:47:45.470,332,90,95
2022-02-21 10:47:45.515,345,90,95
2022-02-21 10:47:45.559,332,90,95
2022-02-21 10:47:45.605,341,90,95
2022-02-21 10:47:45.650,339,90,95
2022-02-21 10:47:45.695,344,90,95
2022-02-21 10:47:45.740,341,90,95
2022-02-21 10:47:45.785,322,90,95
2022-02-21 10:47:45.831,345,90,95
2022-02-21 10:47:45.876,331,89,95
2022-02-21 10:47:45.921,356,89,95
2022-02-21 10:47:45.966,347,89,95
2022-02-21 10:47:46.011,333,89,95
2022-02-21 10:47:46.056,331,89,95
2022-02-21 10:47:46.100,341,89,95
2022-02-21 10:47:46.146,353,90,95
2022-02-21 10:47:46.202,352,90,95
2022-02-21 10:47:46.236,343,90,95
2022-02-21 10:47:46.281,338,89,95
2022-02-21 10:47:46.330,347,90,95
2022-02-21 10:47:46.371,339,90,95
2022-02-21 10:47:46.416,339,90,95
2022-02-21 10:47:46.462,310,90,95
2022-02-21 10:47:46.506,351,90,95
2022-02-21 10:47:46.551,347,90,95
2022-02-21 10:47:46.596,327,90,95
2022-02-21 10:47:46.642,342,90,95
2022-02-21 10:47:46.682,351,90,95
2022-02-21 10:47:46.728,344,90,95
2022-02-21 10:47:46.773,362,90,95
2022-02-21 10:47:46.817,337,89,95
2022-02-21 10:47:46.863,347,90,95
2022-02-21 10:47:46.908,358,90,95
2022-02-21 10:47:46.953,345,90,95
2022-02-21 10:47:46.998,334,90,95
2022-02-21 10:47:47.043,340,90,95
2022-02-21 10:47:47.088,342,90,95
2022-02-21 10:47:47.133,353,89,95
2022-02-21 10:47:47.178,346,90,95
2022-02-21 10:47:47.223,332,90,95
2022-02-21 10:47:47.268,335,90,110
2022-02-21 10:47:47.313,332,90,110
2022-02-21 10:47:47.358,360,91,110
2022-02-21 10:47:47.404,344,92,110
2022-02-21 10:47:47.448,337,92,110
2022-02-21 10:47:47.494,349,94,110
2022-02-21 10:47:47.538,334,96,110
2022-02-21 10:47:47.583,324,98,110
2022-02-21 10:47:47.628,336,100,110
2022-02-21 10:47:47.674,332,103,110
2022-02-21 10:47:47.718,347,104,110
2022-02-21 10:47:47.763,337,106,110
2022-02-21 10:47:47.809,336,107,110
2022-02-21 10:47:47.854,328,107,110
2022-02-21 10:47:47.898,329,107,110
2022-02-21 10:47:47.944,342,108,110
2022-02-21 10:47:47.985,336,108,110
2022-02-21 10:47:48.030,324,107,110
2022-02-21 10:47:48.075,346,107,110
2022-02-21 10:47:48.120,319,107,110
2022-02-21 10:47:48.166,328,106,110
2022-02-21 10:47:48.210,324,106,110
2022-02-21 10:47:48.255,336,105,110
2022-02-21 10:47:48.300,329,105,110
2022-02-21 10:47:48.345,336,105,110
2022-02-21 10:47:48.390,355,104,110
2022-02-21 10:47:48.447,320,104,110
2022-02-21 10:47:48.480,324,104,110
2022-02-21 10:47:48.525,338,104,110
2022-02-21 10:47:48.571,324,105,110
2022-02-21 10:47:48.616,335,105,110
2022-02-21 10:47:48.661,343,105,110
2022-02-21 10:47:48.705,352,106,110
2022-02-21 10:47:48.750,344,106,110
2022-02-21 10:47:48.796,331,106,110
2022-02-21 10:47:48.840,328,107,110
2022-02-21 10:47:48.886,334,106,110
2022-02-21 10:47:48.931,338,107,110
2022-02-21 10:47:48.976,346,107,110
2022-02-21 10:47:49.021,326,107,110
2022-02-21 10:47:49.066,345,107,110
2022-02-21 10:47:49.111,324,106,110
2022-02-21 10:47:49.156,338,106,110
2022-02-21 10:47:49.204,341,106,110
2022-02-21 10:47:49.242,329,105,110
2022-02-21 10:47:49.288,329,106,110
2022-02-21 10:47:49.335,339,106,110
2022-02-21 10:47:49.377,332,106,110
2022-02-21 10:47:49.423,335,105,110
2022-02-21 10:47:49.467,334,105,110
2022-02-21 10:47:49.513,332,106,110
2022-02-21 10:47:49.557,348,106,110
2022-02-21 10:47:49.603,329,106,110
2022-02-21 10:47:49.647,347,106,110
2022-02-21 10:47:49.693,336,106,110
2022-02-21 10:47:49.738,335,106,110
2022-02-21 10:47:49.783,347,106,110
2022-02-21 10:47:49.827,322,106,110
2022-02-21 10:47:49.873,325,106,110
2022-02-21 10:47:49.918,341,106,110
2022-02-21 10:47:49.963,342,107,110
2022-02-21 10:47:50.008,338,106,110
2022-02-21 10:47:50.053,345,106,110
2022-02-21 10:47:50.098,336,106,110
2022-02-21 10:47:50.144,335,106,110
2022-02-21 10:47:50.189,320,106,110
2022-02-21 10:47:50.233,347,106,110
2022-02-21 10:47:50.278,338,107,110
2022-02-21 10:47:50.324,350,107,110
2022-02-21 10:47:50.369,343,107,110
2022-02-21 10:47:50.414,332,107,110
2022-02-21 10:47:50.459,337,107,95
2022-02-21 10:47:50.504,340,107,95
2022-02-21 10:47:50.545,340,107,95
2022-02-21 10:47:50.589,332,106,95
2022-02-21 10:47:50.634,339,105,95
2022-02-21 10:47:50.680,326,103,95
2022-02-21 10:47:50.725,335,101,95
2022-02-21 10:47:50.770,355,99,95
2022-02-21 10:47:50.815,353,97,95
2022-02-21 10:47:50.860,340,95,95
2022-02-21 10:47:50.905,338,92,95
2022-02-21 10:47:50.950,332,91,95
2022-02-21 10:47:50.995,343,89,95
2022-02-21 10:47:51.041,347,88,95
2022-02-21 10:47:51.085,345,87,95
2022-02-21 10:47:51.131,337,87,95
2022-02-21 10:47:51.176,346,86,95
2022-02-21 10:47:51.221,353,87,95
2022-02-21 10:47:51.266,359,87,95
2022-02-21 10:47:51.310,335,87,95
2022-02-21 10:47:51.356,349,88,95
2022-02-21 10:47:51.401,339,89,95
2022-02-21 10:47:51.454,346,90,95
2022-02-21 10:47:51.490,335,91,95
2022-02-21 10:47:51.535,336,91,95
2022-02-21 10:47:51.581,343,91,95
2022-02-21 10:47:51.626,335,91,95
2022-02-21 10:47:51.671,333,91,95
2022-02-21 10:47:51.716,342,90,95
2022-02-21 10:47:51.761,342,90,95
2022-02-21 10:47:51.802,334,91,95
2022-02-21 10:47:51.848,329,90,95
2022-02-21 10:47:51.892,333,90,95
2022-02-21 10:47:51.938,348,90,95
2022-02-21 10:47:51.983,345,90,95
2022-02-21 10:47:52.028,333,89,95
2022-02-21 10:47:52.073,362,90,95
2022-02-21 10:47:52.118,332,90,95
2022-02-21 10:47:52.163,333,90,95
2022-02-21 10:47:52.210,346,90,95
2022-02-21 10:47:52.252,335,90,95
2022-02-21 10:47:52.298,324,90,95
2022-02-21 10:47:52.342,349,90,95
2022-02-21 10:47:52.389,341,90,95
2022-02-21 10:47:52.453,338,90,95
2022-02-21 10:47:52.478,340,90,95
2022-02-21 10:47:52.523,346,90,95
2022-02-21 10:47:52.568,324,90,95
2022-02-21 10:47:52.613,334,90,95
2022-02-21 10:47:52.658,337,90,95
2022-02-21 10:47:52.704,339,90,95
2022-02-21 10:47:52.749,333,90,95
2022-02-21 10:47:52.793,328,90,95
2022-02-21 10:47:52.838,327,90,95
2022-02-21 10:47:52.883,324,90,95
2022-02-21 10:47:52.929,342,90,95
2022-02-21 10:47:52.973,339,91,95
2022-02-21 10:47:53.019,340,90,95
2022-02-21 10:47:53.064,341,90,95
2022-02-21 10:47:53.104,347,90,95
2022-02-21 10:47:53.149,345,90,95
2022-02-21 10:47:53.195,361,91,95
2022-02-21 10:47:53.240,343,90,95
2022-02-21 10:47:53.285,332,90,95
2022-02-21 10:47:53.336,336,90,95
2022-02-21 10:47:53.375,348,91,95
2022-02-21 10:47:53.420,334,90,95
2022-02-21 10:47:53.465,340,90,95
2022-02-21 10:47:53.510,333,90,95
2022-02-21 10:47:53.555,351,90,95
2022-02-21 10:47:53.600,315,89,95
2022-02-21 10:47:53.646,344,89,95
2022-02-21 10:47:53.691,346,90,95
2022-02-21 10:47:53.736,339,90,95
2022-02-21 10:47:53.780,336,90,95
2022-02-21 10:47:53.825,341,89,95
2022-02-21 10:47:53.870,336,90,95
2022-02-21 10:47:53.916,348,89,95
2022-02-21 10:47:53.960,332,90,95
2022-02-21 10:47:54.006,333,90,95
2022-02-21 10:47:54.050,344,90,95
2022-02-21 10:47:54.096,338,90,95
2022-02-21 10:47:54.140,347,90,95
2022-02-21 10:47:54.186,340,90,95
2022-02-21 10:47:54.231,342,91,95
2022-02-21 10:47:54.276,348,90,95
2022-02-21 10:47:54.321,333,90,95
2022-02-21 10:47:54.362,339,90,95
2022-02-21 10:47:54.407,315,91,95
2022-02-21 10:47:54.458,338,91,95
2022-02-21 10:47:54.497,308,91,95
2022-02-21 10:47:54.542,341,90,95
2022-02-21 10:47:54.588,321,91,95
2022-02-21 10:47:54.633,330,90,95
2022-02-21 10:47:54.678,337,90,95
2022-02-21 10:47:54.722,338,90,95
2022-02-21 10:47:54.768,345,90,70
2022-02-21 10:47:54.813,363,90,70
2022-02-21 10:47:54.857,345,89,70
2022-02-21 10:47:54.903,353,89,70
2022-02-21 10:47:54.948,351,86,70
2022-02-21 10:47:54.993,372,84,70
2022-02-21 10:47:55.038,349,80,70
2022-02-21 10:47:55.083,368,77,70
2022-02-21 10:47:55.128,362,73,70
2022-02-21 10:47:55.173,363,68,70
2022-02-21 10:47:55.218,375,65,70
2022-02-21 10:47:55.263,364,61,70
2022-02-21 10:47:55.308,378,59,70
2022-02-21 10:47:55.353,362,56,70
2022-02-21 10:47:55.398,353,55,70
2022-02-21 10:47:55.462,361,55,70
2022-02-21 10:47:55.489,355,55,70
2022-02-21 10:47:55.533,368,56,70
2022-02-21 10:47:55.578,360,57,70
2022-02-21 10:47:55.625,348,58,70
2022-02-21 10:47:55.665,366,60,70
2022-02-21 10:47:55.710,372,62,70
2022-02-21 10:47:55.755,357,62,70
2022-02-21 10:47:55.800,370,63,70
2022-02-21 10:47:55.845,359,63,70
2022-02-21 10:47:55.890,363,63,70
2022-02-21 10:47:55.935,368,63,70
2022-02-21 10:47:55.980,366,62,70
2022-02-21 10:47:56.025,364,62,70
2022-02-21 10:47:56.070,347,61,70
2022-02-21 10:47:56.115,353,60,70
2022-02-21 10:47:56.160,369,59,70
2022-02-21 10:47:56.217,352,58,70
2022-02-21 10:47:56.250,355,59,70
2022-02-21 10:47:56.296,368,58,70
2022-02-21 10:47:56.341,361,59,70
2022-02-21 10:47:56.385,360,59,70
2022-02-21 10:47:56.430,362,59,70
2022-02-21 10:47:56.475,368,59,70
2022-02-21 10:47:56.521,364,59,70
2022-02-21 10:47:56.565,361,60,70
2022-02-21 10:47:56.611,367,60,70
2022-02-21 10:47:56.656,352,60,70
2022-02-21 10:47:56.700,362,60,70
2022-02-21 10:47:56.746,360,60,70
2022-02-21 10:47:56.791,368,60,70
2022-02-21 10:47:56.836,361,60,70
2022-02-21 10:47:56.881,354,60,70
2022-02-21 10:47:56.921,363,60,70
2022-02-21 10:47:56.967,359,60,70
2022-02-21 10:47:57.012,361,59,70
2022-02-21 10:47:57.057,375,60,70
2022-02-21 10:47:57.102,357,59,70
2022-02-21 10:47:57.148,380,59,70
2022-02-21 10:47:57.192,363,59,70
2022-02-21 10:47:57.237,357,60,70
2022-02-21 10:47:57.283,368,60,70
2022-02-21 10:47:57.327,371,60,70
2022-02-21 10:47:57.373,373,60,70
2022-02-21 10:47:57.418,358,60,70
2022-02-21 10:47:57.463,353,60,70
2022-02-21 10:47:57.508,357,60,70
2022-02-21 10:47:57.552,365,60,70
2022-02-21 10:47:57.597,364,60,70
2022-02-21 10:47:57.642,360,59,70
2022-02-21 10:47:57.688,353,60,70
2022-02-21 10:47:57.733,355,60,70
2022-02-21 10:47:57.778,355,60,70
2022-02-21 10:47:57.823,376,60,70
2022-02-21 10:47:57.869,373,60,70
2022-02-21 10:47:57.913,360,60,70
2022-02-21 10:47:57.959,368,60,70
2022-02-21 10:47:58.003,371,60,70
2022-02-21 10:47:58.048,369,60,70
2022-02-21 10:47:58.093,359,60,70
2022-02-21 10:47:58.139,355,60,70
2022-02-21 10:47:58.184,356,60,70
2022-02-21 10:47:58.225,363,59,70
2022-02-21 10:47:58.270,376,60,70
2022-02-21 10:47:58.315,374,59,70
2022-02-21 10:47:58.359,374,60,70
2022-02-21 10:47:58.404,358,60,70
2022-02-21 10:47:58.461,356,59,70
2022-02-21 10:47:58.494,372,60,70
2022-02-21 10:47:58.539,362,60,70
2022-02-21 10:47:58.585,354,60,70
2022-02-21 10:47:58.630,369,59,70
2022-02-21 10:47:58.675,378,60,70
2022-02-21 10:47:58.720,362,60,70
2022-02-21 10:47:58.765,357,60,70
2022-02-21 10:47:58.810,369,60,70
2022-02-21 10:47:58.855,363,60,70
2022-02-21 10:47:58.901,363,60,70
2022-02-21 10:47:58.945,355,60,70
2022-02-21 10:47:58.991,356,60,70
2022-02-21 10:47:59.035,358,60,70
2022-02-21 10:47:59.080,370,60,70
2022-02-21 10:47:59.125,363,60,70
2022-02-21 10:47:59.170,359,60,70
2022-02-21 10:47:59.218,361,60,70
2022-02-21 10:47:59.261,366,60,70
2022-02-21 10:47:59.306,360,60,70
2022-02-21 10:47:59.350,356,60,70
2022-02-21 10:47:59.396,364,60,70
2022-02-21 10:47:59.460,356,60,70
2022-02-21 10:47:59.482,367,60,70
2022-02-21 10:47:59.527,365,60,70
2022-02-21 10:47:59.572,353,60,70
2022-02-21 10:47:59.617,363,60,70
2022-02-21 10:47:59.662,351,60,70
2022-02-21 10:47:59.708,360,60,70
2022-02-21 10:47:59.752,342,60,125
2022-02-21 10:47:59.798,359,60,125
2022-02-21 10:47:59.842,339,61,125
2022-02-21 10:47:59.888,334,63,125
2022-02-21 10:47:59.932,337,67,125
2022-02-21 10:47:59.977,319,73,125
2022-02-21 10:48:00.023,317,79,125
2022-02-21 10:48:00.067,317,87,125
2022-02-21 10:48:00.113,340,97,125
2022-02-21 10:48:00.158,317,106,125
2022-02-21 10:48:00.202,321,114,125
2022-02-21 10:48:00.248,344,122,125
2022-02-21 10:48:00.293,332,128,125
2022-02-21 10:48:00.347,328,134,125
2022-02-21 10:48:00.383,311,138,125
2022-02-21 10:48:00.428,342,141,125
2022-02-21 10:48:00.474,325,142,125
2022-02-21 10:48:00.518,306,141,125
2022-02-21 10:48:00.564,320,139,125
2022-02-21 10:48:00.609,346,137,125
2022-02-21 10:48:00.653,337,134,125
2022-02-21 10:48:00.698,339,130,125
2022-02-21 10:48:00.739,321,126,125
2022-02-21 10:48:00.785,317,123,125
2022-02-21 10:48:00.830,346,120,125
2022-02-21 10:48:00.874,314,117,125
2022-02-21 10:48:00.919,324,115,125
2022-02-21 10:48:00.965,319,113,125
2022-02-21 10:48:01.010,331,113,125
2022-02-21 10:48:01.055,323,113,125
2022-02-21 10:48:01.100,323,113,125
2022-02-21 10:48:01.145,325,114,125
2022-02-21 10:48:01.190,331,116,125
2022-02-21 10:48:01.235,352,117,125
2022-02-21 10:48:01.280,320,118,125
2022-02-21 10:48:01.325,319,119,125
2022-02-21 10:48:01.369,320,120,125
2022-02-21 10:48:01.415,326,121,125
2022-02-21 10:48:01.464,333,122,125
2022-02-21 10:48:01.506,323,122,125
2022-02-21 10:48:01.550,346,122,125
2022-02-21 10:48:01.725,327,122,125
2022-02-21 10:48:01.726,331,121,125
2022-02-21 10:48:01.726,294,121,125
2022-02-21 10:48:01.733,338,121,125
2022-02-21 10:48:01.776,320,121,125
2022-02-21 10:48:01.821,307,121,125
2022-02-21 10:48:01.866,327,121,125
2022-02-21 10:48:01.911,328,121,125
2022-02-21 10:48:01.956,325,121,125
2022-02-21 10:48:02.000,317,121,125
2022-02-21 10:48:02.042,334,121,125
2022-02-21 10:48:02.087,321,121,125
2022-02-21 10:48:02.132,326,121,125
2022-02-21 10:48:02.176,318,121,125
2022-02-21 10:48:02.222,314,121,125
2022-02-21 10:48:02.268,328,121,125
2022-02-21 10:48:02.312,331,121,125
2022-02-21 10:48:02.357,322,121,125
2022-02-21 10:48:02.402,315,121,125
2022-02-21 10:48:02.466,330,121,125
2022-02-21 10:48:02.492,313,121,125
2022-02-21 10:48:02.537,340,121,125
2022-02-21 10:48:02.583,315,121,125
2022-02-21 10:48:02.628,332,121,125
2022-02-21 10:48:02.673,332,120,125
2022-02-21 10:48:02.717,335,120,125
2022-02-21 10:48:02.762,332,120,125
2022-02-21 10:48:02.808,312,120,125
2022-02-21 10:48:02.852,313,120,125
2022-02-21 10:48:02.898,344,120,125
2022-02-21 10:48:02.943,336,120,125
2022-02-21 10:48:02.988,317,120,125
2022-02-21 10:48:03.033,329,120,125
2022-02-21 10:48:03.078,325,121,125
2022-02-21 10:48:03.123,312,120,125
2022-02-21 10:48:03.168,339,121,125
2022-02-21 10:48:03.222,329,121,125
2022-02-21 10:48:03.259,316,121,125
2022-02-21 10:48:03.299,328,121,125
2022-02-21 10:48:03.352,322,121,125
2022-02-21 10:48:03.390,323,121,125
2022-02-21 10:48:03.435,316,120,125
2022-02-21 10:48:03.479,322,121,125
2022-02-21 10:48:03.524,319,120,125
2022-02-21 10:48:03.569,314,120,125
2022-02-21 10:48:03.614,312,120,125
2022-02-21 10:48:03.660,318,120,125
2022-02-21 10:48:03.704,329,120,125
2022-02-21 10:48:03.750,330,120,125
2022-02-21 10:48:03.795,323,121,125
2022-02-21 10:48:03.840,330,121,125
2022-02-21 10:48:03.885,329,120,125
2022-02-21 10:48:03.930,322,120,125
2022-02-21 10:48:03.975,320,121,125
2022-02-21 10:48:04.020,324,121,125
2022-02-21 10:48:04.065,352,121,125
2022-02-21 10:48:04.110,328,120,125
2022-02-21 10:48:04.156,329,121,125
2022-02-21 10:48:04.201,323,120,125
2022-02-21 10:48:04.245,325,121,125
2022-02-21 10:48:04.290,322,120,125
2022-02-21 10:48:04.335,340,120,125
2022-02-21 10:48:04.380,317,120,125
2022-02-21 10:48:04.426,313,119,125
2022-02-21 10:48:04.471,328,120,125
2022-02-21 10:48:04.515,314,120,125
2022-02-21 10:48:04.561,325,120,125
2022-02-21 10:48:04.602,311,119,125
2022-02-21 10:48:04.647,340,120,125
2022-02-21 10:48:04.691,326,119,125
2022-02-21 10:48:04.737,320,119,125
2022-02-21 10:48:04.782,318,120,125
2022-02-21 10:48:04.827,293,120,125
2022-02-21 10:48:04.872,328,120,125
2022-02-21 10:48:04.917,326,120,125
2022-02-21 10:48:04.962,325,121,125
2022-02-21 10:48:05.007,318,121,125
2022-02-21 10:48:05.053,324,121,125
2022-02-21 10:48:05.097,325,121,125
2022-02-21 10:48:05.142,353,121,125
2022-02-21 10:48:05.187,341,121,125
2022-02-21 10:48:05.232,342,121,125
2022-02-21 10:48:05.277,321,122,125
2022-02-21 10:48:05.323,321,122,125
2022-02-21 10:48:05.367,335,122,125
2022-02-21 10:48:05.412,298,123,70
2022-02-21 10:48:05.463,319,123,70
2022-02-21 10:48:05.502,344,122,70
2022-02-21 10:48:05.548,343,120,70
2022-02-21 10:48:05.592,351,116,70
2022-02-21 10:48:05.637,358,110,70
2022-02-21 10:48:05.682,358,102,70
2022-02-21 10:48:05.728,350,94,70
2022-02-21 10:48:05.773,361,84,70
2022-02-21 10:48:05.819,352,74,70
2022-02-21 10:48:05.861,360,64,70
2022-02-21 10:48:05.905,359,56,70
2022-02-21 10:48:05.949,352,48,70
2022-02-21 10:48:05.994,362,43,70
2022-02-21 10:48:06.039,376,39,70
2022-02-21 10:48:06.084,361,38,70
2022-02-21 10:48:06.129,372,39,70
2022-02-21 10:48:06.174,363,43,70
2022-02-21 10:48:06.235,360,47,70
2022-02-21 10:48:06.265,366,51,70
2022-02-21 10:48:06.309,378,57,70
2022-02-21 10:48:06.356,362,63,70
2022-02-21 10:48:06.399,354,67,70
2022-02-21 10:48:06.445,373,70,70
2022-02-21 10:48:06.489,369,73,70
2022-02-21 10:48:06.534,368,73,70
2022-02-21 10:48:06.580,368,72,70
2022-02-21 10:48:06.625,362,71,70
2022-02-21 10:48:06.670,363,69,70
2022-02-21 10:48:06.714,358,66,70
2022-02-21 10:48:06.760,386,64,70
2022-02-21 10:48:06.805,365,61,70
2022-02-21 10:48:06.850,359,58,70
2022-02-21 10:48:06.895,366,57,70
2022-02-21 10:48:06.940,358,56,70
2022-02-21 10:48:06.986,375,56,70
2022-02-21 10:48:07.032,370,55,70
2022-02-21 10:48:07.075,375,56,70
2022-02-21 10:48:07.121,365,57,70
2022-02-21 10:48:07.161,376,57,70
2022-02-21 10:48:07.207,369,58,70
2022-02-21 10:48:07.252,369,59,70
2022-02-21 10:48:07.297,363,60,70
2022-02-21 10:48:07.342,362,61,70
2022-02-21 10:48:07.387,361,61,70
2022-02-21 10:48:07.432,369,61,70
2022-02-21 10:48:07.477,363,61,70
2022-02-21 10:48:07.522,360,61,70
2022-02-21 10:48:07.567,363,61,70
2022-02-21 10:48:07.611,364,60,70
2022-02-21 10:48:07.657,347,60,70
2022-02-21 10:48:07.702,366,59,70
2022-02-21 10:48:07.747,367,59,70
2022-02-21 10:48:07.793,369,59,70
2022-02-21 10:48:07.837,350,59,70
2022-02-21 10:48:07.884,359,59,70
2022-02-21 10:48:07.928,370,59,70
2022-02-21 10:48:07.973,370,59,70
2022-02-21 10:48:08.017,364,59,70
2022-02-21 10:48:08.062,356,59,70
2022-02-21 10:48:08.108,360,60,70
2022-02-21 10:48:08.153,372,60,70
2022-02-21 10:48:08.198,359,60,70
2022-02-21 10:48:08.243,358,60,70
2022-02-21 10:48:08.287,381,59,70
2022-02-21 10:48:08.333,362,60,70
2022-02-21 10:48:08.378,369,60,70
2022-02-21 10:48:08.419,346,60,70
2022-02-21 10:48:08.472,364,59,70
2022-02-21 10:48:08.509,361,60,70
2022-02-21 10:48:08.554,364,59,70
2022-02-21 10:48:08.599,351,59,110
2022-02-21 10:48:08.644,350,60,110
2022-02-21 10:48:08.689,350,61,110
2022-02-21 10:48:08.735,337,62,110
2022-02-21 10:48:08.779,343,65,110
2022-02-21 10:48:08.825,343,69,110
2022-02-21 10:48:08.869,339,74,110
2022-02-21 10:48:08.914,338,79,110
2022-02-21 10:48:08.959,362,85,110
2022-02-21 10:48:09.004,348,91,110
2022-02-21 10:48:09.050,331,96,110
2022-02-21 10:48:09.095,338,102,110
2022-02-21 10:48:09.140,333,106,110
2022-02-21 10:48:09.185,330,111,110
2022-02-21 10:48:09.232,355,113,110
2022-02-21 10:48:09.275,332,114,110
2022-02-21 10:48:09.320,336,114,110
2022-02-21 10:48:09.365,336,114,110
2022-02-21 10:48:09.410,339,113,110
2022-02-21 10:48:09.475,329,111,110
2022-02-21 10:48:09.501,340,108,110
2022-02-21 10:48:09.545,321,106,110
2022-02-21 10:48:09.590,326,103,110
2022-02-21 10:48:09.636,337,102,110
2022-02-21 10:48:09.681,328,100,110
2022-02-21 10:48:09.722,356,100,110
2022-02-21 10:48:09.766,323,99,110
2022-02-21 10:48:09.812,322,99,110
2022-02-21 10:48:09.857,328,99,110
2022-02-21 10:48:09.902,323,100,110
2022-02-21 10:48:09.947,331,100,110
2022-02-21 10:48:09.992,332,101,110
2022-02-21 10:48:10.037,331,103,110
2022-02-21 10:48:10.081,336,104,110
2022-02-21 10:48:10.127,334,105,110
2022-02-21 10:48:10.172,340,106,110
2022-02-21 10:48:10.229,330,106,110
2022-02-21 10:48:10.262,336,106,110
2022-02-21 10:48:10.307,329,106,110
2022-02-21 10:48:10.357,338,106,110
2022-02-21 10:48:10.398,337,106,110
2022-02-21 10:48:10.443,351,106,110
2022-02-21 10:48:10.487,330,105,110
2022-02-21 10:48:10.533,331,105,110
2022-02-21 10:48:10.578,329,105,110
2022-02-21 10:48:10.623,336,105,110
2022-02-21 10:48:10.668,331,105,110
2022-02-21 10:48:10.713,351,106,110
2022-02-21 10:48:10.758,332,105,110
2022-02-21 10:48:10.803,342,106,110
2022-02-21 10:48:10.848,329,106,110
2022-02-21 10:48:10.893,360,106,110
2022-02-21 10:48:10.938,335,107,110
2022-02-21 10:48:10.979,324,107,110
2022-02-21 10:48:11.024,332,107,110
2022-02-21 10:48:11.069,352,107,110
2022-02-21 10:48:11.114,353,107,110
2022-02-21 10:48:11.159,345,107,110
2022-02-21 10:48:11.205,365,107,110
2022-02-21 10:48:11.250,336,107,110
2022-02-21 10:48:11.295,352,107,110
2022-02-21 10:48:11.339,346,107,110
2022-02-21 10:48:11.385,318,107,110
2022-02-21 10:48:11.430,346,107,110
2022-02-21 10:48:11.477,344,107,110
2022-02-21 10:48:11.520,381,107,110
2022-02-21 10:48:11.564,335,107,110
2022-02-21 10:48:11.610,356,108,110
2022-02-21 10:48:11.655,354,109,110
2022-02-21 10:48:11.700,354,108,110
2022-02-21 10:48:11.745,353,109,110
2022-02-21 10:48:11.790,344,109,110
2022-02-21 10:48:11.835,343,110,110
2022-02-21 10:48:11.880,352,110,110
2022-02-21 10:48:11.926,339,110,110
2022-02-21 10:48:11.970,362,110,110
2022-02-21 10:48:12.015,341,110,110
2022-02-21 10:48:12.060,362,110,110
2022-02-21 10:48:12.105,367,110,110
2022-02-21 10:48:12.150,348,110,110
2022-02-21 10:48:12.196,351,110,110
2022-02-21 10:48:12.240,354,111,110
2022-02-21 10:48:12.282,341,111,110
2022-02-21 10:48:12.327,359,111,110
2022-02-21 10:48:12.372,354,111,110
2022-02-21 10:48:12.417,359,111,110
2022-02-21 10:48:12.475,365,111,110
2022-02-21 10:48:12.506,362,112,110
2022-02-21 10:48:12.552,334,112,110
2022-02-21 10:48:12.597,358,112,110
2022-02-21 10:48:12.642,336,112,110
2022-02-21 10:48:12.687,366,112,110
2022-02-21 10:48:12.731,357,112,110
2022-02-21 10:48:12.777,338,112,110
2022-02-21 10:48:12.822,369,112,110
2022-02-21 10:48:12.869,350,112,110
2022-02-21 10:48:12.912,327,112,125
2022-02-21 10:48:12.958,363,112,125
2022-02-21 10:48:13.002,352,112,125
2022-02-21 10:48:13.047,341,113,125
2022-02-21 10:48:13.093,344,114,125
2022-02-21 10:48:13.137,344,116,125
2022-02-21 10:48:13.182,358,118,125
2022-02-21 10:48:13.231,358,121,125
2022-02-21 10:48:13.273,331,123,125
2022-02-21 10:48:13.318,335,126,125
2022-02-21 10:48:13.363,342,129,125
2022-02-21 10:48:13.408,343,131,125
2022-02-21 10:48:13.452,338,133,125
2022-02-21 10:48:13.498,358,135,125
2022-02-21 10:48:13.538,364,136,125
2022-02-21 10:48:13.584,350,137,125
2022-02-21 10:48:13.629,353,137,125
2022-02-21 10:48:13.674,359,137,125
2022-02-21 10:48:13.719,365,137,125
2022-02-21 10:48:13.764,355,136,125
2022-02-21 10:48:13.809,336,135,125
2022-02-21 10:48:13.855,338,134,125
2022-02-21 10:48:13.899,350,133,125
2022-02-21 10:48:13.945,369,132,125
2022-02-21 10:48:13.989,371,131,125
2022-02-21 10:48:14.035,354,130,125
2022-02-21 10:48:14.080,355,129,125
2022-02-21 10:48:14.125,330,129,125
2022-02-21 10:48:14.170,360,129,125
2022-02-21 10:48:14.215,339,129,125
2022-02-21 10:48:14.260,351,129,125
2022-02-21 10:48:14.305,324,130,125
2022-02-21 10:48:14.349,344,130,125
2022-02-21 10:48:14.395,340,131,125
2022-02-21 10:48:14.439,336,131,125
2022-02-21 10:48:14.485,351,132,125
2022-02-21 10:48:14.530,373,133,125
2022-02-21 10:48:14.575,342,133,125
2022-02-21 10:48:14.620,358,133,125
2022-02-21 10:48:14.666,350,133,125
2022-02-21 10:48:14.710,364,133,125
2022-02-21 10:48:14.755,365,133,125
2022-02-21 10:48:14.800,348,133,125
2022-02-21 10:48:14.841,351,133,125
2022-02-21 10:48:14.887,352,133,125
2022-02-21 10:48:14.931,359,133,125
2022-02-21 10:48:14.977,360,133,125
2022-02-21 10:48:15.021,339,133,125
2022-02-21 10:48:15.067,340,133,125
2022-02-21 10:48:15.112,349,133,125
2022-02-21 10:48:15.156,348,133,125
2022-02-21 10:48:15.201,336,133,125
2022-02-21 10:48:15.246,368,133,125
2022-02-21 10:48:15.291,349,132,125
2022-02-21 10:48:15.336,355,132,125
2022-02-21 10:48:15.382,344,132,125
2022-02-21 10:48:15.427,355,131,125
2022-02-21 10:48:15.477,362,132,125
2022-02-21 10:48:15.517,352,131,125
2022-02-21 10:48:15.561,332,131,125
2022-02-21 10:48:15.606,341,131,125
2022-02-21 10:48:15.652,350,131,125
2022-02-21 10:48:15.698,348,132,125
2022-02-21 10:48:15.743,351,133,125
2022-02-21 10:48:15.787,350,133,125
2022-02-21 10:48:15.832,344,133,125
2022-02-21 10:48:15.877,352,133,125
2022-02-21 10:48:15.922,343,133,125
2022-02-21 10:48:15.967,352,133,125
2022-02-21 10:48:16.013,362,133,125
2022-02-21 10:48:16.058,343,133,125
2022-02-21 10:48:16.099,331,134,125
2022-02-21 10:48:16.144,339,134,125
2022-02-21 10:48:16.189,345,134,125
2022-02-21 10:48:16.234,350,134,125
2022-02-21 10:48:16.279,342,134,125
2022-02-21 10:48:16.324,360,135,125
2022-02-21 10:48:16.369,354,135,125
2022-02-21 10:48:16.414,363,135,125
2022-02-21 10:48:16.476,365,135,125
2022-02-21 10:48:16.504,333,135,125
2022-02-21 10:48:16.550,348,135,125
2022-02-21 10:48:16.594,350,134,125
2022-02-21 10:48:16.639,341,134,125
2022-02-21 10:48:16.684,335,134,125
2022-02-21 10:48:16.729,331,133,125
2022-02-21 10:48:16.774,353,133,125
2022-02-21 10:48:16.820,365,132,125
2022-02-21 10:48:16.865,352,132,125
2022-02-21 10:48:16.910,355,131,125
2022-02-21 10:48:16.955,339,131,125
2022-02-21 10:48:17.000,374,131,125
2022-02-21 10:48:17.044,341,131,125
2022-02-21 10:48:17.090,344,132,125
2022-02-21 10:48:17.135,336,132,125
2022-02-21 10:48:17.180,346,132,125
2022-02-21 10:48:17.235,371,133,125
2022-02-21 10:48:17.270,372,134,125
2022-02-21 10:48:17.315,361,134,125
2022-02-21 10:48:17.361,337,134,125
2022-02-21 10:48:17.401,348,134,125
2022-02-21 10:48:17.446,342,134,125
2022-02-21 10:48:17.491,357,134,125
2022-02-21 10:48:17.536,345,134,125
2022-02-21 10:48:17.581,349,134,125
2022-02-21 10:48:17.626,358,134,125
2022-02-21 10:48:17.671,346,134,125
2022-02-21 10:48:17.716,354,133,125
2022-02-21 10:48:17.762,350,133,125
2022-02-21 10:48:17.807,339,133,125
2022-02-21 10:48:17.852,334,132,125
2022-02-21 10:48:17.897,334,132,95
2022-02-21 10:48:17.942,373,132,95
2022-02-21 10:48:17.986,356,131,95
2022-02-21 10:48:18.032,371,129,95
2022-02-21 10:48:18.077,353,127,95
2022-02-21 10:48:18.122,370,123,95
2022-02-21 10:48:18.167,368,118,95
2022-02-21 10:48:18.212,362,112,95
2022-02-21 10:48:18.258,363,107,95
2022-02-21 10:48:18.303,355,100,95
2022-02-21 10:48:18.348,357,95,95
2022-02-21 10:48:18.392,356,89,95
2022-02-21 10:48:18.438,378,85,95
2022-02-21 10:48:18.483,376,82,95
2022-02-21 10:48:18.528,348,80,95
2022-02-21 10:48:18.573,364,79,95
2022-02-21 10:48:18.618,350,79,95
2022-02-21 10:48:18.658,381,81,95
2022-02-21 10:48:18.703,368,83,95
2022-02-21 10:48:18.749,357,86,95
2022-02-21 10:48:18.794,365,89,95
2022-02-21 10:48:18.839,362,93,95
2022-02-21 10:48:18.883,370,97,95
2022-02-21 10:48:18.929,365,100,95
2022-02-21 10:48:18.974,379,102,95
2022-02-21 10:48:19.019,371,103,95
2022-02-21 10:48:19.064,360,104,95
2022-02-21 10:48:19.109,372,104,95
2022-02-21 10:48:19.154,370,103,95
2022-02-21 10:48:19.199,360,102,95
2022-02-21 10:48:19.244,373,100,95
2022-02-21 10:48:19.289,360,99,95
2022-02-21 10:48:19.334,370,97,95
2022-02-21 10:48:19.379,363,96,95
2022-02-21 10:48:19.424,373,95,95
2022-02-21 10:48:19.484,364,93,95
2022-02-21 10:48:19.515,363,93,95
2022-02-21 10:48:19.559,380,93,95
2022-02-21 10:48:19.605,370,93,95
2022-02-21 10:48:19.650,351,93,95
2022-02-21 10:48:19.695,377,94,95
2022-02-21 10:48:19.740,370,95,95
2022-02-21 10:48:19.785,374,95,95
2022-02-21 10:48:19.830,349,96,95
2022-02-21 10:48:19.876,354,97,95
2022-02-21 10:48:19.920,376,98,95
2022-02-21 10:48:19.961,361,97,95
2022-02-21 10:48:20.007,369,98,95
2022-02-21 10:48:20.051,387,98,95
2022-02-21 10:48:20.096,337,98,95
2022-02-21 10:48:20.141,364,97,95
2022-02-21 10:48:20.187,356,97,95
2022-02-21 10:48:20.236,368,96,95
2022-02-21 10:48:20.276,356,97,95
2022-02-21 10:48:20.322,367,96,95
2022-02-21 10:48:20.366,370,97,95
2022-02-21 10:48:20.411,368,97,95
2022-02-21 10:48:20.456,387,97,95
2022-02-21 10:48:20.501,361,97,95
2022-02-21 10:48:20.547,365,97,95
2022-02-21 10:48:20.593,360,97,95
2022-02-21 10:48:20.637,377,97,95
2022-02-21 10:48:20.682,359,97,95
2022-02-21 10:48:20.727,362,96,95
2022-02-21 10:48:20.772,367,97,95
2022-02-21 10:48:20.817,369,97,95
2022-02-21 10:48:20.862,384,97,95
2022-02-21 10:48:20.907,356,97,95
2022-02-21 10:48:20.952,360,96,95
2022-02-21 10:48:20.997,362,97,95
2022-02-21 10:48:21.042,379,97,95
2022-02-21 10:48:21.087,370,97,95
2022-02-21 10:48:21.132,356,97,95
2022-02-21 10:48:21.178,369,97,95
2022-02-21 10:48:21.218,373,98,95
2022-02-21 10:48:21.264,370,98,95
2022-02-21 10:48:21.308,360,97,95
2022-02-21 10:48:21.354,365,97,95
2022-02-21 10:48:21.399,367,98,95
2022-02-21 10:48:21.444,369,98,95
2022-02-21 10:48:21.488,354,97,95
2022-02-21 10:48:21.534,370,97,95
2022-02-21 10:48:21.579,381,97,95
2022-02-21 10:48:21.623,362,97,95
2022-02-21 10:48:21.669,372,96,95
2022-02-21 10:48:21.714,362,96,95
2022-02-21 10:48:21.759,367,96,95
2022-02-21 10:48:21.805,357,95,95
2022-02-21 10:48:21.849,361,96,95
2022-02-21 10:48:21.894,368,96,95
2022-02-21 10:48:21.939,369,95,95
2022-02-21 10:48:21.984,356,96,95
2022-02-21 10:48:22.030,389,96,95
2022-02-21 10:48:22.074,377,97,95
2022-02-21 10:48:22.119,373,97,95
2022-02-21 10:48:22.165,365,97,95
2022-02-21 10:48:22.210,373,97,95
2022-02-21 10:48:22.255,376,97,95
2022-02-21 10:48:22.300,369,98,95
2022-02-21 10:48:22.345,365,97,95
2022-02-21 10:48:22.390,372,97,95
2022-02-21 10:48:22.435,361,97,95
2022-02-21 10:48:22.489,366,97,95
2022-02-21 10:48:22.521,363,97,95
2022-02-21 10:48:22.566,361,97,95
2022-02-21 10:48:22.610,365,97,95
2022-02-21 10:48:22.657,365,96,95
2022-02-21 10:48:22.701,368,97,95
2022-02-21 10:48:22.746,372,96,95
2022-02-21 10:48:22.791,368,96,95
2022-02-21 10:48:22.836,368,97,95
2022-02-21 10:48:22.881,356,96,95
2022-02-21 10:48:22.926,374,97,95
2022-02-21 10:48:22.972,373,97,95
2022-02-21 10:48:23.017,379,97,95
2022-02-21 10:48:23.062,348,97,95
2022-02-21 10:48:23.106,384,97,95
2022-02-21 10:48:23.152,375,98,95
2022-02-21 10:48:23.197,385,98,95
2022-02-21 10:48:23.242,351,97,95
2022-02-21 10:48:23.287,374,97,95
2022-02-21 10:48:23.332,362,98,95
2022-02-21 10:48:23.377,366,97,95
2022-02-21 10:48:23.422,363,97,95
2022-02-21 10:48:23.488,346,97,95
2022-02-21 10:48:23.513,371,97,95
