2022-01-26 15:12:55.383,70,0.00,17
2022-01-26 15:12:55.393,70,0.00,530
2022-01-26 15:12:55.405,70,0.00,517
2022-01-26 15:12:55.417,70,0.00,518
2022-01-26 15:12:55.430,70,0.00,16
2022-01-26 15:12:55.441,70,0.00,17
2022-01-26 15:12:55.454,70,0.35,17
2022-01-26 15:12:55.466,70,0.00,17
2022-01-26 15:12:55.474,70,0.35,17
2022-01-26 15:12:55.486,70,0.35,17
2022-01-26 15:12:55.499,70,0.35,478
2022-01-26 15:12:55.511,70,0.35,503
2022-01-26 15:12:55.524,70,0.35,493
2022-01-26 15:12:55.536,70,0.35,17
2022-01-26 15:12:55.548,70,0.70,16
2022-01-26 15:12:55.560,70,0.70,16
2022-01-26 15:12:55.572,70,0.70,16
2022-01-26 15:12:55.581,70,1.05,16
2022-01-26 15:12:55.593,70,1.05,17
2022-01-26 15:12:55.605,70,1.41,472
2022-01-26 15:12:55.618,70,1.41,468
2022-01-26 15:12:55.630,70,1.76,17
2022-01-26 15:12:55.642,70,1.76,17
2022-01-26 15:12:55.655,70,2.11,17
2022-01-26 15:12:55.663,70,2.46,17
2022-01-26 15:12:55.675,70,2.81,17
2022-01-26 15:12:55.687,70,3.16,17
2022-01-26 15:12:55.699,70,3.52,16
2022-01-26 15:12:55.712,70,3.87,465
2022-01-26 15:12:55.724,70,4.22,449
2022-01-26 15:12:55.736,70,4.92,17
2022-01-26 15:12:55.745,70,5.27,17
2022-01-26 15:12:55.757,70,5.63,17
2022-01-26 15:12:55.769,70,6.33,17
2022-01-26 15:12:55.782,70,6.68,16
2022-01-26 15:12:55.794,70,7.38,17
2022-01-26 15:12:55.802,70,8.09,453
2022-01-26 15:12:55.814,70,8.79,432
2022-01-26 15:12:55.830,70,9.14,17
2022-01-26 15:12:55.838,70,9.84,17
2022-01-26 15:12:55.850,70,10.55,17
2022-01-26 15:12:55.863,70,11.25,17
2022-01-26 15:12:55.876,70,11.60,17
2022-01-26 15:12:55.887,70,12.66,17
2022-01-26 15:12:55.900,70,13.36,17
2022-01-26 15:12:55.913,70,14.06,17
2022-01-26 15:12:55.924,70,15.12,17
2022-01-26 15:12:55.937,70,16.17,17
2022-01-26 15:12:55.954,70,16.87,16
2022-01-26 15:12:55.966,70,17.58,441
2022-01-26 15:12:55.978,70,18.63,16
2022-01-26 15:12:55.991,70,19.34,17
2022-01-26 15:12:56.003,70,20.04,16
2022-01-26 15:12:56.015,70,20.74,414
2022-01-26 15:12:56.028,70,21.80,16
2022-01-26 15:12:56.039,70,22.50,16
2022-01-26 15:12:56.052,70,23.20,17
2022-01-26 15:12:56.064,70,23.55,419
2022-01-26 15:12:56.081,70,24.26,16
2022-01-26 15:12:56.093,70,24.96,16
2022-01-26 15:12:56.105,70,25.31,17
2022-01-26 15:12:56.117,70,26.02,432
2022-01-26 15:12:56.130,70,26.37,17
2022-01-26 15:12:56.142,70,27.07,16
2022-01-26 15:12:56.154,70,27.42,17
2022-01-26 15:12:56.167,70,27.77,417
2022-01-26 15:12:56.183,70,28.12,17
2022-01-26 15:12:56.195,70,28.12,17
2022-01-26 15:12:56.207,70,28.48,17
2022-01-26 15:12:56.220,70,28.48,418
2022-01-26 15:12:56.232,70,28.83,17
2022-01-26 15:12:56.245,70,28.83,17
2022-01-26 15:12:56.257,70,28.83,17
2022-01-26 15:12:56.269,70,28.48,16
2022-01-26 15:12:56.281,70,28.48,409
2022-01-26 15:12:56.298,70,28.48,16
2022-01-26 15:12:56.310,70,28.48,17
2022-01-26 15:12:56.323,70,28.12,16
2022-01-26 15:12:56.334,70,27.77,417
2022-01-26 15:12:56.346,70,27.77,16
2022-01-26 15:12:56.359,70,27.42,17
2022-01-26 15:12:56.371,70,27.07,17
2022-01-26 15:12:56.383,70,26.72,424
2022-01-26 15:12:56.400,70,26.37,16
2022-01-26 15:12:56.412,70,26.02,17
2022-01-26 15:12:56.424,70,25.66,17
2022-01-26 15:12:56.437,70,25.31,405
2022-01-26 15:12:56.449,70,24.96,16
2022-01-26 15:12:56.461,70,24.61,17
2022-01-26 15:12:56.474,70,24.26,17
2022-01-26 15:12:56.486,70,23.91,410
2022-01-26 15:12:56.498,70,23.55,17
2022-01-26 15:12:56.510,70,23.20,17
2022-01-26 15:12:56.527,70,23.20,16
2022-01-26 15:12:56.539,70,22.50,409
2022-01-26 15:12:56.552,70,22.50,17
2022-01-26 15:12:56.564,70,22.15,17
2022-01-26 15:12:56.577,70,21.80,17
2022-01-26 15:12:56.590,70,21.80,16
2022-01-26 15:12:56.601,70,21.45,407
2022-01-26 15:12:56.613,70,21.09,17
2022-01-26 15:12:56.625,70,21.09,17
2022-01-26 15:12:56.638,70,21.09,16
2022-01-26 15:12:56.654,70,20.74,402
2022-01-26 15:12:56.666,70,20.74,17
2022-01-26 15:12:56.679,70,20.74,16
2022-01-26 15:12:56.691,70,20.74,17
2022-01-26 15:12:56.703,70,20.74,419
2022-01-26 15:12:56.715,70,20.74,17
2022-01-26 15:12:56.728,70,20.74,17
2022-01-26 15:12:56.740,70,20.74,17
2022-01-26 15:12:56.752,70,20.74,419
2022-01-26 15:12:56.769,70,21.09,17
2022-01-26 15:12:56.781,70,21.09,17
2022-01-26 15:12:56.793,70,21.09,16
2022-01-26 15:12:56.805,70,21.45,421
2022-01-26 15:12:56.818,70,21.45,16
2022-01-26 15:12:56.830,70,21.80,16
2022-01-26 15:12:56.842,70,21.80,17
2022-01-26 15:12:56.854,70,22.15,429
2022-01-26 15:12:56.871,70,22.50,17
2022-01-26 15:12:56.883,70,22.85,17
2022-01-26 15:12:56.896,70,22.85,17
2022-01-26 15:12:56.908,70,23.20,16
2022-01-26 15:12:56.920,70,23.55,404
2022-01-26 15:12:56.933,70,23.55,17
2022-01-26 15:12:56.945,70,23.91,17
2022-01-26 15:12:56.957,70,23.91,16
2022-01-26 15:12:56.969,70,24.26,392
2022-01-26 15:12:56.986,70,24.61,16
2022-01-26 15:12:56.998,70,24.96,16
2022-01-26 15:12:57.010,70,25.31,17
2022-01-26 15:12:57.023,70,25.31,419
2022-01-26 15:12:57.035,70,25.66,16
2022-01-26 15:12:57.047,70,26.02,16
2022-01-26 15:12:57.060,70,26.02,17
2022-01-26 15:12:57.072,70,26.02,414
2022-01-26 15:12:57.084,70,26.37,17
2022-01-26 15:12:57.100,70,26.37,17
2022-01-26 15:12:57.113,70,26.72,17
2022-01-26 15:12:57.125,70,26.72,419
2022-01-26 15:12:57.138,70,26.72,17
2022-01-26 15:12:57.150,70,27.07,17
2022-01-26 15:12:57.162,70,27.07,16
2022-01-26 15:12:57.174,70,26.72,420
2022-01-26 15:12:57.186,70,27.07,17
2022-01-26 15:12:57.199,70,27.07,17
2022-01-26 15:12:57.211,70,26.72,17
2022-01-26 15:12:57.227,70,27.07,16
2022-01-26 15:12:57.239,70,26.72,403
2022-01-26 15:12:57.252,70,26.72,17
2022-01-26 15:12:57.264,70,26.72,16
2022-01-26 15:12:57.277,70,26.72,16
2022-01-26 15:12:57.289,70,26.72,431
2022-01-26 15:12:57.301,70,26.37,17
2022-01-26 15:12:57.314,70,26.02,16
2022-01-26 15:12:57.326,70,26.02,16
2022-01-26 15:12:57.337,70,26.02,422
2022-01-26 15:12:57.354,70,26.02,17
2022-01-26 15:12:57.366,70,26.02,17
2022-01-26 15:12:57.378,70,25.66,17
2022-01-26 15:12:57.391,70,25.66,425
2022-01-26 15:12:57.403,70,25.31,16
2022-01-26 15:12:57.415,70,25.31,17
2022-01-26 15:12:57.427,70,24.96,17
2022-01-26 15:12:57.440,70,24.96,407
2022-01-26 15:12:57.456,70,24.61,16
2022-01-26 15:12:57.469,70,24.61,17
2022-01-26 15:12:57.481,70,24.61,17
2022-01-26 15:12:57.493,70,24.26,400
2022-01-26 15:12:57.506,70,24.26,17
2022-01-26 15:12:57.518,70,23.91,17
2022-01-26 15:12:57.530,70,23.91,17
2022-01-26 15:12:57.542,70,23.91,16
2022-01-26 15:12:57.555,70,23.55,406
2022-01-26 15:12:57.571,70,23.55,17
2022-01-26 15:12:57.584,70,23.55,17
2022-01-26 15:12:57.596,70,23.20,16
2022-01-26 15:12:57.608,70,23.55,430
2022-01-26 15:12:57.621,70,23.20,16
2022-01-26 15:12:57.633,70,23.20,17
2022-01-26 15:12:57.645,70,23.20,16
2022-01-26 15:12:57.657,70,23.20,416
2022-01-26 15:12:57.674,70,23.20,16
2022-01-26 15:12:57.686,70,23.20,16
2022-01-26 15:12:57.698,70,23.20,17
2022-01-26 15:12:57.710,70,23.20,424
2022-01-26 15:12:57.722,70,23.20,17
2022-01-26 15:12:57.734,70,23.20,16
2022-01-26 15:12:57.747,70,23.20,17
2022-01-26 15:12:57.759,70,23.20,425
2022-01-26 15:12:57.772,70,23.20,17
2022-01-26 15:12:57.784,70,23.55,17
2022-01-26 15:12:57.800,70,23.55,17
2022-01-26 15:12:57.812,70,23.55,418
2022-01-26 15:12:57.825,70,23.55,17
2022-01-26 15:12:57.837,70,23.55,17
2022-01-26 15:12:57.849,70,23.91,17
2022-01-26 15:12:57.862,70,23.91,16
2022-01-26 15:12:57.874,70,23.91,413
2022-01-26 15:12:57.886,70,23.91,17
2022-01-26 15:12:57.899,70,23.91,17
2022-01-26 15:12:57.911,70,24.26,16
2022-01-26 15:12:57.927,70,24.26,403
2022-01-26 15:12:57.940,70,24.26,16
2022-01-26 15:12:57.952,70,24.61,16
2022-01-26 15:12:57.964,70,24.61,17
2022-01-26 15:12:57.977,70,24.61,415
2022-01-26 15:12:57.989,70,24.61,16
2022-01-26 15:12:58.002,70,24.61,17
2022-01-26 15:12:58.014,70,24.96,17
2022-01-26 15:12:58.026,70,24.96,419
2022-01-26 15:12:58.043,70,24.96,16
2022-01-26 15:12:58.055,70,24.96,17
2022-01-26 15:12:58.067,70,24.96,16
2022-01-26 15:12:58.080,70,24.96,422
2022-01-26 15:12:58.092,70,25.31,17
2022-01-26 15:12:58.104,70,24.96,17
2022-01-26 15:12:58.115,70,25.31,17
2022-01-26 15:12:58.128,70,25.31,412
2022-01-26 15:12:58.144,70,25.31,17
2022-01-26 15:12:58.156,70,25.31,16
2022-01-26 15:12:58.169,70,25.31,17
2022-01-26 15:12:58.181,70,25.31,16
2022-01-26 15:12:58.193,70,25.31,390
2022-01-26 15:12:58.206,70,25.31,17
2022-01-26 15:12:58.218,70,24.96,16
2022-01-26 15:12:58.230,70,25.31,16
2022-01-26 15:12:58.243,70,24.96,426
2022-01-26 15:12:58.259,70,24.96,17
2022-01-26 15:12:58.271,70,24.96,17
2022-01-26 15:12:58.284,70,24.96,17
2022-01-26 15:12:58.296,70,24.96,416
2022-01-26 15:12:58.308,70,24.96,16
2022-01-26 15:12:58.321,70,24.96,16
2022-01-26 15:12:58.333,70,24.96,17
2022-01-26 15:12:58.345,70,24.96,443
2022-01-26 15:12:58.358,70,24.61,17
2022-01-26 15:12:58.374,70,24.61,17
2022-01-26 15:12:58.386,70,24.61,17
2022-01-26 15:12:58.399,70,24.61,407
2022-01-26 15:12:58.411,70,24.61,16
2022-01-26 15:12:58.423,70,24.61,17
2022-01-26 15:12:58.436,70,24.61,17
2022-01-26 15:12:58.448,70,24.26,415
2022-01-26 15:12:58.459,70,24.26,16
2022-01-26 15:12:58.472,70,24.26,17
2022-01-26 15:12:58.485,70,24.26,17
2022-01-26 15:12:58.501,70,24.26,16
2022-01-26 15:12:58.514,70,24.26,432
2022-01-26 15:12:58.526,70,23.91,17
2022-01-26 15:12:58.538,70,24.26,17
2022-01-26 15:12:58.550,70,24.26,16
2022-01-26 15:12:58.563,70,23.91,413
2022-01-26 15:12:58.575,70,23.91,16
2022-01-26 15:12:58.587,70,23.91,17
2022-01-26 15:12:58.599,70,23.91,16
2022-01-26 15:12:58.611,70,23.91,429
2022-01-26 15:12:58.628,70,23.91,17
2022-01-26 15:12:58.641,70,23.91,17
2022-01-26 15:12:58.653,70,23.91,16
2022-01-26 15:12:58.665,70,23.91,417
2022-01-26 15:12:58.677,70,23.91,17
2022-01-26 15:12:58.689,70,23.91,16
2022-01-26 15:12:58.702,70,23.91,17
2022-01-26 15:12:58.714,70,23.91,402
2022-01-26 15:12:58.731,70,23.91,17
2022-01-26 15:12:58.743,70,23.91,17
2022-01-26 15:12:58.758,70,23.91,17
2022-01-26 15:12:58.767,70,24.26,419
2022-01-26 15:12:58.780,70,23.91,17
2022-01-26 15:12:58.792,70,24.26,17
2022-01-26 15:12:58.804,70,23.91,17
2022-01-26 15:12:58.817,70,24.26,16
2022-01-26 15:12:58.829,70,24.26,403
2022-01-26 15:12:58.845,70,24.26,17
2022-01-26 15:12:58.857,70,24.26,16
2022-01-26 15:12:58.870,70,24.26,16
2022-01-26 15:12:58.882,70,24.26,409
2022-01-26 15:12:58.894,70,24.26,17
2022-01-26 15:12:58.907,70,24.26,17
2022-01-26 15:12:58.918,70,24.26,17
2022-01-26 15:12:58.931,70,24.26,395
2022-01-26 15:12:58.948,70,24.26,17
2022-01-26 15:12:58.960,70,24.26,17
2022-01-26 15:12:58.972,70,24.26,17
2022-01-26 15:12:58.985,70,24.26,408
2022-01-26 15:12:58.997,70,24.26,17
2022-01-26 15:12:59.009,70,24.26,17
2022-01-26 15:12:59.022,70,24.26,17
2022-01-26 15:12:59.034,70,24.26,400
2022-01-26 15:12:59.046,70,24.26,16
2022-01-26 15:12:59.059,70,24.26,17
2022-01-26 15:12:59.075,70,24.61,17
2022-01-26 15:12:59.087,70,24.26,422
2022-01-26 15:12:59.099,70,24.61,17
2022-01-26 15:12:59.112,70,24.26,17
2022-01-26 15:12:59.124,70,24.26,17
2022-01-26 15:12:59.136,70,24.26,16
2022-01-26 15:12:59.148,70,24.26,401
2022-01-26 15:12:59.160,70,24.61,16
2022-01-26 15:12:59.173,70,24.26,17
2022-01-26 15:12:59.185,70,24.26,16
2022-01-26 15:12:59.202,70,24.26,411
2022-01-26 15:12:59.214,70,24.61,16
2022-01-26 15:12:59.226,70,24.26,16
2022-01-26 15:12:59.238,70,24.61,16
2022-01-26 15:12:59.251,70,24.26,399
2022-01-26 15:12:59.263,70,24.26,17
2022-01-26 15:12:59.276,70,24.26,17
2022-01-26 15:12:59.288,70,24.26,17
2022-01-26 15:12:59.300,70,24.26,406
2022-01-26 15:12:59.316,70,24.26,17
2022-01-26 15:12:59.329,70,24.26,17
2022-01-26 15:12:59.341,70,24.26,17
2022-01-26 15:12:59.353,70,24.26,432
2022-01-26 15:12:59.365,70,24.26,17
2022-01-26 15:12:59.378,70,24.26,17
2022-01-26 15:12:59.390,70,24.26,17
2022-01-26 15:12:59.402,70,24.26,416
2022-01-26 15:12:59.419,70,24.26,17
2022-01-26 15:12:59.431,70,24.61,17
2022-01-26 15:12:59.443,70,24.61,17
2022-01-26 15:12:59.456,70,24.61,16
2022-01-26 15:12:59.468,70,24.26,415
2022-01-26 15:12:59.480,70,24.26,16
2022-01-26 15:12:59.493,70,24.26,16
2022-01-26 15:12:59.504,70,24.26,16
2022-01-26 15:12:59.516,70,24.26,407
2022-01-26 15:12:59.533,70,24.26,16
2022-01-26 15:12:59.546,70,24.61,17
2022-01-26 15:12:59.558,70,24.26,17
2022-01-26 15:12:59.570,70,24.26,398
2022-01-26 15:12:59.582,70,24.61,16
2022-01-26 15:12:59.595,70,24.26,17
2022-01-26 15:12:59.607,70,24.26,17
2022-01-26 15:12:59.619,70,24.26,413
2022-01-26 15:12:59.632,70,24.26,17
2022-01-26 15:12:59.648,70,24.26,17
2022-01-26 15:12:59.660,70,24.61,17
2022-01-26 15:12:59.672,70,24.26,441
2022-01-26 15:12:59.685,70,24.26,17
2022-01-26 15:12:59.697,70,24.26,17
2022-01-26 15:12:59.709,70,24.26,17
2022-01-26 15:12:59.722,70,24.61,414
2022-01-26 15:12:59.734,70,24.26,17
2022-01-26 15:12:59.746,70,24.26,16
2022-01-26 15:12:59.758,70,24.26,17
2022-01-26 15:12:59.775,70,24.26,16
2022-01-26 15:12:59.788,70,24.26,416
2022-01-26 15:12:59.800,70,24.61,16
2022-01-26 15:12:59.812,70,24.26,17
2022-01-26 15:12:59.824,70,24.61,16
2022-01-26 15:12:59.836,70,24.26,411
2022-01-26 15:12:59.849,70,24.26,17
2022-01-26 15:12:59.861,70,24.26,17
2022-01-26 15:12:59.873,70,24.26,17
2022-01-26 15:12:59.885,70,24.26,434
2022-01-26 15:12:59.901,70,24.26,17
2022-01-26 15:12:59.914,70,24.26,16
2022-01-26 15:12:59.926,70,24.26,17
2022-01-26 15:12:59.938,70,24.26,420
2022-01-26 15:12:59.951,70,24.26,17
2022-01-26 15:12:59.963,70,24.26,17
2022-01-26 15:12:59.975,70,24.26,17
2022-01-26 15:12:59.988,70,24.26,403
2022-01-26 15:13:00.004,70,24.26,17
2022-01-26 15:13:00.016,70,24.26,17
2022-01-26 15:13:00.028,70,24.26,16
2022-01-26 15:13:00.041,70,24.26,406
2022-01-26 15:13:00.053,70,24.26,17
2022-01-26 15:13:00.065,70,24.26,17
2022-01-26 15:13:00.078,70,24.26,17
2022-01-26 15:13:00.090,70,24.26,16
2022-01-26 15:13:00.102,70,24.26,429
2022-01-26 15:13:00.119,70,24.26,17
2022-01-26 15:13:00.131,70,24.26,17
2022-01-26 15:13:00.144,70,24.26,16
2022-01-26 15:13:00.155,70,24.26,407
2022-01-26 15:13:00.168,70,24.26,16
2022-01-26 15:13:00.180,70,24.26,17
2022-01-26 15:13:00.193,70,24.26,17
2022-01-26 15:13:00.204,70,24.26,422
2022-01-26 15:13:00.221,70,24.26,16
2022-01-26 15:13:00.234,70,24.26,16
2022-01-26 15:13:00.246,70,24.26,17
2022-01-26 15:13:00.258,70,24.26,418
2022-01-26 15:13:00.270,70,24.26,17
2022-01-26 15:13:00.283,70,24.26,17
2022-01-26 15:13:00.295,70,24.26,17
2022-01-26 15:13:00.308,70,24.26,426
2022-01-26 15:13:00.319,70,24.26,16
2022-01-26 15:13:00.332,70,24.26,17
2022-01-26 15:13:00.348,70,24.26,17
2022-01-26 15:13:00.360,70,24.26,408
2022-01-26 15:13:00.372,70,24.26,17
2022-01-26 15:13:00.385,70,24.26,17
2022-01-26 15:13:00.398,70,24.26,17
2022-01-26 15:13:00.410,70,24.26,16
2022-01-26 15:13:00.422,70,24.26,413
2022-01-26 15:13:00.434,70,24.26,17
2022-01-26 15:13:00.447,70,24.26,17
2022-01-26 15:13:00.459,70,24.26,16
2022-01-26 15:13:00.475,70,24.26,412
2022-01-26 15:13:00.488,70,24.26,17
2022-01-26 15:13:00.500,70,24.26,16
2022-01-26 15:13:00.512,70,24.26,17
2022-01-26 15:13:00.525,70,24.26,409
2022-01-26 15:13:00.537,70,24.26,17
2022-01-26 15:13:00.549,70,24.61,17
2022-01-26 15:13:00.561,70,24.26,16
2022-01-26 15:13:00.574,70,24.26,393
2022-01-26 15:13:00.590,70,24.26,17
2022-01-26 15:13:00.602,70,24.26,17
2022-01-26 15:13:00.615,70,24.26,17
2022-01-26 15:13:00.627,70,24.26,405
2022-01-26 15:13:00.639,70,24.26,17
2022-01-26 15:13:00.651,70,24.26,17
2022-01-26 15:13:00.663,70,24.26,16
2022-01-26 15:13:00.676,70,24.26,416
2022-01-26 15:13:00.692,70,24.61,17
2022-01-26 15:13:00.704,70,24.26,16
2022-01-26 15:13:00.718,70,24.26,17
2022-01-26 15:13:00.729,70,24.61,16
2022-01-26 15:13:00.741,70,24.61,408
2022-01-26 15:13:00.754,70,24.26,16
2022-01-26 15:13:00.766,70,24.26,17
2022-01-26 15:13:00.779,70,24.26,16
2022-01-26 15:13:00.790,70,24.26,394
2022-01-26 15:13:00.807,70,24.61,16
2022-01-26 15:13:00.819,70,24.26,17
2022-01-26 15:13:00.832,70,24.61,16
2022-01-26 15:13:00.844,70,24.26,415
2022-01-26 15:13:00.856,70,24.61,17
2022-01-26 15:13:00.869,70,24.26,17
2022-01-26 15:13:00.881,70,24.26,17
2022-01-26 15:13:00.893,70,24.26,416
2022-01-26 15:13:00.905,70,24.26,16
2022-01-26 15:13:00.922,70,24.26,16
2022-01-26 15:13:00.934,70,24.26,16
2022-01-26 15:13:00.946,70,24.26,420
2022-01-26 15:13:00.959,70,24.26,17
2022-01-26 15:13:00.971,70,24.26,16
2022-01-26 15:13:00.983,70,24.26,16
2022-01-26 15:13:00.995,70,24.26,422
2022-01-26 15:13:01.008,70,24.26,17
2022-01-26 15:13:01.020,70,24.26,17
2022-01-26 15:13:01.032,70,24.26,17
2022-01-26 15:13:01.048,70,24.26,16
2022-01-26 15:13:01.061,70,24.26,410
2022-01-26 15:13:01.073,70,24.26,16
2022-01-26 15:13:01.086,70,24.26,17
2022-01-26 15:13:01.098,70,24.26,16
2022-01-26 15:13:01.110,70,24.26,418
2022-01-26 15:13:01.122,70,24.26,17
2022-01-26 15:13:01.135,70,24.26,17
2022-01-26 15:13:01.147,70,24.26,17
2022-01-26 15:13:01.159,70,24.26,438
2022-01-26 15:13:01.176,70,24.26,16
2022-01-26 15:13:01.188,70,24.26,16
2022-01-26 15:13:01.200,70,24.26,17
2022-01-26 15:13:01.212,70,24.26,416
2022-01-26 15:13:01.225,70,24.26,17
2022-01-26 15:13:01.237,70,24.26,17
2022-01-26 15:13:01.249,70,24.61,16
2022-01-26 15:13:01.262,70,24.26,408
2022-01-26 15:13:01.278,70,24.61,16
2022-01-26 15:13:01.290,70,24.26,17
2022-01-26 15:13:01.303,70,24.26,17
2022-01-26 15:13:01.315,70,24.61,404
2022-01-26 15:13:01.327,70,24.26,17
2022-01-26 15:13:01.339,70,24.26,17
2022-01-26 15:13:01.351,70,24.61,17
2022-01-26 15:13:01.363,70,24.61,16
2022-01-26 15:13:01.376,70,24.26,404
2022-01-26 15:13:01.392,70,24.61,17
2022-01-26 15:13:01.404,70,24.26,17
2022-01-26 15:13:01.417,70,24.61,16
2022-01-26 15:13:01.429,70,24.26,436
2022-01-26 15:13:01.441,70,24.61,16
2022-01-26 15:13:01.454,70,24.61,16
2022-01-26 15:13:01.466,70,24.61,17
2022-01-26 15:13:01.478,70,24.61,405
2022-01-26 15:13:01.495,70,24.61,17
2022-01-26 15:13:01.507,70,24.26,16
2022-01-26 15:13:01.519,70,24.61,17
2022-01-26 15:13:01.532,70,24.61,412
2022-01-26 15:13:01.544,70,24.26,16
2022-01-26 15:13:01.556,70,24.61,17
2022-01-26 15:13:01.569,70,24.26,17
2022-01-26 15:13:01.581,70,24.61,414
2022-01-26 15:13:01.593,70,24.61,17
2022-01-26 15:13:01.606,70,24.61,17
2022-01-26 15:13:01.622,70,24.61,17
2022-01-26 15:13:01.634,70,24.61,389
2022-01-26 15:13:01.647,70,24.61,17
2022-01-26 15:13:01.659,70,24.61,17
2022-01-26 15:13:01.671,70,24.61,17
2022-01-26 15:13:01.684,70,24.26,16
2022-01-26 15:13:01.696,70,24.61,416
2022-01-26 15:13:01.707,70,24.26,17
2022-01-26 15:13:01.720,70,24.61,17
2022-01-26 15:13:01.732,70,24.61,16
2022-01-26 15:13:01.748,70,24.61,422
2022-01-26 15:13:01.761,70,24.61,16
2022-01-26 15:13:01.773,70,24.61,17
2022-01-26 15:13:01.785,70,24.61,17
2022-01-26 15:13:01.798,70,24.61,423
2022-01-26 15:13:01.810,70,24.61,17
2022-01-26 15:13:01.822,70,24.26,16
2022-01-26 15:13:01.835,70,24.61,17
2022-01-26 15:13:01.847,70,24.26,411
2022-01-26 15:13:01.863,70,24.61,17
2022-01-26 15:13:01.876,70,24.61,17
2022-01-26 15:13:01.888,70,24.61,17
2022-01-26 15:13:01.900,70,24.61,420
2022-01-26 15:13:01.913,70,24.61,17
2022-01-26 15:13:01.925,70,24.26,17
2022-01-26 15:13:01.937,70,24.61,16
2022-01-26 15:13:01.950,70,24.61,395
2022-01-26 15:13:01.966,70,24.26,16
2022-01-26 15:13:01.978,70,24.61,16
2022-01-26 15:13:01.991,70,24.26,17
2022-01-26 15:13:02.003,70,24.61,16
2022-01-26 15:13:02.015,70,24.26,399
2022-01-26 15:13:02.028,70,24.61,17
2022-01-26 15:13:02.040,70,24.61,16
2022-01-26 15:13:02.052,70,24.26,16
2022-01-26 15:13:02.064,70,24.26,413
2022-01-26 15:13:02.081,70,24.26,16
2022-01-26 15:13:02.093,70,24.26,16
2022-01-26 15:13:02.105,70,24.26,17
2022-01-26 15:13:02.117,70,24.61,411
2022-01-26 15:13:02.130,70,24.26,16
2022-01-26 15:13:02.142,70,24.61,17
2022-01-26 15:13:02.154,70,24.26,16
2022-01-26 15:13:02.167,70,24.26,395
2022-01-26 15:13:02.179,70,24.61,17
2022-01-26 15:13:02.195,70,24.26,16
2022-01-26 15:13:02.208,70,24.26,17
2022-01-26 15:13:02.220,70,24.26,425
2022-01-26 15:13:02.232,70,24.26,17
2022-01-26 15:13:02.245,70,24.26,17
2022-01-26 15:13:02.257,70,24.61,17
2022-01-26 15:13:02.270,70,24.26,402
2022-01-26 15:13:02.282,70,24.61,17
2022-01-26 15:13:02.294,70,24.26,17
2022-01-26 15:13:02.306,70,24.61,16
2022-01-26 15:13:02.322,70,24.61,16
2022-01-26 15:13:02.334,70,24.26,429
2022-01-26 15:13:02.346,70,24.61,17
2022-01-26 15:13:02.359,70,24.61,17
2022-01-26 15:13:02.371,70,24.26,16
2022-01-26 15:13:02.383,70,24.61,409
2022-01-26 15:13:02.396,70,24.61,17
2022-01-26 15:13:02.408,70,24.26,17
2022-01-26 15:13:02.420,70,24.61,16
2022-01-26 15:13:02.433,70,24.26,399
2022-01-26 15:13:02.449,70,24.61,17
2022-01-26 15:13:02.461,70,24.61,16
2022-01-26 15:13:02.474,70,24.61,16
2022-01-26 15:13:02.486,70,24.61,414
2022-01-26 15:13:02.498,70,24.61,17
2022-01-26 15:13:02.511,70,24.61,17
2022-01-26 15:13:02.523,70,24.61,17
2022-01-26 15:13:02.535,70,24.61,414
2022-01-26 15:13:02.552,70,24.26,16
2022-01-26 15:13:02.564,70,24.61,17
2022-01-26 15:13:02.576,70,24.61,17
2022-01-26 15:13:02.588,70,24.61,416
2022-01-26 15:13:02.600,70,24.61,17
2022-01-26 15:13:02.613,70,24.61,17
2022-01-26 15:13:02.626,70,24.61,17
2022-01-26 15:13:02.638,70,24.61,16
2022-01-26 15:13:02.650,70,24.61,404
2022-01-26 15:13:02.666,70,24.61,16
2022-01-26 15:13:02.679,70,24.61,17
2022-01-26 15:13:02.691,70,24.61,16
2022-01-26 15:13:02.704,70,24.61,412
2022-01-26 15:13:02.715,70,24.26,17
2022-01-26 15:13:02.728,70,24.61,17
2022-01-26 15:13:02.740,70,24.61,17
2022-01-26 15:13:02.753,70,24.61,414
2022-01-26 15:13:02.769,70,24.61,17
2022-01-26 15:13:02.781,70,24.61,17
2022-01-26 15:13:02.794,70,24.61,17
2022-01-26 15:13:02.806,70,24.61,413
2022-01-26 15:13:02.818,70,24.61,17
2022-01-26 15:13:02.830,70,24.61,17
2022-01-26 15:13:02.843,70,24.61,16
2022-01-26 15:13:02.855,70,24.26,411
2022-01-26 15:13:02.867,70,24.61,17
2022-01-26 15:13:02.883,70,24.61,17
2022-01-26 15:13:02.895,70,24.61,17
2022-01-26 15:13:02.908,70,24.61,408
2022-01-26 15:13:02.921,70,24.61,17
2022-01-26 15:13:02.933,70,24.61,16
2022-01-26 15:13:02.945,70,24.61,17
2022-01-26 15:13:02.958,70,24.61,16
2022-01-26 15:13:02.970,90,24.61,418
2022-01-26 15:13:02.982,90,24.61,16
2022-01-26 15:13:02.994,90,24.26,17
2022-01-26 15:13:03.006,90,24.61,402
2022-01-26 15:13:03.023,90,24.26,17
2022-01-26 15:13:03.035,90,24.61,17
2022-01-26 15:13:03.048,90,24.61,17
2022-01-26 15:13:03.060,90,24.61,16
2022-01-26 15:13:03.072,90,24.96,400
2022-01-26 15:13:03.084,90,24.96,17
2022-01-26 15:13:03.097,90,24.96,17
2022-01-26 15:13:03.109,90,24.96,16
2022-01-26 15:13:03.121,90,25.31,406
2022-01-26 15:13:03.138,90,25.31,16
2022-01-26 15:13:03.150,90,25.66,17
2022-01-26 15:13:03.163,90,26.02,17
2022-01-26 15:13:03.174,90,26.02,425
2022-01-26 15:13:03.187,90,26.37,17
2022-01-26 15:13:03.199,90,26.72,17
2022-01-26 15:13:03.211,90,26.72,16
2022-01-26 15:13:03.224,90,27.07,414
2022-01-26 15:13:03.240,90,27.77,16
2022-01-26 15:13:03.252,90,28.12,17
2022-01-26 15:13:03.265,90,28.48,17
2022-01-26 15:13:03.277,90,28.48,418
2022-01-26 15:13:03.289,90,29.18,17
2022-01-26 15:13:03.302,90,29.53,16
2022-01-26 15:13:03.314,90,29.88,16
2022-01-26 15:13:03.326,90,30.23,400
2022-01-26 15:13:03.342,90,30.94,16
2022-01-26 15:13:03.355,90,31.29,17
2022-01-26 15:13:03.367,90,31.64,16
2022-01-26 15:13:03.378,90,31.99,16
2022-01-26 15:13:03.391,90,32.34,415
2022-01-26 15:13:03.404,90,32.70,16
2022-01-26 15:13:03.416,90,33.40,17
2022-01-26 15:13:03.428,90,33.75,16
2022-01-26 15:13:03.441,90,34.10,404
2022-01-26 15:13:03.457,90,34.10,17
2022-01-26 15:13:03.470,90,34.80,17
2022-01-26 15:13:03.482,90,34.80,16
2022-01-26 15:13:03.494,90,35.16,388
2022-01-26 15:13:03.506,90,35.51,17
2022-01-26 15:13:03.518,90,35.86,17
2022-01-26 15:13:03.531,90,35.86,17
2022-01-26 15:13:03.543,90,36.21,392
2022-01-26 15:13:03.555,90,36.56,17
2022-01-26 15:13:03.567,90,36.91,16
2022-01-26 15:13:03.584,90,36.91,17
2022-01-26 15:13:03.596,90,36.91,409
2022-01-26 15:13:03.608,90,37.27,16
2022-01-26 15:13:03.620,90,37.27,17
2022-01-26 15:13:03.633,90,37.27,17
2022-01-26 15:13:03.646,90,37.27,404
2022-01-26 15:13:03.657,90,37.62,17
2022-01-26 15:13:03.670,90,37.62,17
2022-01-26 15:13:03.682,90,37.62,17
2022-01-26 15:13:03.694,90,37.62,16
2022-01-26 15:13:03.711,90,37.62,420
2022-01-26 15:13:03.723,90,37.27,16
2022-01-26 15:13:03.736,90,37.27,17
2022-01-26 15:13:03.749,90,37.27,16
2022-01-26 15:13:03.760,90,36.91,398
2022-01-26 15:13:03.773,90,36.91,17
2022-01-26 15:13:03.785,90,36.91,17
2022-01-26 15:13:03.797,90,36.56,17
2022-01-26 15:13:03.809,90,36.21,411
2022-01-26 15:13:03.826,90,36.21,16
2022-01-26 15:13:03.838,90,35.86,17
2022-01-26 15:13:03.850,90,35.86,16
2022-01-26 15:13:03.863,90,35.86,378
2022-01-26 15:13:03.874,90,35.51,16
2022-01-26 15:13:03.887,90,35.16,17
2022-01-26 15:13:03.900,90,35.16,17
2022-01-26 15:13:03.912,90,34.80,406
2022-01-26 15:13:03.928,90,34.45,16
2022-01-26 15:13:03.940,90,34.45,16
2022-01-26 15:13:03.953,90,34.10,16
2022-01-26 15:13:03.965,90,33.75,397
2022-01-26 15:13:03.977,90,33.75,16
2022-01-26 15:13:03.990,90,33.40,17
2022-01-26 15:13:04.002,90,33.40,17
2022-01-26 15:13:04.014,90,33.05,16
2022-01-26 15:13:04.026,90,33.05,389
2022-01-26 15:13:04.043,90,32.70,17
2022-01-26 15:13:04.055,90,32.70,17
2022-01-26 15:13:04.067,90,32.34,16
2022-01-26 15:13:04.079,90,32.34,398
2022-01-26 15:13:04.092,90,32.34,16
2022-01-26 15:13:04.112,90,32.34,17
2022-01-26 15:13:04.120,90,31.99,17
2022-01-26 15:13:04.129,90,31.99,401
2022-01-26 15:13:04.141,90,31.99,17
2022-01-26 15:13:04.157,90,31.99,17
2022-01-26 15:13:04.170,90,31.99,16
2022-01-26 15:13:04.182,90,31.99,398
2022-01-26 15:13:04.194,90,31.99,17
2022-01-26 15:13:04.207,90,31.99,17
2022-01-26 15:13:04.219,90,31.99,17
2022-01-26 15:13:04.231,90,31.99,397
2022-01-26 15:13:04.243,90,31.99,17
2022-01-26 15:13:04.255,90,32.34,17
2022-01-26 15:13:04.268,90,32.34,16
2022-01-26 15:13:04.285,90,32.34,395
2022-01-26 15:13:04.297,90,32.34,17
2022-01-26 15:13:04.309,90,32.34,17
2022-01-26 15:13:04.321,90,32.70,16
2022-01-26 15:13:04.334,90,32.70,16
2022-01-26 15:13:04.345,90,33.05,398
2022-01-26 15:13:04.358,90,33.05,16
2022-01-26 15:13:04.371,90,33.40,16
2022-01-26 15:13:04.383,90,33.40,16
2022-01-26 15:13:04.395,90,33.75,391
2022-01-26 15:13:04.412,90,33.75,17
2022-01-26 15:13:04.424,90,33.75,16
2022-01-26 15:13:04.436,90,33.75,17
2022-01-26 15:13:04.448,90,34.10,398
2022-01-26 15:13:04.460,90,34.10,17
2022-01-26 15:13:04.473,90,34.45,17
2022-01-26 15:13:04.485,90,34.45,16
2022-01-26 15:13:04.497,90,34.45,392
2022-01-26 15:13:04.514,90,34.45,16
2022-01-26 15:13:04.525,90,34.80,17
2022-01-26 15:13:04.538,90,34.80,17
2022-01-26 15:13:04.551,90,34.80,397
2022-01-26 15:13:04.563,90,35.16,16
2022-01-26 15:13:04.575,90,35.16,16
2022-01-26 15:13:04.588,90,35.16,17
2022-01-26 15:13:04.600,90,35.16,404
2022-01-26 15:13:04.616,90,35.16,17
2022-01-26 15:13:04.629,90,35.16,17
2022-01-26 15:13:04.640,90,35.51,17
2022-01-26 15:13:04.653,90,35.51,16
2022-01-26 15:13:04.665,90,35.51,396
2022-01-26 15:13:04.678,90,35.51,17
2022-01-26 15:13:04.690,90,35.51,17
2022-01-26 15:13:04.702,90,35.51,16
2022-01-26 15:13:04.715,90,35.51,391
2022-01-26 15:13:04.731,90,35.51,17
2022-01-26 15:13:04.743,90,35.51,17
2022-01-26 15:13:04.755,90,35.51,17
2022-01-26 15:13:04.767,90,35.51,392
2022-01-26 15:13:04.780,90,35.51,17
2022-01-26 15:13:04.792,90,35.51,16
2022-01-26 15:13:04.805,90,35.16,17
2022-01-26 15:13:04.817,90,35.16,381
2022-01-26 15:13:04.829,90,35.16,16
2022-01-26 15:13:04.842,90,35.16,17
2022-01-26 15:13:04.858,90,35.16,17
2022-01-26 15:13:04.870,90,35.16,409
2022-01-26 15:13:04.882,90,34.80,17
2022-01-26 15:13:04.894,90,34.80,17
2022-01-26 15:13:04.907,90,34.80,17
2022-01-26 15:13:04.919,90,34.80,396
2022-01-26 15:13:04.932,90,34.80,17
2022-01-26 15:13:04.944,90,34.45,17
2022-01-26 15:13:04.956,90,34.45,17
2022-01-26 15:13:04.968,90,34.10,16
2022-01-26 15:13:04.985,90,34.45,386
2022-01-26 15:13:04.997,90,34.45,16
2022-01-26 15:13:05.009,90,34.10,17
2022-01-26 15:13:05.022,90,34.10,16
2022-01-26 15:13:05.033,90,34.10,387
2022-01-26 15:13:05.046,90,34.10,17
2022-01-26 15:13:05.058,90,34.10,17
2022-01-26 15:13:05.070,90,33.75,16
2022-01-26 15:13:05.083,90,33.75,394
2022-01-26 15:13:05.100,90,33.75,17
2022-01-26 15:13:05.112,90,33.75,17
2022-01-26 15:13:05.124,90,33.75,16
2022-01-26 15:13:05.136,90,33.75,383
2022-01-26 15:13:05.148,90,33.75,17
2022-01-26 15:13:05.160,90,33.75,16
2022-01-26 15:13:05.173,90,33.75,16
2022-01-26 15:13:05.185,90,33.75,400
2022-01-26 15:13:05.201,90,33.75,17
2022-01-26 15:13:05.214,90,33.75,17
2022-01-26 15:13:05.226,90,33.75,17
2022-01-26 15:13:05.238,90,33.75,395
2022-01-26 15:13:05.251,90,33.75,16
2022-01-26 15:13:05.263,90,33.40,17
2022-01-26 15:13:05.275,90,33.75,17
2022-01-26 15:13:05.288,90,33.75,16
2022-01-26 15:13:05.300,90,33.75,389
2022-01-26 15:13:05.316,90,33.75,17
2022-01-26 15:13:05.329,90,33.75,16
2022-01-26 15:13:05.341,90,33.75,16
2022-01-26 15:13:05.353,90,33.75,389
2022-01-26 15:13:05.366,90,33.75,16
2022-01-26 15:13:05.378,90,33.75,17
2022-01-26 15:13:05.390,90,33.75,17
2022-01-26 15:13:05.403,90,34.10,394
2022-01-26 15:13:05.415,90,34.10,16
2022-01-26 15:13:05.431,90,34.10,16
2022-01-26 15:13:05.444,90,34.10,16
2022-01-26 15:13:05.456,90,34.10,382
2022-01-26 15:13:05.468,90,34.10,17
2022-01-26 15:13:05.480,90,34.10,16
2022-01-26 15:13:05.493,90,34.10,16
2022-01-26 15:13:05.504,90,34.10,401
2022-01-26 15:13:05.517,90,34.10,17
2022-01-26 15:13:05.529,90,34.10,17
2022-01-26 15:13:05.541,90,34.10,16
2022-01-26 15:13:05.558,90,34.10,396
2022-01-26 15:13:05.570,90,34.45,17
2022-01-26 15:13:05.582,90,34.45,17
2022-01-26 15:13:05.595,90,34.45,17
2022-01-26 15:13:05.607,90,34.45,16
2022-01-26 15:13:05.619,90,34.45,392
2022-01-26 15:13:05.632,90,34.45,16
2022-01-26 15:13:05.644,90,34.45,17
2022-01-26 15:13:05.656,90,34.45,16
2022-01-26 15:13:05.668,90,34.45,388
2022-01-26 15:13:05.685,90,34.45,16
2022-01-26 15:13:05.697,90,34.45,17
2022-01-26 15:13:05.710,90,34.45,16
2022-01-26 15:13:05.722,90,34.45,386
2022-01-26 15:13:05.734,90,34.45,16
2022-01-26 15:13:05.746,90,34.45,17
2022-01-26 15:13:05.759,90,34.45,17
2022-01-26 15:13:05.771,90,34.45,382
2022-01-26 15:13:05.787,90,34.45,17
2022-01-26 15:13:05.800,90,34.45,16
2022-01-26 15:13:05.812,90,34.45,17
2022-01-26 15:13:05.824,90,34.45,364
2022-01-26 15:13:05.837,90,34.45,17
2022-01-26 15:13:05.849,90,34.45,17
2022-01-26 15:13:05.861,90,34.45,17
2022-01-26 15:13:05.874,90,34.45,410
2022-01-26 15:13:05.890,90,34.45,16
2022-01-26 15:13:05.902,90,34.10,17
2022-01-26 15:13:05.914,90,34.45,17
2022-01-26 15:13:05.926,90,34.10,16
2022-01-26 15:13:05.939,90,34.45,401
2022-01-26 15:13:05.951,90,34.45,17
2022-01-26 15:13:05.963,90,34.10,17
2022-01-26 15:13:05.975,90,34.10,16
2022-01-26 15:13:05.988,90,34.10,397
2022-01-26 15:13:06.004,90,34.10,17
2022-01-26 15:13:06.016,90,34.10,17
2022-01-26 15:13:06.029,90,34.10,17
2022-01-26 15:13:06.041,90,34.10,398
2022-01-26 15:13:06.054,90,34.10,16
2022-01-26 15:13:06.066,90,34.10,17
2022-01-26 15:13:06.078,90,34.10,16
2022-01-26 15:13:06.091,90,34.10,380
2022-01-26 15:13:06.103,90,33.75,16
2022-01-26 15:13:06.115,90,34.10,17
2022-01-26 15:13:06.131,90,33.75,17
2022-01-26 15:13:06.144,90,34.10,399
2022-01-26 15:13:06.156,90,33.75,17
2022-01-26 15:13:06.168,90,33.75,17
2022-01-26 15:13:06.181,90,33.75,17
2022-01-26 15:13:06.193,90,33.75,393
2022-01-26 15:13:06.205,90,33.75,17
2022-01-26 15:13:06.218,90,33.75,17
2022-01-26 15:13:06.230,90,33.75,17
2022-01-26 15:13:06.242,90,33.75,16
2022-01-26 15:13:06.259,90,34.10,395
2022-01-26 15:13:06.271,90,34.10,17
2022-01-26 15:13:06.283,90,33.75,17
2022-01-26 15:13:06.295,90,33.75,16
2022-01-26 15:13:06.308,90,34.10,390
2022-01-26 15:13:06.321,90,33.75,17
2022-01-26 15:13:06.332,90,34.10,17
2022-01-26 15:13:06.345,90,34.10,16
2022-01-26 15:13:06.357,90,34.10,396
2022-01-26 15:13:06.372,90,34.10,16
2022-01-26 15:13:06.385,90,34.10,17
2022-01-26 15:13:06.397,90,33.75,17
2022-01-26 15:13:06.409,90,34.10,377
2022-01-26 15:13:06.422,90,33.75,16
2022-01-26 15:13:06.434,90,34.10,17
2022-01-26 15:13:06.446,90,33.75,17
2022-01-26 15:13:06.459,90,34.10,405
2022-01-26 15:13:06.475,90,34.10,16
2022-01-26 15:13:06.487,90,34.10,17
2022-01-26 15:13:06.500,90,34.10,17
2022-01-26 15:13:06.512,90,34.10,395
2022-01-26 15:13:06.525,90,34.10,17
2022-01-26 15:13:06.537,90,33.75,17
2022-01-26 15:13:06.549,90,34.10,17
2022-01-26 15:13:06.561,90,33.75,16
2022-01-26 15:13:06.574,90,34.10,393
2022-01-26 15:13:06.590,90,34.10,16
2022-01-26 15:13:06.602,90,34.10,17
2022-01-26 15:13:06.615,90,34.10,16
2022-01-26 15:13:06.627,90,34.10,388
2022-01-26 15:13:06.640,90,34.10,17
2022-01-26 15:13:06.651,90,34.10,17
2022-01-26 15:13:06.664,90,34.10,17
2022-01-26 15:13:06.677,90,34.10,395
2022-01-26 15:13:06.689,90,34.10,16
2022-01-26 15:13:06.705,90,34.10,17
2022-01-26 15:13:06.718,90,34.10,17
2022-01-26 15:13:06.730,90,34.10,376
2022-01-26 15:13:06.742,90,33.75,17
2022-01-26 15:13:06.754,90,34.10,16
2022-01-26 15:13:06.767,90,33.75,16
2022-01-26 15:13:06.779,90,34.10,406
2022-01-26 15:13:06.791,90,34.10,17
2022-01-26 15:13:06.803,90,34.10,17
2022-01-26 15:13:06.815,90,34.10,17
2022-01-26 15:13:06.832,90,34.10,386
2022-01-26 15:13:06.844,90,34.10,17
2022-01-26 15:13:06.857,90,33.75,17
2022-01-26 15:13:06.869,90,34.10,17
2022-01-26 15:13:06.882,90,34.10,16
2022-01-26 15:13:06.894,90,34.10,390
2022-01-26 15:13:06.906,90,34.10,16
2022-01-26 15:13:06.917,90,34.10,16
2022-01-26 15:13:06.930,90,34.10,16
2022-01-26 15:13:06.942,90,34.10,393
2022-01-26 15:13:06.959,90,34.10,16
2022-01-26 15:13:06.971,90,34.10,16
2022-01-26 15:13:06.984,90,34.10,17
2022-01-26 15:13:06.996,90,34.10,409
2022-01-26 15:13:07.008,90,34.10,16
2022-01-26 15:13:07.020,90,34.10,17
2022-01-26 15:13:07.032,90,34.10,17
2022-01-26 15:13:07.045,90,34.10,393
2022-01-26 15:13:07.061,90,34.10,16
2022-01-26 15:13:07.073,90,34.10,16
2022-01-26 15:13:07.086,90,34.10,16
2022-01-26 15:13:07.098,90,34.10,398
2022-01-26 15:13:07.111,90,34.10,16
2022-01-26 15:13:07.123,90,34.10,16
2022-01-26 15:13:07.135,90,34.10,17
2022-01-26 15:13:07.147,90,34.10,397
2022-01-26 15:13:07.164,90,34.10,17
2022-01-26 15:13:07.175,90,34.10,17
2022-01-26 15:13:07.189,90,34.10,17
2022-01-26 15:13:07.201,90,34.10,16
2022-01-26 15:13:07.213,90,34.10,376
2022-01-26 15:13:07.225,90,34.10,16
2022-01-26 15:13:07.237,90,34.10,17
2022-01-26 15:13:07.249,90,34.10,16
2022-01-26 15:13:07.262,90,34.10,388
2022-01-26 15:13:07.279,90,34.10,17
2022-01-26 15:13:07.291,90,34.10,17
2022-01-26 15:13:07.303,90,34.10,16
2022-01-26 15:13:07.316,90,34.10,394
2022-01-26 15:13:07.328,90,34.10,16
2022-01-26 15:13:07.340,90,34.10,17
2022-01-26 15:13:07.353,90,34.10,17
2022-01-26 15:13:07.365,90,34.45,393
2022-01-26 15:13:07.377,90,34.10,17
2022-01-26 15:13:07.389,90,34.10,16
2022-01-26 15:13:07.406,90,34.10,17
2022-01-26 15:13:07.418,90,34.10,400
2022-01-26 15:13:07.430,90,34.10,17
2022-01-26 15:13:07.442,90,34.10,17
2022-01-26 15:13:07.455,90,34.10,17
2022-01-26 15:13:07.467,90,34.10,398
2022-01-26 15:13:07.479,90,34.10,16
2022-01-26 15:13:07.491,90,34.10,17
2022-01-26 15:13:07.504,90,34.10,17
2022-01-26 15:13:07.516,90,34.10,16
2022-01-26 15:13:07.532,90,34.10,388
2022-01-26 15:13:07.545,90,34.10,16
2022-01-26 15:13:07.557,90,34.10,17
2022-01-26 15:13:07.569,90,34.10,16
2022-01-26 15:13:07.582,90,34.10,390
2022-01-26 15:13:07.593,90,34.10,16
2022-01-26 15:13:07.606,90,34.10,17
2022-01-26 15:13:07.619,90,34.10,16
2022-01-26 15:13:07.630,90,34.10,399
2022-01-26 15:13:07.647,90,34.10,17
2022-01-26 15:13:07.659,90,34.10,17
2022-01-26 15:13:07.672,90,34.10,17
2022-01-26 15:13:07.684,90,34.10,389
2022-01-26 15:13:07.696,90,33.75,16
2022-01-26 15:13:07.708,90,34.10,17
2022-01-26 15:13:07.721,90,33.75,17
2022-01-26 15:13:07.733,90,34.10,401
2022-01-26 15:13:07.749,90,33.75,17
2022-01-26 15:13:07.762,90,33.75,16
2022-01-26 15:13:07.775,90,33.75,17
2022-01-26 15:13:07.787,90,33.75,397
2022-01-26 15:13:07.798,90,33.75,17
2022-01-26 15:13:07.811,90,33.75,16
2022-01-26 15:13:07.823,90,33.75,17
2022-01-26 15:13:07.836,90,33.75,16
2022-01-26 15:13:07.848,90,34.10,388
2022-01-26 15:13:07.864,90,33.75,16
2022-01-26 15:13:07.876,90,34.10,17
2022-01-26 15:13:07.888,90,33.75,16
2022-01-26 15:13:07.901,90,33.75,387
2022-01-26 15:13:07.913,90,34.10,17
2022-01-26 15:13:07.925,90,33.75,17
2022-01-26 15:13:07.938,90,33.75,16
2022-01-26 15:13:07.950,90,33.75,409
2022-01-26 15:13:07.963,90,33.75,17
2022-01-26 15:13:07.979,90,34.10,17
2022-01-26 15:13:07.991,90,33.75,16
2022-01-26 15:13:08.003,90,34.10,391
2022-01-26 15:13:08.015,90,33.75,17
2022-01-26 15:13:08.028,90,33.75,17
2022-01-26 15:13:08.041,90,33.75,17
2022-01-26 15:13:08.053,90,33.75,399
2022-01-26 15:13:08.065,90,33.75,16
2022-01-26 15:13:08.077,90,33.75,16
2022-01-26 15:13:08.090,90,33.75,16
2022-01-26 15:13:08.106,90,33.75,395
2022-01-26 15:13:08.118,90,34.10,17
2022-01-26 15:13:08.130,90,33.75,17
2022-01-26 15:13:08.143,90,34.10,16
2022-01-26 15:13:08.155,90,33.75,16
2022-01-26 15:13:08.167,90,34.10,383
2022-01-26 15:13:08.179,90,34.10,17
2022-01-26 15:13:08.192,90,34.10,17
2022-01-26 15:13:08.204,90,34.10,16
2022-01-26 15:13:08.216,90,34.10,371
2022-01-26 15:13:08.232,90,34.10,16
2022-01-26 15:13:08.245,90,34.10,16
2022-01-26 15:13:08.258,90,34.10,16
2022-01-26 15:13:08.270,90,34.10,401
2022-01-26 15:13:08.282,90,34.10,17
2022-01-26 15:13:08.294,90,34.10,17
2022-01-26 15:13:08.306,90,34.10,16
2022-01-26 15:13:08.319,90,34.10,381
2022-01-26 15:13:08.335,90,34.10,17
2022-01-26 15:13:08.347,90,34.10,17
2022-01-26 15:13:08.360,90,34.10,17
2022-01-26 15:13:08.372,90,34.10,405
2022-01-26 15:13:08.384,90,34.10,16
2022-01-26 15:13:08.397,90,34.10,17
2022-01-26 15:13:08.409,90,34.10,17
2022-01-26 15:13:08.422,90,34.10,392
2022-01-26 15:13:08.438,90,34.10,17
2022-01-26 15:13:08.450,90,34.10,17
2022-01-26 15:13:08.462,90,34.10,17
2022-01-26 15:13:08.474,90,34.10,16
2022-01-26 15:13:08.487,90,34.10,388
2022-01-26 15:13:08.499,90,34.10,16
2022-01-26 15:13:08.511,90,34.10,17
2022-01-26 15:13:08.523,90,34.10,16
2022-01-26 15:13:08.536,90,34.10,388
2022-01-26 15:13:08.553,90,34.10,17
2022-01-26 15:13:08.564,90,34.10,17
2022-01-26 15:13:08.577,90,34.10,17
2022-01-26 15:13:08.589,90,34.10,396
2022-01-26 15:13:08.602,90,34.10,17
2022-01-26 15:13:08.614,90,34.10,17
2022-01-26 15:13:08.626,90,34.10,17
2022-01-26 15:13:08.638,90,34.10,376
2022-01-26 15:13:08.651,90,33.75,17
2022-01-26 15:13:08.663,90,34.10,17
2022-01-26 15:13:08.679,90,33.75,16
2022-01-26 15:13:08.692,90,34.10,397
2022-01-26 15:13:08.704,90,34.10,17
2022-01-26 15:13:08.716,90,34.10,17
2022-01-26 15:13:08.728,90,34.10,17
2022-01-26 15:13:08.741,90,34.10,376
2022-01-26 15:13:08.753,90,34.10,17
2022-01-26 15:13:08.765,90,33.75,17
2022-01-26 15:13:08.778,90,34.10,17
2022-01-26 15:13:08.790,90,33.75,16
2022-01-26 15:13:08.806,90,34.10,369
2022-01-26 15:13:08.818,90,34.10,16
2022-01-26 15:13:08.831,90,34.10,16
2022-01-26 15:13:08.843,90,34.10,16
2022-01-26 15:13:08.855,90,34.10,376
2022-01-26 15:13:08.868,90,34.10,16
2022-01-26 15:13:08.880,90,34.10,16
2022-01-26 15:13:08.892,90,34.10,16
2022-01-26 15:13:08.905,90,34.10,408
2022-01-26 15:13:08.921,90,34.10,17
2022-01-26 15:13:08.933,90,34.10,17
2022-01-26 15:13:08.945,90,34.10,16
2022-01-26 15:13:08.957,90,34.10,389
2022-01-26 15:13:08.969,90,34.10,17
2022-01-26 15:13:08.982,90,34.10,17
2022-01-26 15:13:08.994,90,34.10,17
2022-01-26 15:13:09.006,90,34.10,398
2022-01-26 15:13:09.023,90,34.10,17
2022-01-26 15:13:09.035,90,34.10,17
2022-01-26 15:13:09.047,90,34.10,17
2022-01-26 15:13:09.060,90,34.10,395
2022-01-26 15:13:09.072,90,34.10,17
2022-01-26 15:13:09.084,90,34.10,17
2022-01-26 15:13:09.097,90,34.10,17
2022-01-26 15:13:09.109,90,34.10,16
2022-01-26 15:13:09.121,90,34.10,385
2022-01-26 15:13:09.138,90,34.45,17
2022-01-26 15:13:09.150,90,34.45,17
2022-01-26 15:13:09.162,90,34.45,16
2022-01-26 15:13:09.175,90,34.45,401
2022-01-26 15:13:09.187,90,34.45,16
2022-01-26 15:13:09.199,90,34.45,17
2022-01-26 15:13:09.212,90,34.45,16
2022-01-26 15:13:09.224,90,34.45,416
2022-01-26 15:13:09.236,90,34.45,16
2022-01-26 15:13:09.253,90,34.45,16
2022-01-26 15:13:09.265,90,34.45,17
2022-01-26 15:13:09.277,90,34.45,406
2022-01-26 15:13:09.290,90,34.10,17
2022-01-26 15:13:09.302,90,34.45,17
2022-01-26 15:13:09.314,90,34.10,16
2022-01-26 15:13:09.326,90,34.45,403
2022-01-26 15:13:09.338,90,34.10,16
2022-01-26 15:13:09.350,90,34.45,17
2022-01-26 15:13:09.363,90,34.45,16
2022-01-26 15:13:09.379,90,34.45,391
2022-01-26 15:13:09.391,90,34.45,17
2022-01-26 15:13:09.404,90,34.10,17
2022-01-26 15:13:09.416,90,34.45,17
2022-01-26 15:13:09.428,90,34.45,16
2022-01-26 15:13:09.441,90,34.45,387
2022-01-26 15:13:09.453,90,34.45,16
2022-01-26 15:13:09.465,90,34.45,16
2022-01-26 15:13:09.478,90,34.45,16
2022-01-26 15:13:09.490,90,34.45,385
2022-01-26 15:13:09.506,90,34.45,16
2022-01-26 15:13:09.519,90,34.45,16
2022-01-26 15:13:09.531,90,34.45,17
2022-01-26 15:13:09.543,90,34.45,398
2022-01-26 15:13:09.556,90,34.45,17
2022-01-26 15:13:09.568,90,34.45,17
2022-01-26 15:13:09.580,90,34.45,16
2022-01-26 15:13:09.593,90,34.45,391
2022-01-26 15:13:09.609,90,34.10,17
2022-01-26 15:13:09.621,90,34.45,17
2022-01-26 15:13:09.633,90,34.45,17
2022-01-26 15:13:09.645,90,34.45,386
2022-01-26 15:13:09.658,90,34.45,17
2022-01-26 15:13:09.670,90,34.45,17
2022-01-26 15:13:09.683,90,34.45,16
2022-01-26 15:13:09.695,90,34.45,376
2022-01-26 15:13:09.711,90,34.45,17
2022-01-26 15:13:09.723,90,34.10,17
2022-01-26 15:13:09.736,90,34.45,17
2022-01-26 15:13:09.748,90,34.45,16
2022-01-26 15:13:09.760,90,34.45,403
2022-01-26 15:13:09.773,90,34.45,17
2022-01-26 15:13:09.785,90,34.45,17
2022-01-26 15:13:09.797,90,34.45,16
2022-01-26 15:13:09.810,90,34.45,394
2022-01-26 15:13:09.826,90,34.45,16
2022-01-26 15:13:09.838,90,34.45,17
2022-01-26 15:13:09.851,90,34.45,17
2022-01-26 15:13:09.862,90,34.45,396
2022-01-26 15:13:09.875,90,34.45,16
2022-01-26 15:13:09.887,90,34.45,17
2022-01-26 15:13:09.900,90,34.45,17
2022-01-26 15:13:09.912,90,34.45,384
2022-01-26 15:13:09.925,90,34.10,17
2022-01-26 15:13:09.941,90,34.45,17
2022-01-26 15:13:09.953,90,34.45,16
2022-01-26 15:13:09.965,90,34.45,406
2022-01-26 15:13:09.977,90,34.45,17
2022-01-26 15:13:09.989,90,34.45,17
2022-01-26 15:13:10.001,90,34.45,17
2022-01-26 15:13:10.014,90,34.45,395
2022-01-26 15:13:10.026,90,34.45,17
2022-01-26 15:13:10.038,90,34.45,16
2022-01-26 15:13:10.051,90,34.45,17
2022-01-26 15:13:10.067,90,34.45,16
2022-01-26 15:13:10.080,90,34.45,388
2022-01-26 15:13:10.092,90,34.45,16
2022-01-26 15:13:10.104,90,34.80,16
2022-01-26 15:13:10.117,90,34.80,16
2022-01-26 15:13:10.129,90,34.80,392
2022-01-26 15:13:10.142,90,34.80,16
2022-01-26 15:13:10.154,90,34.80,16
2022-01-26 15:13:10.166,90,34.80,17
2022-01-26 15:13:10.178,90,34.80,396
2022-01-26 15:13:10.194,90,34.80,17
2022-01-26 15:13:10.207,90,34.80,17
2022-01-26 15:13:10.219,90,34.80,17
2022-01-26 15:13:10.231,90,34.80,379
2022-01-26 15:13:10.243,90,34.80,17
2022-01-26 15:13:10.256,90,34.80,16
2022-01-26 15:13:10.268,90,34.80,17
2022-01-26 15:13:10.281,90,34.80,395
2022-01-26 15:13:10.297,90,34.80,17
2022-01-26 15:13:10.309,90,34.80,17
2022-01-26 15:13:10.322,90,34.80,16
2022-01-26 15:13:10.334,90,34.80,409
2022-01-26 15:13:10.346,90,34.80,17
2022-01-26 15:13:10.358,90,34.80,16
2022-01-26 15:13:10.370,90,34.80,17
2022-01-26 15:13:10.383,90,34.80,16
2022-01-26 15:13:10.396,90,34.80,401
2022-01-26 15:13:10.412,90,34.80,17
2022-01-26 15:13:10.424,90,34.80,17
2022-01-26 15:13:10.436,90,34.80,16
2022-01-26 15:13:10.449,90,34.80,395
2022-01-26 15:13:10.461,90,34.80,16
2022-01-26 15:13:10.473,90,34.80,17
2022-01-26 15:13:10.486,90,34.80,17
2022-01-26 15:13:10.498,90,34.80,391
2022-01-26 15:13:10.514,90,34.80,16
2022-01-26 15:13:10.526,90,34.80,17
2022-01-26 15:13:10.539,90,34.80,17
2022-01-26 15:13:10.551,90,34.80,386
2022-01-26 15:13:10.563,90,34.45,17
2022-01-26 15:13:10.576,90,34.80,16
2022-01-26 15:13:10.587,90,34.45,17
2022-01-26 15:13:10.600,90,34.80,395
2022-01-26 15:13:10.613,120,34.45,17
2022-01-26 15:13:10.629,120,34.45,388
2022-01-26 15:13:10.641,120,34.80,17
2022-01-26 15:13:10.658,120,34.80,372
2022-01-26 15:13:10.670,120,34.80,380
2022-01-26 15:13:10.686,120,34.80,398
2022-01-26 15:13:10.698,120,34.80,17
2022-01-26 15:13:10.715,120,34.80,379
2022-01-26 15:13:10.727,120,35.16,374
2022-01-26 15:13:10.744,120,35.51,16
2022-01-26 15:13:10.756,120,35.51,380
2022-01-26 15:13:10.772,120,35.51,395
2022-01-26 15:13:10.785,120,35.86,397
2022-01-26 15:13:10.801,120,36.21,17
2022-01-26 15:13:10.813,120,36.56,372
2022-01-26 15:13:10.825,120,37.27,371
2022-01-26 15:13:10.842,120,37.62,371
2022-01-26 15:13:10.858,120,38.32,16
2022-01-26 15:13:10.870,120,38.67,348
2022-01-26 15:13:10.883,120,39.02,355
2022-01-26 15:13:10.899,120,40.08,16
2022-01-26 15:13:10.912,120,40.43,391
2022-01-26 15:13:10.927,120,41.13,382
2022-01-26 15:13:10.940,120,41.84,381
2022-01-26 15:13:10.956,120,42.54,16
2022-01-26 15:13:10.969,120,42.89,375
2022-01-26 15:13:10.985,120,43.95,358
2022-01-26 15:13:10.998,120,44.65,369
2022-01-26 15:13:11.014,120,45.35,16
2022-01-26 15:13:11.026,120,46.05,375
2022-01-26 15:13:11.043,120,46.76,390
2022-01-26 15:13:11.055,120,47.46,376
2022-01-26 15:13:11.071,120,48.52,16
2022-01-26 15:13:11.084,120,48.87,365
2022-01-26 15:13:11.100,120,49.57,377
2022-01-26 15:13:11.112,120,50.27,16
2022-01-26 15:13:11.129,120,50.98,382
2022-01-26 15:13:11.141,120,51.33,327
2022-01-26 15:13:11.157,120,52.03,373
2022-01-26 15:13:11.169,120,52.73,16
2022-01-26 15:13:11.186,120,53.09,360
2022-01-26 15:13:11.199,120,53.44,370
2022-01-26 15:13:11.215,120,54.14,372
2022-01-26 15:13:11.226,120,54.49,16
2022-01-26 15:13:11.243,120,54.84,351
2022-01-26 15:13:11.255,120,54.84,383
2022-01-26 15:13:11.272,120,55.20,16
2022-01-26 15:13:11.285,120,55.55,351
2022-01-26 15:13:11.301,120,55.55,345
2022-01-26 15:13:11.313,120,55.90,378
2022-01-26 15:13:11.329,120,55.90,17
2022-01-26 15:13:11.342,120,55.90,356
2022-01-26 15:13:11.358,120,55.90,356
2022-01-26 15:13:11.370,120,55.90,359
2022-01-26 15:13:11.386,120,55.90,17
2022-01-26 15:13:11.399,120,55.90,377
2022-01-26 15:13:11.416,120,55.55,376
2022-01-26 15:13:11.428,120,55.55,361
2022-01-26 15:13:11.444,120,55.20,16
2022-01-26 15:13:11.456,120,55.20,383
2022-01-26 15:13:11.472,120,54.84,387
2022-01-26 15:13:11.485,120,54.49,16
2022-01-26 15:13:11.498,120,54.14,366
2022-01-26 15:13:11.513,120,53.79,360
2022-01-26 15:13:11.530,120,53.79,373
2022-01-26 15:13:11.542,120,53.44,17
2022-01-26 15:13:11.555,120,53.09,354
2022-01-26 15:13:11.570,120,52.73,384
2022-01-26 15:13:11.583,120,52.03,384
2022-01-26 15:13:11.599,120,51.68,16
2022-01-26 15:13:11.612,120,51.33,367
2022-01-26 15:13:11.628,120,50.98,353
2022-01-26 15:13:11.641,120,50.63,17
2022-01-26 15:13:11.657,120,50.27,373
2022-01-26 15:13:11.669,120,49.92,379
2022-01-26 15:13:11.685,120,49.57,373
2022-01-26 15:13:11.697,120,48.87,17
2022-01-26 15:13:11.714,120,48.52,375
2022-01-26 15:13:11.726,120,48.16,377
2022-01-26 15:13:11.743,120,47.81,388
2022-01-26 15:13:11.755,120,47.81,16
2022-01-26 15:13:11.772,120,47.11,373
2022-01-26 15:13:11.784,120,47.11,362
2022-01-26 15:13:11.800,120,46.76,397
2022-01-26 15:13:11.813,120,46.41,16
2022-01-26 15:13:11.829,120,46.05,366
2022-01-26 15:13:11.842,120,46.05,364
2022-01-26 15:13:11.857,120,46.05,16
2022-01-26 15:13:11.870,120,45.70,359
2022-01-26 15:13:11.886,120,45.70,351
2022-01-26 15:13:11.898,120,45.35,372
2022-01-26 15:13:11.915,120,45.35,16
2022-01-26 15:13:11.927,120,45.00,363
2022-01-26 15:13:11.943,120,45.00,377
2022-01-26 15:13:11.956,120,45.00,365
2022-01-26 15:13:11.973,120,45.00,16
2022-01-26 15:13:11.985,120,45.00,352
2022-01-26 15:13:12.001,120,45.00,400
2022-01-26 15:13:12.013,120,45.00,17
2022-01-26 15:13:12.026,120,45.35,388
2022-01-26 15:13:12.042,120,45.35,366
2022-01-26 15:13:12.058,120,45.35,368
2022-01-26 15:13:12.071,120,45.35,16
2022-01-26 15:13:12.083,120,45.70,366
2022-01-26 15:13:12.099,120,45.70,370
2022-01-26 15:13:12.116,120,46.05,374
2022-01-26 15:13:12.128,120,46.05,16
2022-01-26 15:13:12.140,120,46.05,349
2022-01-26 15:13:12.157,120,46.41,354
2022-01-26 15:13:12.173,120,46.41,375
2022-01-26 15:13:12.185,120,46.76,16
2022-01-26 15:13:12.198,120,46.76,362
2022-01-26 15:13:12.214,120,47.11,388
2022-01-26 15:13:12.230,120,47.11,17
2022-01-26 15:13:12.243,120,47.46,373
2022-01-26 15:13:12.255,120,47.46,366
2022-01-26 15:13:12.271,120,47.81,388
2022-01-26 15:13:12.284,120,47.81,16
2022-01-26 15:13:12.300,120,48.16,352
2022-01-26 15:13:12.312,120,48.16,354
2022-01-26 15:13:12.328,120,48.52,389
2022-01-26 15:13:12.341,120,48.52,16
2022-01-26 15:13:12.358,120,48.52,368
2022-01-26 15:13:12.369,120,48.87,371
2022-01-26 15:13:12.386,120,48.87,16
2022-01-26 15:13:12.398,120,49.22,365
2022-01-26 15:13:12.415,120,49.22,369
2022-01-26 15:13:12.427,120,49.22,367
2022-01-26 15:13:12.443,120,49.22,16
2022-01-26 15:13:12.456,120,49.57,399
2022-01-26 15:13:12.472,120,49.57,364
2022-01-26 15:13:12.484,120,49.57,369
2022-01-26 15:13:12.501,120,49.57,16
2022-01-26 15:13:12.513,120,49.57,365
2022-01-26 15:13:12.529,120,49.57,351
2022-01-26 15:13:12.542,120,49.57,372
2022-01-26 15:13:12.558,120,49.57,16
2022-01-26 15:13:12.570,120,49.57,367
2022-01-26 15:13:12.587,120,49.57,377
2022-01-26 15:13:12.599,120,49.57,17
2022-01-26 15:13:12.616,120,49.22,373
2022-01-26 15:13:12.627,120,49.57,377
2022-01-26 15:13:12.643,120,49.22,380
2022-01-26 15:13:12.656,120,49.22,16
2022-01-26 15:13:12.668,120,49.22,370
2022-01-26 15:13:12.685,120,49.22,341
2022-01-26 15:13:12.701,120,48.87,371
2022-01-26 15:13:12.714,120,48.87,17
2022-01-26 15:13:12.726,120,48.87,384
2022-01-26 15:13:12.742,120,48.87,369
2022-01-26 15:13:12.758,120,48.87,17
2022-01-26 15:13:12.770,120,48.87,385
2022-01-26 15:13:12.783,120,48.52,375
2022-01-26 15:13:12.799,120,48.52,385
2022-01-26 15:13:12.815,120,48.52,16
2022-01-26 15:13:12.828,120,48.52,378
2022-01-26 15:13:12.840,120,48.52,364
2022-01-26 15:13:12.857,120,48.52,382
2022-01-26 15:13:12.873,120,48.52,16
2022-01-26 15:13:12.885,120,48.52,367
2022-01-26 15:13:12.898,120,48.52,362
2022-01-26 15:13:12.914,120,48.16,394
2022-01-26 15:13:12.930,120,48.16,16
2022-01-26 15:13:12.943,120,48.16,343
2022-01-26 15:13:12.955,120,48.16,379
2022-01-26 15:13:12.971,120,48.16,16
2022-01-26 15:13:12.984,120,48.16,371
2022-01-26 15:13:13.000,120,48.16,358
2022-01-26 15:13:13.013,120,48.16,366
2022-01-26 15:13:13.029,120,48.16,16
2022-01-26 15:13:13.041,120,48.52,335
2022-01-26 15:13:13.058,120,48.52,375
2022-01-26 15:13:13.070,120,48.52,374
2022-01-26 15:13:13.087,120,48.52,17
2022-01-26 15:13:13.099,120,48.52,367
2022-01-26 15:13:13.115,120,48.52,365
2022-01-26 15:13:13.127,120,48.52,16
2022-01-26 15:13:13.143,120,48.52,354
2022-01-26 15:13:13.155,120,48.52,362
2022-01-26 15:13:13.172,120,48.52,372
2022-01-26 15:13:13.184,120,48.52,17
2022-01-26 15:13:13.200,120,48.87,351
2022-01-26 15:13:13.213,120,48.87,352
2022-01-26 15:13:13.229,120,48.87,344
2022-01-26 15:13:13.242,120,48.87,16
2022-01-26 15:13:13.258,120,48.87,358
2022-01-26 15:13:13.270,120,48.87,384
2022-01-26 15:13:13.287,120,48.87,362
2022-01-26 15:13:13.299,120,48.87,16
2022-01-26 15:13:13.315,120,49.22,364
2022-01-26 15:13:13.328,120,49.22,386
2022-01-26 15:13:13.344,120,49.22,17
2022-01-26 15:13:13.357,120,49.22,351
2022-01-26 15:13:13.369,120,49.22,337
2022-01-26 15:13:13.385,120,49.22,376
2022-01-26 15:13:13.402,120,49.22,16
2022-01-26 15:13:13.414,120,49.22,355
2022-01-26 15:13:13.426,120,49.22,361
2022-01-26 15:13:13.443,120,49.22,365
2022-01-26 15:13:13.459,120,49.22,17
2022-01-26 15:13:13.472,120,49.22,373
2022-01-26 15:13:13.484,120,49.22,364
2022-01-26 15:13:13.499,120,49.57,17
2022-01-26 15:13:13.512,120,49.57,368
2022-01-26 15:13:13.528,120,49.57,342
2022-01-26 15:13:13.540,120,49.57,380
2022-01-26 15:13:13.557,120,49.57,16
2022-01-26 15:13:13.569,120,49.57,377
2022-01-26 15:13:13.586,120,49.57,372
2022-01-26 15:13:13.598,120,49.92,381
2022-01-26 15:13:13.614,120,49.92,16
2022-01-26 15:13:13.627,120,49.92,386
2022-01-26 15:13:13.643,120,49.92,372
2022-01-26 15:13:13.655,120,49.92,377
2022-01-26 15:13:13.672,120,49.92,16
2022-01-26 15:13:13.684,120,50.27,372
2022-01-26 15:13:13.701,120,50.27,377
2022-01-26 15:13:13.712,120,50.27,16
2022-01-26 15:13:13.729,120,50.27,373
2022-01-26 15:13:13.742,120,50.27,352
2022-01-26 15:13:13.758,120,50.27,372
2022-01-26 15:13:13.770,120,50.63,17
2022-01-26 15:13:13.787,120,50.63,357
2022-01-26 15:13:13.799,120,50.63,368
2022-01-26 15:13:13.815,120,50.63,377
2022-01-26 15:13:13.827,120,50.63,16
2022-01-26 15:13:13.844,120,50.63,364
2022-01-26 15:13:13.857,120,50.98,391
2022-01-26 15:13:13.872,120,50.98,17
2022-01-26 15:13:13.885,120,50.98,342
2022-01-26 15:13:13.901,120,50.98,370
2022-01-26 15:13:13.914,120,50.98,384
2022-01-26 15:13:13.930,120,50.98,16
2022-01-26 15:13:13.943,120,50.98,373
2022-01-26 15:13:13.959,120,50.98,367
2022-01-26 15:13:13.971,120,50.98,379
2022-01-26 15:13:13.988,120,50.98,16
2022-01-26 15:13:14.000,120,50.98,356
2022-01-26 15:13:14.016,120,50.98,359
2022-01-26 15:13:14.029,120,50.98,366
2022-01-26 15:13:14.045,120,50.63,16
2022-01-26 15:13:14.057,120,50.63,353
2022-01-26 15:13:14.073,120,50.63,355
2022-01-26 15:13:14.086,120,50.63,17
2022-01-26 15:13:14.098,120,50.63,377
2022-01-26 15:13:14.115,120,50.63,356
2022-01-26 15:13:14.127,120,50.27,358
2022-01-26 15:13:14.143,120,50.27,16
2022-01-26 15:13:14.156,120,50.27,370
2022-01-26 15:13:14.171,120,49.92,368
2022-01-26 15:13:14.184,120,49.92,374
2022-01-26 15:13:14.201,120,49.92,17
2022-01-26 15:13:14.213,120,49.57,371
2022-01-26 15:13:14.229,120,49.92,377
2022-01-26 15:13:14.241,120,49.57,17
2022-01-26 15:13:14.258,120,49.57,375
2022-01-26 15:13:14.270,120,49.57,366
2022-01-26 15:13:14.287,120,49.57,364
2022-01-26 15:13:14.299,120,49.22,17
2022-01-26 15:13:14.315,120,49.22,374
2022-01-26 15:13:14.327,120,49.22,362
2022-01-26 15:13:14.343,120,48.87,375
2022-01-26 15:13:14.356,120,48.87,16
2022-01-26 15:13:14.372,120,48.52,363
2022-01-26 15:13:14.385,120,48.52,363
2022-01-26 15:13:14.401,120,48.52,403
2022-01-26 15:13:14.414,120,48.52,16
2022-01-26 15:13:14.429,120,48.52,330
2022-01-26 15:13:14.442,120,48.52,389
2022-01-26 15:13:14.458,120,48.52,16
2022-01-26 15:13:14.471,120,48.52,369
2022-01-26 15:13:14.487,120,48.52,379
2022-01-26 15:13:14.499,120,48.16,367
2022-01-26 15:13:14.516,120,48.16,17
2022-01-26 15:13:14.528,120,48.16,359
2022-01-26 15:13:14.544,120,48.16,372
2022-01-26 15:13:14.556,120,48.16,355
2022-01-26 15:13:14.573,120,48.16,16
2022-01-26 15:13:14.586,120,48.16,358
2022-01-26 15:13:14.602,120,48.16,368
2022-01-26 15:13:14.614,120,48.16,16
2022-01-26 15:13:14.626,120,48.52,361
2022-01-26 15:13:14.643,120,48.52,393
2022-01-26 15:13:14.659,120,48.52,376
2022-01-26 15:13:14.671,120,48.52,17
2022-01-26 15:13:14.683,120,48.52,378
2022-01-26 15:13:14.700,120,48.52,391
2022-01-26 15:13:14.716,120,48.52,390
2022-01-26 15:13:14.729,120,48.87,16
2022-01-26 15:13:14.741,120,48.87,385
2022-01-26 15:13:14.757,120,48.87,391
2022-01-26 15:13:14.774,120,48.87,379
2022-01-26 15:13:14.786,120,48.87,16
2022-01-26 15:13:14.798,120,48.87,373
2022-01-26 15:13:14.815,120,49.22,345
2022-01-26 15:13:14.827,120,49.22,16
2022-01-26 15:13:14.844,120,49.22,369
2022-01-26 15:13:14.856,120,49.22,358
2022-01-26 15:13:14.872,120,49.57,347
2022-01-26 15:13:14.884,120,49.57,16
2022-01-26 15:13:14.901,120,49.57,373
2022-01-26 15:13:14.913,120,49.57,376
2022-01-26 15:13:14.930,120,49.57,369
2022-01-26 15:13:14.942,120,49.57,16
2022-01-26 15:13:14.958,120,49.57,363
2022-01-26 15:13:14.970,120,49.57,367
2022-01-26 15:13:14.987,120,49.57,16
2022-01-26 15:13:14.999,120,49.57,373
2022-01-26 15:13:15.016,120,49.57,358
2022-01-26 15:13:15.028,120,49.57,373
2022-01-26 15:13:15.044,120,49.57,16
2022-01-26 15:13:15.056,120,49.57,354
2022-01-26 15:13:15.072,120,49.57,354
2022-01-26 15:13:15.085,120,49.57,339
2022-01-26 15:13:15.101,120,49.57,16
2022-01-26 15:13:15.113,120,49.57,350
2022-01-26 15:13:15.130,120,49.57,352
2022-01-26 15:13:15.143,120,49.57,374
2022-01-26 15:13:15.159,120,49.57,16
2022-01-26 15:13:15.171,120,49.57,338
2022-01-26 15:13:15.188,120,49.57,390
2022-01-26 15:13:15.200,120,49.57,17
2022-01-26 15:13:15.212,120,49.57,351
2022-01-26 15:13:15.228,120,49.57,362
2022-01-26 15:13:15.244,120,49.57,381
2022-01-26 15:13:15.258,120,49.57,17
2022-01-26 15:13:15.270,120,49.57,372
2022-01-26 15:13:15.285,120,49.57,370
2022-01-26 15:13:15.302,120,49.57,394
2022-01-26 15:13:15.315,120,49.57,16
2022-01-26 15:13:15.327,120,49.57,359
2022-01-26 15:13:15.343,120,49.57,371
2022-01-26 15:13:15.360,120,49.57,16
2022-01-26 15:13:15.372,120,49.57,386
2022-01-26 15:13:15.384,120,49.57,388
2022-01-26 15:13:15.401,120,49.57,394
2022-01-26 15:13:15.417,120,49.57,16
2022-01-26 15:13:15.429,120,49.57,360
2022-01-26 15:13:15.441,120,49.57,366
2022-01-26 15:13:15.457,120,49.57,375
2022-01-26 15:13:15.474,120,49.57,16
2022-01-26 15:13:15.486,120,49.57,361
2022-01-26 15:13:15.499,120,49.57,361
2022-01-26 15:13:15.515,120,49.57,364
2022-01-26 15:13:15.527,120,49.57,16
2022-01-26 15:13:15.544,120,49.57,352
2022-01-26 15:13:15.556,120,49.57,359
2022-01-26 15:13:15.573,120,49.92,16
2022-01-26 15:13:15.585,120,49.92,361
2022-01-26 15:13:15.601,120,49.92,351
2022-01-26 15:13:15.613,120,49.92,371
2022-01-26 15:13:15.630,120,49.92,16
2022-01-26 15:13:15.642,120,49.92,380
2022-01-26 15:13:15.658,120,49.92,383
2022-01-26 15:13:15.671,120,49.92,394
2022-01-26 15:13:15.687,120,49.92,16
2022-01-26 15:13:15.700,120,49.92,385
2022-01-26 15:13:15.716,120,49.92,385
2022-01-26 15:13:15.728,120,49.92,17
2022-01-26 15:13:15.744,120,49.92,375
2022-01-26 15:13:15.757,120,49.92,361
2022-01-26 15:13:15.773,120,49.92,372
2022-01-26 15:13:15.785,120,49.92,16
2022-01-26 15:13:15.802,120,49.92,364
2022-01-26 15:13:15.814,120,49.92,374
2022-01-26 15:13:15.831,120,49.92,387
2022-01-26 15:13:15.842,120,49.92,17
2022-01-26 15:13:15.859,120,50.27,367
2022-01-26 15:13:15.872,120,49.92,362
2022-01-26 15:13:15.888,120,50.27,388
2022-01-26 15:13:15.900,120,50.27,16
2022-01-26 15:13:15.917,120,49.92,346
2022-01-26 15:13:15.929,120,49.92,364
2022-01-26 15:13:15.945,120,49.92,17
2022-01-26 15:13:15.958,120,49.92,358
2022-01-26 15:13:15.970,120,49.92,374
2022-01-26 15:13:15.986,120,49.92,360
2022-01-26 15:13:16.003,120,49.92,16
2022-01-26 15:13:16.015,120,49.92,372
2022-01-26 15:13:16.027,120,49.92,370
2022-01-26 15:13:16.043,120,49.92,370
2022-01-26 15:13:16.060,120,49.92,17
2022-01-26 15:13:16.072,120,49.57,365
2022-01-26 15:13:16.085,120,49.57,383
2022-01-26 15:13:16.101,120,49.57,16
2022-01-26 15:13:16.113,120,49.57,371
2022-01-26 15:13:16.130,120,49.57,360
2022-01-26 15:13:16.142,120,49.57,374
2022-01-26 15:13:16.158,120,49.57,16
2022-01-26 15:13:16.171,120,49.22,369
2022-01-26 15:13:16.187,120,49.22,368
2022-01-26 15:13:16.199,120,49.22,369
2022-01-26 15:13:16.216,120,49.22,16
2022-01-26 15:13:16.228,120,49.22,375
2022-01-26 15:13:16.244,120,49.22,364
2022-01-26 15:13:16.256,120,48.87,373
2022-01-26 15:13:16.273,120,48.87,17
2022-01-26 15:13:16.285,120,48.87,360
2022-01-26 15:13:16.302,120,48.87,375
2022-01-26 15:13:16.313,120,48.87,17
2022-01-26 15:13:16.330,120,48.52,384
2022-01-26 15:13:16.342,120,48.52,363
2022-01-26 15:13:16.358,120,48.52,369
2022-01-26 15:13:16.371,120,48.52,16
2022-01-26 15:13:16.387,120,48.52,377
2022-01-26 15:13:16.400,120,48.52,378
2022-01-26 15:13:16.416,120,48.52,377
2022-01-26 15:13:16.428,120,48.52,16
2022-01-26 15:13:16.445,120,48.52,374
2022-01-26 15:13:16.457,120,48.52,378
2022-01-26 15:13:16.473,120,48.52,17
2022-01-26 15:13:16.486,120,48.16,373
2022-01-26 15:13:16.502,120,48.16,375
2022-01-26 15:13:16.515,120,48.16,371
2022-01-26 15:13:16.531,120,48.16,16
2022-01-26 15:13:16.543,120,48.16,361
2022-01-26 15:13:16.560,120,48.16,369
2022-01-26 15:13:16.572,120,48.16,373
2022-01-26 15:13:16.588,120,48.16,17
2022-01-26 15:13:16.600,120,48.16,383
2022-01-26 15:13:16.616,120,48.52,366
2022-01-26 15:13:16.629,120,48.52,364
2022-01-26 15:13:16.645,120,48.52,16
2022-01-26 15:13:16.657,120,48.52,372
2022-01-26 15:13:16.670,120,48.52,376
2022-01-26 15:13:16.686,120,48.52,17
2022-01-26 15:13:16.698,120,48.52,349
2022-01-26 15:13:16.715,120,48.52,352
2022-01-26 15:13:16.727,120,48.52,360
2022-01-26 15:13:16.743,120,48.52,16
2022-01-26 15:13:16.756,120,48.87,366
2022-01-26 15:13:16.772,120,48.87,352
2022-01-26 15:13:16.785,120,48.87,361
2022-01-26 15:13:16.801,120,48.87,16
2022-01-26 15:13:16.813,120,48.87,362
2022-01-26 15:13:16.830,120,48.87,362
2022-01-26 15:13:16.842,120,49.22,16
2022-01-26 15:13:16.858,120,49.22,374
2022-01-26 15:13:16.871,120,49.22,352
2022-01-26 15:13:16.887,120,49.22,361
2022-01-26 15:13:16.900,120,49.57,17
2022-01-26 15:13:16.916,120,49.22,381
2022-01-26 15:13:16.928,120,49.57,360
2022-01-26 15:13:16.945,120,49.57,377
2022-01-26 15:13:16.957,120,49.57,16
2022-01-26 15:13:16.972,120,49.57,358
2022-01-26 15:13:16.985,120,49.57,368
2022-01-26 15:13:17.001,120,49.57,384
2022-01-26 15:13:17.014,120,49.92,16
2022-01-26 15:13:17.030,120,49.92,360
2022-01-26 15:13:17.042,120,49.92,373
2022-01-26 15:13:17.059,120,49.92,17
2022-01-26 15:13:17.071,120,49.92,371
2022-01-26 15:13:17.087,120,49.92,358
2022-01-26 15:13:17.100,120,49.92,382
2022-01-26 15:13:17.117,120,49.92,16
2022-01-26 15:13:17.129,120,49.92,359
2022-01-26 15:13:17.145,120,49.92,373
2022-01-26 15:13:17.158,120,49.92,383
2022-01-26 15:13:17.174,120,49.92,16
2022-01-26 15:13:17.187,120,49.92,350
2022-01-26 15:13:17.202,120,49.92,363
2022-01-26 15:13:17.215,120,49.92,17
2022-01-26 15:13:17.227,120,49.92,374
2022-01-26 15:13:17.243,120,49.92,352
2022-01-26 15:13:17.260,120,49.92,380
2022-01-26 15:13:17.272,120,49.92,17
2022-01-26 15:13:17.284,120,49.92,388
2022-01-26 15:13:17.301,120,49.92,362
2022-01-26 15:13:17.317,120,49.92,378
2022-01-26 15:13:17.330,120,49.57,16
2022-01-26 15:13:17.342,120,49.57,386
2022-01-26 15:13:17.359,120,49.57,363
2022-01-26 15:13:17.371,120,49.57,397
2022-01-26 15:13:17.387,120,49.57,16
2022-01-26 15:13:17.399,120,49.57,365
2022-01-26 15:13:17.416,120,49.57,380
2022-01-26 15:13:17.428,120,49.22,17
2022-01-26 15:13:17.444,120,49.22,363
2022-01-26 15:13:17.457,120,49.22,362
2022-01-26 15:13:17.472,120,49.22,361
2022-01-26 15:13:17.485,120,49.22,17
2022-01-26 15:13:17.501,120,49.22,360
2022-01-26 15:13:17.513,120,49.22,381
2022-01-26 15:13:17.530,120,49.22,376
2022-01-26 15:13:17.542,120,48.87,16
2022-01-26 15:13:17.558,120,49.22,357
2022-01-26 15:13:17.571,120,48.87,361
2022-01-26 15:13:17.587,120,48.87,16
2022-01-26 15:13:17.600,120,48.87,363
2022-01-26 15:13:17.616,120,48.87,349
2022-01-26 15:13:17.629,120,48.87,369
2022-01-26 15:13:17.645,120,48.87,16
2022-01-26 15:13:17.657,120,48.87,355
2022-01-26 15:13:17.673,120,48.87,366
2022-01-26 15:13:17.686,120,48.87,355
2022-01-26 15:13:17.703,120,48.87,16
2022-01-26 15:13:17.715,120,48.87,367
2022-01-26 15:13:17.731,120,48.87,349
2022-01-26 15:13:17.743,120,48.87,361
2022-01-26 15:13:17.760,120,48.87,16
2022-01-26 15:13:17.772,120,48.87,346
2022-01-26 15:13:17.789,120,48.87,367
2022-01-26 15:13:17.800,120,49.22,17
2022-01-26 15:13:17.813,120,49.22,374
2022-01-26 15:13:17.829,120,48.87,370
2022-01-26 15:13:17.845,120,49.22,398
2022-01-26 15:13:17.858,120,49.22,16
2022-01-26 15:13:17.871,120,49.22,377
2022-01-26 15:13:17.886,120,49.22,338
2022-01-26 15:13:17.903,120,49.22,363
2022-01-26 15:13:17.916,120,49.22,16
2022-01-26 15:13:17.928,120,49.57,364
2022-01-26 15:13:17.944,120,49.57,366
2022-01-26 15:13:17.960,120,49.57,17
2022-01-26 15:13:17.972,120,49.57,382
2022-01-26 15:13:17.984,120,49.57,365
2022-01-26 15:13:18.001,120,49.57,355
2022-01-26 15:13:18.018,120,49.57,16
2022-01-26 15:13:18.030,120,49.57,349
2022-01-26 15:13:18.042,120,49.57,346
2022-01-26 15:13:18.059,120,49.57,363
2022-01-26 15:13:18.071,120,49.57,16
2022-01-26 15:13:18.087,120,49.57,357
2022-01-26 15:13:18.100,120,49.92,355
2022-01-26 15:13:18.116,120,49.57,354
2022-01-26 15:13:18.129,120,49.57,16
2022-01-26 15:13:18.145,120,49.92,361
2022-01-26 15:13:18.157,120,49.57,369
2022-01-26 15:13:18.174,120,49.92,17
2022-01-26 15:13:18.186,120,49.57,366
2022-01-26 15:13:18.202,120,49.57,363
2022-01-26 15:13:18.214,120,49.57,371
2022-01-26 15:13:18.231,120,49.57,17
2022-01-26 15:13:18.242,120,49.57,382
2022-01-26 15:13:18.259,120,49.57,358
2022-01-26 15:13:18.272,120,49.57,379
2022-01-26 15:13:18.288,120,49.57,16
2022-01-26 15:13:18.300,120,49.57,343
2022-01-26 15:13:18.316,120,49.57,362
2022-01-26 15:13:18.329,120,49.22,16
2022-01-26 15:13:18.345,120,49.22,385
2022-01-26 15:13:18.358,120,49.22,363
2022-01-26 15:13:18.374,120,49.22,370
2022-01-26 15:13:18.386,120,49.22,16
2022-01-26 15:13:18.403,120,49.22,354
2022-01-26 15:13:18.415,120,49.22,352
2022-01-26 15:13:18.432,120,49.22,373
2022-01-26 15:13:18.444,120,48.87,16
2022-01-26 15:13:18.460,120,48.87,369
2022-01-26 15:13:18.472,120,48.87,355
2022-01-26 15:13:18.489,120,48.87,361
2022-01-26 15:13:18.501,120,48.52,16
2022-01-26 15:13:18.513,120,48.52,351
2022-01-26 15:13:18.530,120,48.52,358
2022-01-26 15:13:18.546,120,48.52,17
2022-01-26 15:13:18.559,120,48.52,381
2022-01-26 15:13:18.571,120,48.52,350
2022-01-26 15:13:18.587,120,48.52,383
2022-01-26 15:13:18.604,120,48.52,17
2022-01-26 15:13:18.616,120,48.16,355
2022-01-26 15:13:18.628,120,48.16,362
2022-01-26 15:13:18.644,120,48.16,366
2022-01-26 15:13:18.660,120,47.81,16
2022-01-26 15:13:18.673,120,47.81,356
2022-01-26 15:13:18.685,120,47.81,368
2022-01-26 15:13:18.701,120,47.81,17
2022-01-26 15:13:18.714,120,47.81,354
2022-01-26 15:13:18.731,120,47.81,345
2022-01-26 15:13:18.743,120,47.81,374
2022-01-26 15:13:18.759,120,47.81,16
2022-01-26 15:13:18.771,120,47.81,367
2022-01-26 15:13:18.788,120,47.81,368
2022-01-26 15:13:18.800,120,47.81,368
2022-01-26 15:13:18.816,120,47.81,16
2022-01-26 15:13:18.829,120,47.81,337
2022-01-26 15:13:18.845,120,47.81,380
2022-01-26 15:13:18.857,120,47.81,375
2022-01-26 15:13:18.874,120,47.81,16
2022-01-26 15:13:18.886,120,47.81,363
2022-01-26 15:13:18.903,120,47.81,371
2022-01-26 15:13:18.915,120,48.16,17
2022-01-26 15:13:18.931,120,48.16,355
2022-01-26 15:13:18.944,120,48.16,351
2022-01-26 15:13:18.960,120,48.16,375
2022-01-26 15:13:18.972,120,48.52,16
2022-01-26 15:13:18.989,120,48.52,360
2022-01-26 15:13:19.001,120,48.52,390
2022-01-26 15:13:19.016,120,48.52,373
2022-01-26 15:13:19.029,120,48.52,16
2022-01-26 15:13:19.045,120,48.87,365
2022-01-26 15:13:19.058,120,48.87,377
2022-01-26 15:13:19.074,120,48.87,17
2022-01-26 15:13:19.086,120,48.87,380
2022-01-26 15:13:19.104,120,48.87,366
2022-01-26 15:13:19.116,120,48.87,375
2022-01-26 15:13:19.132,120,49.22,16
2022-01-26 15:13:19.144,120,49.22,379
2022-01-26 15:13:19.160,120,49.22,380
2022-01-26 15:13:19.173,120,49.57,368
2022-01-26 15:13:19.189,140,49.57,17
2022-01-26 15:13:19.201,140,49.57,366
2022-01-26 15:13:19.213,140,49.57,374
2022-01-26 15:13:19.230,140,49.57,342
2022-01-26 15:13:19.246,140,49.92,16
2022-01-26 15:13:19.259,140,49.92,374
2022-01-26 15:13:19.271,140,49.92,365
2022-01-26 15:13:19.287,140,49.92,356
2022-01-26 15:13:19.304,140,50.27,16
2022-01-26 15:13:19.316,140,50.63,376
2022-01-26 15:13:19.328,140,50.63,376
2022-01-26 15:13:19.345,140,50.98,17
2022-01-26 15:13:19.357,140,50.98,369
2022-01-26 15:13:19.374,140,51.33,373
2022-01-26 15:13:19.386,140,51.68,349
2022-01-26 15:13:19.402,140,52.03,16
2022-01-26 15:13:19.414,140,52.38,352
2022-01-26 15:13:19.431,140,52.73,349
2022-01-26 15:13:19.443,140,53.44,362
2022-01-26 15:13:19.460,140,53.44,16
2022-01-26 15:13:19.472,140,54.14,365
2022-01-26 15:13:19.488,140,54.49,373
2022-01-26 15:13:19.501,140,54.84,17
2022-01-26 15:13:19.516,140,55.55,353
2022-01-26 15:13:19.529,140,56.25,395
2022-01-26 15:13:19.545,140,56.60,367
2022-01-26 15:13:19.558,140,57.30,17
2022-01-26 15:13:19.574,140,57.66,355
2022-01-26 15:13:19.587,140,58.36,375
2022-01-26 15:13:19.603,140,58.71,334
2022-01-26 15:13:19.615,140,59.41,17
2022-01-26 15:13:19.631,140,60.12,370
2022-01-26 15:13:19.643,140,60.47,369
2022-01-26 15:13:19.660,140,61.17,349
2022-01-26 15:13:19.672,140,61.88,16
2022-01-26 15:13:19.689,140,62.23,354
2022-01-26 15:13:19.701,140,62.93,370
2022-01-26 15:13:19.718,140,63.28,16
2022-01-26 15:13:19.730,140,63.98,357
2022-01-26 15:13:19.746,140,64.34,364
2022-01-26 15:13:19.759,140,64.69,355
2022-01-26 15:13:19.775,140,65.39,16
2022-01-26 15:13:19.787,140,66.09,361
2022-01-26 15:13:19.803,140,66.45,364
2022-01-26 15:13:19.816,140,66.80,346
2022-01-26 15:13:19.832,140,67.15,16
2022-01-26 15:13:19.845,140,67.50,361
2022-01-26 15:13:19.860,140,67.85,374
2022-01-26 15:13:19.873,140,68.20,17
2022-01-26 15:13:19.886,140,68.55,359
2022-01-26 15:13:19.902,140,68.91,347
2022-01-26 15:13:19.914,140,69.26,349
2022-01-26 15:13:19.930,140,69.61,16
2022-01-26 15:13:19.943,140,69.61,343
2022-01-26 15:13:19.959,140,69.96,367
2022-01-26 15:13:19.972,140,70.31,368
2022-01-26 15:13:19.988,140,70.31,16
2022-01-26 15:13:20.000,140,70.31,359
2022-01-26 15:13:20.017,140,70.66,383
2022-01-26 15:13:20.029,140,70.66,356
2022-01-26 15:13:20.045,140,70.66,16
2022-01-26 15:13:20.058,140,70.66,340
2022-01-26 15:13:20.074,140,71.02,368
2022-01-26 15:13:20.086,140,71.02,17
2022-01-26 15:13:20.102,140,70.66,353
2022-01-26 15:13:20.114,140,70.66,358
2022-01-26 15:13:20.131,140,70.66,366
2022-01-26 15:13:20.144,140,70.66,17
2022-01-26 15:13:20.160,140,70.66,355
2022-01-26 15:13:20.172,140,70.66,358
2022-01-26 15:13:20.189,140,70.66,369
2022-01-26 15:13:20.200,140,70.31,16
2022-01-26 15:13:20.217,140,70.31,363
2022-01-26 15:13:20.229,140,69.96,370
2022-01-26 15:13:20.246,140,69.96,17
2022-01-26 15:13:20.258,140,69.61,391
2022-01-26 15:13:20.275,140,69.61,363
2022-01-26 15:13:20.287,140,69.26,369
2022-01-26 15:13:20.303,140,68.91,17
2022-01-26 15:13:20.316,140,68.91,346
2022-01-26 15:13:20.332,140,68.55,371
2022-01-26 15:13:20.344,140,68.55,379
2022-01-26 15:13:20.360,140,68.20,17
2022-01-26 15:13:20.372,140,68.20,349
2022-01-26 15:13:20.389,140,67.50,361
2022-01-26 15:13:20.401,140,67.50,360
2022-01-26 15:13:20.417,140,67.15,16
2022-01-26 15:13:20.430,140,66.80,352
2022-01-26 15:13:20.446,140,66.45,381
2022-01-26 15:13:20.458,140,66.45,17
2022-01-26 15:13:20.471,140,66.09,360
2022-01-26 15:13:20.487,140,66.09,342
2022-01-26 15:13:20.504,140,65.74,386
2022-01-26 15:13:20.516,140,65.39,17
2022-01-26 15:13:20.528,140,65.04,350
2022-01-26 15:13:20.545,140,64.69,373
2022-01-26 15:13:20.561,140,64.34,368
2022-01-26 15:13:20.573,140,63.98,16
2022-01-26 15:13:20.586,140,63.98,356
2022-01-26 15:13:20.602,140,63.63,376
2022-01-26 15:13:20.615,140,63.63,17
2022-01-26 15:13:20.631,140,63.28,354
2022-01-26 15:13:20.643,140,62.93,360
2022-01-26 15:13:20.660,140,62.93,355
2022-01-26 15:13:20.672,140,62.58,17
2022-01-26 15:13:20.688,140,62.23,380
2022-01-26 15:13:20.701,140,61.88,371
2022-01-26 15:13:20.716,140,61.88,356
2022-01-26 15:13:20.728,140,61.52,16
2022-01-26 15:13:20.745,140,61.52,346
2022-01-26 15:13:20.757,140,61.17,375
2022-01-26 15:13:20.774,140,61.17,350
2022-01-26 15:13:20.786,140,60.82,16
2022-01-26 15:13:20.802,140,60.82,359
2022-01-26 15:13:20.815,140,60.82,387
2022-01-26 15:13:20.831,140,60.47,16
2022-01-26 15:13:20.843,140,60.47,350
2022-01-26 15:13:20.860,140,60.47,358
2022-01-26 15:13:20.872,140,60.12,365
2022-01-26 15:13:20.889,140,60.12,16
2022-01-26 15:13:20.901,140,60.12,364
2022-01-26 15:13:20.917,140,59.77,347
2022-01-26 15:13:20.930,140,59.77,356
2022-01-26 15:13:20.946,140,59.77,16
2022-01-26 15:13:20.958,140,59.77,354
2022-01-26 15:13:20.975,140,59.77,369
2022-01-26 15:13:20.988,140,59.41,17
2022-01-26 15:13:21.003,140,59.41,350
2022-01-26 15:13:21.016,140,59.41,374
2022-01-26 15:13:21.032,140,59.41,372
2022-01-26 15:13:21.044,140,59.41,16
2022-01-26 15:13:21.057,140,59.41,354
2022-01-26 15:13:21.073,140,59.41,355
2022-01-26 15:13:21.089,140,59.41,342
2022-01-26 15:13:21.102,140,59.41,16
2022-01-26 15:13:21.114,140,59.41,349
2022-01-26 15:13:21.131,140,59.41,381
2022-01-26 15:13:21.147,140,59.41,358
2022-01-26 15:13:21.159,140,59.77,16
2022-01-26 15:13:21.172,140,59.41,348
2022-01-26 15:13:21.188,140,59.77,373
2022-01-26 15:13:21.204,140,59.77,17
2022-01-26 15:13:21.216,140,59.77,359
2022-01-26 15:13:21.229,140,59.77,365
2022-01-26 15:13:21.245,140,59.77,362
2022-01-26 15:13:21.261,140,59.77,17
2022-01-26 15:13:21.274,140,60.12,384
2022-01-26 15:13:21.286,140,60.12,356
2022-01-26 15:13:21.302,140,60.12,361
2022-01-26 15:13:21.315,140,60.47,16
2022-01-26 15:13:21.331,140,60.12,359
2022-01-26 15:13:21.343,140,60.47,357
2022-01-26 15:13:21.360,140,60.47,17
2022-01-26 15:13:21.372,140,60.47,352
2022-01-26 15:13:21.389,140,60.82,368
2022-01-26 15:13:21.401,140,60.82,339
2022-01-26 15:13:21.418,140,60.82,16
2022-01-26 15:13:21.430,140,60.82,333
2022-01-26 15:13:21.446,140,61.17,373
2022-01-26 15:13:21.458,140,61.17,357
2022-01-26 15:13:21.475,140,61.17,17
2022-01-26 15:13:21.487,140,61.52,372
2022-01-26 15:13:21.503,140,61.52,359
2022-01-26 15:13:21.515,140,61.52,346
2022-01-26 15:13:21.532,140,61.52,16
2022-01-26 15:13:21.544,140,61.88,366
2022-01-26 15:13:21.561,140,61.88,352
2022-01-26 15:13:21.573,140,61.88,17
2022-01-26 15:13:21.589,140,61.88,355
2022-01-26 15:13:21.602,140,61.88,365
2022-01-26 15:13:21.618,140,62.23,340
2022-01-26 15:13:21.630,140,62.23,17
2022-01-26 15:13:21.646,140,62.23,358
2022-01-26 15:13:21.659,140,62.58,370
2022-01-26 15:13:21.675,140,62.23,371
2022-01-26 15:13:21.688,140,62.58,17
2022-01-26 15:13:21.704,140,62.58,365
2022-01-26 15:13:21.716,140,62.93,356
2022-01-26 15:13:21.733,140,62.93,17
2022-01-26 15:13:21.745,140,62.93,340
2022-01-26 15:13:21.757,140,62.93,352
2022-01-26 15:13:21.774,140,62.93,352
2022-01-26 15:13:21.790,140,62.93,17
2022-01-26 15:13:21.802,140,62.93,360
2022-01-26 15:13:21.814,140,62.93,384
2022-01-26 15:13:21.831,140,62.93,366
2022-01-26 15:13:21.847,140,63.28,16
2022-01-26 15:13:21.860,140,63.28,334
2022-01-26 15:13:21.872,140,63.28,348
2022-01-26 15:13:21.888,140,63.28,351
2022-01-26 15:13:21.905,140,63.28,17
2022-01-26 15:13:21.917,140,62.93,372
2022-01-26 15:13:21.929,140,63.28,357
2022-01-26 15:13:21.946,140,63.28,16
2022-01-26 15:13:21.958,140,63.28,355
2022-01-26 15:13:21.974,140,63.28,360
2022-01-26 15:13:21.987,140,63.28,343
2022-01-26 15:13:22.003,140,63.28,17
2022-01-26 15:13:22.016,140,62.93,356
2022-01-26 15:13:22.032,140,62.93,357
2022-01-26 15:13:22.044,140,62.93,348
2022-01-26 15:13:22.061,140,62.93,16
2022-01-26 15:13:22.073,140,62.93,381
2022-01-26 15:13:22.089,140,62.93,339
2022-01-26 15:13:22.101,140,62.93,16
2022-01-26 15:13:22.117,140,62.93,334
2022-01-26 15:13:22.130,140,62.93,381
2022-01-26 15:13:22.146,140,62.58,350
2022-01-26 15:13:22.159,140,62.58,17
2022-01-26 15:13:22.175,140,62.58,347
2022-01-26 15:13:22.187,140,62.58,381
2022-01-26 15:13:22.204,140,62.58,345
2022-01-26 15:13:22.216,140,62.58,16
2022-01-26 15:13:22.233,140,62.58,346
2022-01-26 15:13:22.245,140,62.23,384
2022-01-26 15:13:22.261,140,62.23,363
2022-01-26 15:13:22.273,140,62.23,16
2022-01-26 15:13:22.290,140,62.23,357
2022-01-26 15:13:22.302,140,62.23,375
2022-01-26 15:13:22.319,140,62.23,17
2022-01-26 15:13:22.330,140,61.88,339
2022-01-26 15:13:22.347,140,61.88,345
2022-01-26 15:13:22.359,140,61.88,359
2022-01-26 15:13:22.376,140,61.52,16
2022-01-26 15:13:22.388,140,61.52,358
2022-01-26 15:13:22.405,140,61.52,361
2022-01-26 15:13:22.417,140,61.52,373
2022-01-26 15:13:22.433,140,61.52,16
2022-01-26 15:13:22.446,140,61.17,356
2022-01-26 15:13:22.458,140,61.17,338
2022-01-26 15:13:22.474,140,61.17,17
2022-01-26 15:13:22.486,140,61.17,353
2022-01-26 15:13:22.503,140,60.82,376
2022-01-26 15:13:22.515,140,60.82,352
2022-01-26 15:13:22.532,140,60.82,17
2022-01-26 15:13:22.543,140,60.82,359
2022-01-26 15:13:22.560,140,60.82,350
2022-01-26 15:13:22.573,140,60.82,346
2022-01-26 15:13:22.589,140,60.82,16
2022-01-26 15:13:22.601,140,60.82,358
2022-01-26 15:13:22.618,140,60.82,347
2022-01-26 15:13:22.629,140,60.82,340
2022-01-26 15:13:22.646,140,60.82,16
2022-01-26 15:13:22.658,140,60.82,388
2022-01-26 15:13:22.674,140,60.82,342
2022-01-26 15:13:22.687,140,60.82,17
2022-01-26 15:13:22.703,140,60.82,338
2022-01-26 15:13:22.715,140,60.82,369
2022-01-26 15:13:22.732,140,60.82,352
2022-01-26 15:13:22.744,140,60.82,17
2022-01-26 15:13:22.761,140,60.82,372
2022-01-26 15:13:22.773,140,60.82,349
2022-01-26 15:13:22.789,140,60.82,351
2022-01-26 15:13:22.802,140,61.17,16
2022-01-26 15:13:22.818,140,61.17,354
2022-01-26 15:13:22.831,140,61.17,352
2022-01-26 15:13:22.847,140,60.82,16
2022-01-26 15:13:22.859,140,61.17,357
2022-01-26 15:13:22.876,140,61.17,375
2022-01-26 15:13:22.888,140,61.17,369
2022-01-26 15:13:22.904,140,61.52,16
2022-01-26 15:13:22.916,140,61.52,355
2022-01-26 15:13:22.933,140,61.52,338
2022-01-26 15:13:22.945,140,61.52,336
2022-01-26 15:13:22.961,140,61.52,16
2022-01-26 15:13:22.973,140,61.52,344
2022-01-26 15:13:22.990,140,61.52,362
2022-01-26 15:13:23.003,140,61.52,363
2022-01-26 15:13:23.019,140,61.52,17
2022-01-26 15:13:23.031,140,61.52,381
2022-01-26 15:13:23.047,140,61.52,364
2022-01-26 15:13:23.060,140,61.52,17
2022-01-26 15:13:23.072,140,61.52,339
2022-01-26 15:13:23.089,140,61.52,339
2022-01-26 15:13:23.105,140,61.52,358
2022-01-26 15:13:23.117,140,61.52,17
2022-01-26 15:13:23.130,140,61.52,370
2022-01-26 15:13:23.146,140,61.52,366
2022-01-26 15:13:23.158,140,61.52,344
2022-01-26 15:13:23.175,140,61.52,16
2022-01-26 15:13:23.187,140,61.52,351
2022-01-26 15:13:23.203,140,61.52,353
2022-01-26 15:13:23.215,140,61.52,17
2022-01-26 15:13:23.232,140,61.17,353
2022-01-26 15:13:23.244,140,61.17,365
2022-01-26 15:13:23.261,140,61.17,368
2022-01-26 15:13:23.272,140,61.17,16
2022-01-26 15:13:23.289,140,61.17,368
2022-01-26 15:13:23.302,140,61.17,350
2022-01-26 15:13:23.318,140,60.82,343
2022-01-26 15:13:23.330,140,60.82,17
2022-01-26 15:13:23.346,140,60.82,355
2022-01-26 15:13:23.359,140,60.82,356
2022-01-26 15:13:23.375,140,60.82,353
2022-01-26 15:13:23.387,140,60.82,16
2022-01-26 15:13:23.404,140,60.82,355
2022-01-26 15:13:23.416,140,60.47,339
2022-01-26 15:13:23.432,140,60.47,16
2022-01-26 15:13:23.445,140,60.47,353
2022-01-26 15:13:23.461,140,60.47,361
2022-01-26 15:13:23.474,140,60.12,350
2022-01-26 15:13:23.489,140,60.12,16
2022-01-26 15:13:23.502,140,60.12,362
2022-01-26 15:13:23.519,140,60.12,363
2022-01-26 15:13:23.531,140,60.12,353
2022-01-26 15:13:23.547,140,60.12,17
2022-01-26 15:13:23.560,140,59.77,333
2022-01-26 15:13:23.576,140,59.77,334
2022-01-26 15:13:23.588,140,59.77,17
2022-01-26 15:13:23.601,140,59.77,335
2022-01-26 15:13:23.617,140,59.41,346
2022-01-26 15:13:23.633,140,59.41,352
2022-01-26 15:13:23.646,140,59.41,16
2022-01-26 15:13:23.658,140,59.41,352
2022-01-26 15:13:23.674,140,59.41,353
2022-01-26 15:13:23.690,140,59.41,350
2022-01-26 15:13:23.703,140,59.06,16
2022-01-26 15:13:23.715,140,59.06,312
2022-01-26 15:13:23.731,140,59.06,350
2022-01-26 15:13:23.748,140,58.71,336
2022-01-26 15:13:23.760,140,58.71,16
2022-01-26 15:13:23.773,140,58.71,367
2022-01-26 15:13:23.789,140,58.71,356
2022-01-26 15:13:23.805,140,58.71,16
2022-01-26 15:13:23.818,140,58.71,347
2022-01-26 15:13:23.830,140,58.71,340
2022-01-26 15:13:23.846,140,58.36,361
2022-01-26 15:13:23.859,140,58.36,16
2022-01-26 15:13:23.875,140,58.36,344
2022-01-26 15:13:23.887,140,58.36,338
2022-01-26 15:13:23.904,140,58.36,360
2022-01-26 15:13:23.915,140,58.36,16
2022-01-26 15:13:23.932,140,58.36,343
2022-01-26 15:13:23.944,140,58.01,350
2022-01-26 15:13:23.961,140,58.36,17
2022-01-26 15:13:23.973,140,58.01,326
2022-01-26 15:13:23.990,140,58.01,326
2022-01-26 15:13:24.002,140,58.01,338
2022-01-26 15:13:24.018,140,58.01,16
2022-01-26 15:13:24.031,140,58.01,340
2022-01-26 15:13:24.047,140,57.66,354
2022-01-26 15:13:24.059,140,57.66,345
2022-01-26 15:13:24.075,140,57.66,17
2022-01-26 15:13:24.088,140,57.66,345
2022-01-26 15:13:24.104,140,57.66,351
2022-01-26 15:13:24.116,140,57.66,330
2022-01-26 15:13:24.133,140,57.30,16
2022-01-26 15:13:24.145,140,57.30,340
2022-01-26 15:13:24.161,140,57.30,341
2022-01-26 15:13:24.174,140,57.30,16
2022-01-26 15:13:24.190,140,57.30,344
2022-01-26 15:13:24.203,140,57.30,356
2022-01-26 15:13:24.219,140,56.95,346
2022-01-26 15:13:24.231,140,56.95,16
2022-01-26 15:13:24.248,140,56.95,343
2022-01-26 15:13:24.259,140,56.95,354
2022-01-26 15:13:24.275,140,56.95,363
2022-01-26 15:13:24.288,140,56.95,16
2022-01-26 15:13:24.300,140,56.95,336
2022-01-26 15:13:24.317,140,56.60,357
2022-01-26 15:13:24.333,140,56.60,17
2022-01-26 15:13:24.345,140,56.60,347
2022-01-26 15:13:24.358,140,56.60,341
2022-01-26 15:13:24.374,140,56.60,348
2022-01-26 15:13:24.390,140,56.60,17
2022-01-26 15:13:24.403,140,56.60,335
2022-01-26 15:13:24.415,140,56.60,347
2022-01-26 15:13:24.432,140,56.60,351
2022-01-26 15:13:24.448,140,56.60,16
2022-01-26 15:13:24.460,140,56.25,340
2022-01-26 15:13:24.473,140,56.25,350
2022-01-26 15:13:24.489,140,56.25,339
2022-01-26 15:13:24.505,140,56.25,16
2022-01-26 15:13:24.518,140,56.25,325
2022-01-26 15:13:24.530,140,56.25,356
2022-01-26 15:13:24.546,140,56.25,17
2022-01-26 15:13:24.559,140,56.25,346
2022-01-26 15:13:24.575,140,56.25,345
2022-01-26 15:13:24.588,140,56.25,350
2022-01-26 15:13:24.604,140,56.25,17
2022-01-26 15:13:24.615,140,56.25,340
2022-01-26 15:13:24.632,140,56.25,331
2022-01-26 15:13:24.644,140,56.25,330
2022-01-26 15:13:24.660,140,56.25,17
2022-01-26 15:13:24.673,140,56.25,328
2022-01-26 15:13:24.689,140,56.25,328
2022-01-26 15:13:24.702,140,56.25,17
2022-01-26 15:13:24.718,140,56.25,350
2022-01-26 15:13:24.731,140,56.25,342
2022-01-26 15:13:24.748,140,56.25,341
2022-01-26 15:13:24.760,140,55.90,16
2022-01-26 15:13:24.776,140,55.90,333
2022-01-26 15:13:24.789,140,55.90,344
2022-01-26 15:13:24.804,140,56.25,349
2022-01-26 15:13:24.817,140,56.25,16
2022-01-26 15:13:24.833,140,55.90,339
2022-01-26 15:13:24.845,140,56.25,342
2022-01-26 15:13:24.862,140,56.25,325
2022-01-26 15:13:24.874,140,55.90,16
2022-01-26 15:13:24.891,140,55.90,331
2022-01-26 15:13:24.903,140,55.90,335
2022-01-26 15:13:24.919,140,55.90,17
2022-01-26 15:13:24.932,140,55.90,340
2022-01-26 15:13:24.948,140,55.90,317
2022-01-26 15:13:24.959,140,55.90,336
2022-01-26 15:13:24.977,140,55.90,16
2022-01-26 15:13:24.989,140,55.90,354
2022-01-26 15:13:25.002,140,55.90,345
2022-01-26 15:13:25.017,140,55.90,323
2022-01-26 15:13:25.034,140,55.90,16
2022-01-26 15:13:25.045,140,55.90,319
2022-01-26 15:13:25.058,140,55.90,328
2022-01-26 15:13:25.074,140,55.90,17
2022-01-26 15:13:25.087,140,55.90,348
2022-01-26 15:13:25.103,140,55.90,337
2022-01-26 15:13:25.115,140,55.90,343
2022-01-26 15:13:25.132,140,55.90,17
2022-01-26 15:13:25.144,140,55.90,328
2022-01-26 15:13:25.160,140,55.90,357
2022-01-26 15:13:25.173,140,56.25,358
2022-01-26 15:13:25.189,140,56.25,16
2022-01-26 15:13:25.202,140,56.25,329
2022-01-26 15:13:25.218,140,56.25,340
2022-01-26 15:13:25.231,140,56.25,336
2022-01-26 15:13:25.247,140,56.25,16
2022-01-26 15:13:25.259,140,56.25,338
2022-01-26 15:13:25.276,140,56.25,341
2022-01-26 15:13:25.288,140,56.25,17
2022-01-26 15:13:25.304,140,56.25,324
2022-01-26 15:13:25.317,140,56.25,342
2022-01-26 15:13:25.333,140,56.25,340
2022-01-26 15:13:25.345,140,56.25,16
2022-01-26 15:13:25.362,140,56.25,316
2022-01-26 15:13:25.374,140,56.25,338
2022-01-26 15:13:25.390,140,56.25,343
2022-01-26 15:13:25.403,140,56.25,16
2022-01-26 15:13:25.419,140,56.25,314
2022-01-26 15:13:25.432,140,56.25,332
2022-01-26 15:13:25.447,140,56.25,17
2022-01-26 15:13:25.460,140,56.25,329
2022-01-26 15:13:25.476,140,56.25,338
2022-01-26 15:13:25.489,140,56.25,312
2022-01-26 15:13:25.505,140,56.25,17
2022-01-26 15:13:25.517,140,56.25,325
2022-01-26 15:13:25.534,140,56.25,340
2022-01-26 15:13:25.546,140,56.25,338
2022-01-26 15:13:25.562,140,56.25,17
2022-01-26 15:13:25.574,140,56.25,347
2022-01-26 15:13:25.591,140,56.25,346
2022-01-26 15:13:25.603,140,56.25,341
2022-01-26 15:13:25.620,140,56.25,16
2022-01-26 15:13:25.632,140,56.60,322
2022-01-26 15:13:25.649,140,56.60,342
2022-01-26 15:13:25.661,140,56.25,17
2022-01-26 15:13:25.673,140,56.25,343
2022-01-26 15:13:25.689,140,56.60,337
2022-01-26 15:13:25.702,140,56.25,305
2022-01-26 15:13:25.718,140,56.25,17
2022-01-26 15:13:25.730,140,56.25,349
2022-01-26 15:13:25.747,140,56.25,342
2022-01-26 15:13:25.759,140,56.25,343
2022-01-26 15:13:25.775,140,56.25,16
2022-01-26 15:13:25.788,140,56.25,312
2022-01-26 15:13:25.804,140,56.25,371
2022-01-26 15:13:25.816,140,56.25,17
2022-01-26 15:13:25.832,140,56.25,329
2022-01-26 15:13:25.845,140,56.25,338
2022-01-26 15:13:25.862,140,56.25,347
2022-01-26 15:13:25.873,140,56.25,17
2022-01-26 15:13:25.890,140,56.25,333
2022-01-26 15:13:25.902,140,56.25,334
2022-01-26 15:13:25.919,140,56.25,341
2022-01-26 15:13:25.931,140,56.25,17
2022-01-26 15:13:25.947,140,56.25,340
2022-01-26 15:13:25.960,140,56.25,356
2022-01-26 15:13:25.976,140,56.25,337
2022-01-26 15:13:25.988,140,56.25,17
2022-01-26 15:13:26.005,140,56.25,339
2022-01-26 15:13:26.017,140,56.25,344
2022-01-26 15:13:26.033,140,56.25,16
2022-01-26 15:13:26.045,140,56.25,329
2022-01-26 15:13:26.061,140,56.25,344
2022-01-26 15:13:26.075,140,56.25,343
2022-01-26 15:13:26.091,140,56.25,17
2022-01-26 15:13:26.103,140,56.25,335
2022-01-26 15:13:26.119,140,55.90,348
2022-01-26 15:13:26.132,140,55.90,323
2022-01-26 15:13:26.148,140,55.90,16
2022-01-26 15:13:26.160,140,55.90,303
2022-01-26 15:13:26.177,140,55.90,360
2022-01-26 15:13:26.189,140,55.90,16
2022-01-26 15:13:26.201,140,55.90,333
2022-01-26 15:13:26.217,140,55.55,337
2022-01-26 15:13:26.234,140,55.55,351
2022-01-26 15:13:26.246,140,55.55,16
2022-01-26 15:13:26.259,140,55.55,336
2022-01-26 15:13:26.275,140,55.90,349
2022-01-26 15:13:26.292,140,55.55,320
2022-01-26 15:13:26.304,140,55.55,17
2022-01-26 15:13:26.316,140,55.55,344
2022-01-26 15:13:26.332,140,55.55,355
2022-01-26 15:13:26.348,140,55.55,328
2022-01-26 15:13:26.361,140,55.20,16
2022-01-26 15:13:26.373,140,55.55,345
2022-01-26 15:13:26.389,140,55.55,335
2022-01-26 15:13:26.406,140,55.20,17
2022-01-26 15:13:26.418,140,55.55,341
2022-01-26 15:13:26.430,140,55.55,304
2022-01-26 15:13:26.447,140,55.55,351
2022-01-26 15:13:26.459,140,55.55,16
2022-01-26 15:13:26.476,140,55.55,342
2022-01-26 15:13:26.488,140,55.55,315
2022-01-26 15:13:26.504,140,55.55,341
2022-01-26 15:13:26.517,140,55.55,16
2022-01-26 15:13:26.533,140,55.55,323
2022-01-26 15:13:26.545,140,55.55,326
2022-01-26 15:13:26.562,140,55.55,17
2022-01-26 15:13:26.574,140,55.55,323
2022-01-26 15:13:26.591,140,55.55,333
2022-01-26 15:13:26.603,140,55.55,348
2022-01-26 15:13:26.619,140,55.55,17
2022-01-26 15:13:26.631,140,55.55,324
2022-01-26 15:13:26.648,140,55.55,338
2022-01-26 15:13:26.660,140,55.55,319
2022-01-26 15:13:26.676,140,55.55,16
2022-01-26 15:13:26.689,140,55.55,308
2022-01-26 15:13:26.705,140,55.55,332
2022-01-26 15:13:26.718,140,55.55,321
2022-01-26 15:13:26.734,140,55.55,16
2022-01-26 15:13:26.746,140,55.55,315
2022-01-26 15:13:26.762,140,55.55,337
2022-01-26 15:13:26.774,140,55.55,16
2022-01-26 15:13:26.791,140,55.55,331
2022-01-26 15:13:26.804,140,55.55,320
2022-01-26 15:13:26.820,140,55.20,347
2022-01-26 15:13:26.832,140,55.55,16
2022-01-26 15:13:26.845,140,55.55,314
2022-01-26 15:13:26.861,140,55.20,326
2022-01-26 15:13:26.876,140,55.20,313
2022-01-26 15:13:26.889,140,55.20,17
2022-01-26 15:13:26.902,140,55.20,332
2022-01-26 15:13:26.918,140,54.84,286
2022-01-26 15:13:26.935,140,54.84,17
2022-01-26 15:13:26.947,140,54.84,323
2022-01-26 15:13:26.959,140,54.84,343
2022-01-26 15:13:26.975,140,54.84,345
2022-01-26 15:13:26.992,140,54.49,16
2022-01-26 15:13:27.004,140,54.49,349
2022-01-26 15:13:27.016,140,54.49,340
2022-01-26 15:13:27.032,140,54.14,320
2022-01-26 15:13:27.049,140,54.14,17
2022-01-26 15:13:27.061,140,54.14,321
2022-01-26 15:13:27.073,140,53.79,338
2022-01-26 15:13:27.090,140,53.79,338
2022-01-26 15:13:27.107,140,53.79,16
2022-01-26 15:13:27.119,140,53.79,331
2022-01-26 15:13:27.131,140,53.79,323
2022-01-26 15:13:27.148,140,53.79,16
2022-01-26 15:13:27.160,140,53.44,331
2022-01-26 15:13:27.176,140,53.44,340
2022-01-26 15:13:27.189,140,53.44,334
2022-01-26 15:13:27.205,140,53.44,17
2022-01-26 15:13:27.217,140,53.44,346
2022-01-26 15:13:27.233,140,53.44,357
2022-01-26 15:13:27.246,140,53.44,343
2022-01-26 15:13:27.262,140,53.44,17
2022-01-26 15:13:27.274,140,53.44,340
2022-01-26 15:13:27.291,140,53.44,327
2022-01-26 15:13:27.303,140,53.44,17
2022-01-26 15:13:27.319,140,53.44,329
2022-01-26 15:13:27.332,140,53.79,315
2022-01-26 15:13:27.348,140,53.79,333
2022-01-26 15:13:27.361,140,53.79,17
2022-01-26 15:13:27.377,140,53.79,328
2022-01-26 15:13:27.389,140,53.79,332
2022-01-26 15:13:27.405,140,53.79,327
2022-01-26 15:13:27.418,140,53.79,16
2022-01-26 15:13:27.434,140,53.79,342
2022-01-26 15:13:27.447,140,53.79,348
2022-01-26 15:13:27.463,140,53.79,352
2022-01-26 15:13:27.475,140,54.14,16
2022-01-26 15:13:27.492,140,54.14,348
2022-01-26 15:13:27.504,140,54.14,349
2022-01-26 15:13:27.520,140,54.14,17
2022-01-26 15:13:27.532,140,54.14,334
2022-01-26 15:13:27.545,140,54.49,343
2022-01-26 15:13:27.561,140,54.49,336
2022-01-26 15:13:27.577,140,54.14,16
2022-01-26 15:13:27.590,140,54.49,319
2022-01-26 15:13:27.602,140,54.49,343
2022-01-26 15:13:27.618,140,54.49,338
2022-01-26 15:13:27.635,140,54.49,17
2022-01-26 15:13:27.647,140,54.49,335
2022-01-26 15:13:27.659,140,54.49,329
2022-01-26 15:13:27.676,140,54.49,17
2022-01-26 15:13:27.688,140,54.49,345
2022-01-26 15:13:27.705,140,54.84,325
2022-01-26 15:13:27.717,140,54.84,341
2022-01-26 15:13:27.733,140,54.84,16
2022-01-26 15:13:27.745,140,54.84,345
2022-01-26 15:13:27.761,-11870,54.84,16
