2022-01-24 12:18:18.515,1760,412,
2022-01-24 12:18:18.516,60,16,
2022-01-24 12:18:18.516,60,16,
2022-01-24 12:18:18.516,60,17,
2022-01-24 12:18:18.517,60,245,
2022-01-24 12:18:18.517,60,17,
2022-01-24 12:18:18.517,60,160,16
2022-01-24 12:18:18.540,60,16,
2022-01-24 12:18:18.564,60,512,
2022-01-24 12:18:18.588,60,17,
2022-01-24 12:18:18.609,60,16,
2022-01-24 12:18:18.633,60,16,
2022-01-24 12:18:18.654,60,477,
2022-01-24 12:18:18.678,60,17,
2022-01-24 12:18:18.698,60,16,
2022-01-24 12:18:18.723,60,16,
2022-01-24 12:18:18.747,60,473,
2022-01-24 12:18:18.772,60,16,
2022-01-24 12:18:18.793,60,16,
2022-01-24 12:18:18.813,60,16,
2022-01-24 12:18:18.837,60,447,
2022-01-24 12:18:18.863,60,16,
2022-01-24 12:18:18.883,60,17,
2022-01-24 12:18:18.908,60,16,
2022-01-24 12:18:18.932,60,436,
2022-01-24 12:18:18.953,60,16,
2022-01-24 12:18:18.977,60,16,
2022-01-24 12:18:18.998,60,16,
2022-01-24 12:18:19.022,60,16,
2022-01-24 12:18:19.047,60,431,
2022-01-24 12:18:19.067,60,16,
2022-01-24 12:18:19.091,60,16,
2022-01-24 12:18:19.112,60,16,
2022-01-24 12:18:19.136,60,439,
2022-01-24 12:18:19.161,60,16,
2022-01-24 12:18:19.182,60,16,
2022-01-24 12:18:19.207,60,16,
2022-01-24 12:18:19.227,60,413,
2022-01-24 12:18:19.252,60,16,
2022-01-24 12:18:19.276,60,17,
2022-01-24 12:18:19.297,60,16,
2022-01-24 12:18:19.321,60,406,
2022-01-24 12:18:19.346,60,16,
2022-01-24 12:18:19.367,60,16,
2022-01-24 12:18:19.391,60,16,
2022-01-24 12:18:19.411,60,413,
2022-01-24 12:18:19.436,60,16,
2022-01-24 12:18:19.456,60,16,
2022-01-24 12:18:19.481,60,16,
2022-01-24 12:18:19.506,60,407,
2022-01-24 12:18:19.526,60,16,
2022-01-24 12:18:19.551,60,16,
2022-01-24 12:18:19.571,60,16,
2022-01-24 12:18:19.596,60,422,
2022-01-24 12:18:19.620,60,16,
2022-01-24 12:18:19.640,60,16,
2022-01-24 12:18:19.666,60,16,
2022-01-24 12:18:19.686,60,400,
2022-01-24 12:18:19.710,60,17,
2022-01-24 12:18:19.735,60,16,
2022-01-24 12:18:19.756,60,16,
2022-01-24 12:18:19.780,60,16,
2022-01-24 12:18:19.801,60,410,
2022-01-24 12:18:19.825,60,16,
2022-01-24 12:18:19.850,60,16,
2022-01-24 12:18:19.870,60,16,
2022-01-24 12:18:19.895,60,395,
2022-01-24 12:18:19.919,60,16,
2022-01-24 12:18:19.940,60,16,
2022-01-24 12:18:19.967,60,16,
2022-01-24 12:18:19.985,60,410,
2022-01-24 12:18:20.010,60,16,
2022-01-24 12:18:20.030,60,17,
2022-01-24 12:18:20.054,60,16,
2022-01-24 12:18:20.079,60,431,
2022-01-24 12:18:20.104,60,16,
2022-01-24 12:18:20.124,60,16,
2022-01-24 12:18:20.145,60,16,
2022-01-24 12:18:20.169,60,412,
2022-01-24 12:18:20.194,60,16,
2022-01-24 12:18:20.214,60,16,
2022-01-24 12:18:20.239,60,16,
2022-01-24 12:18:20.260,60,429,
2022-01-24 12:18:20.284,60,17,
2022-01-24 12:18:20.309,60,16,
2022-01-24 12:18:20.329,60,16,
2022-01-24 12:18:20.354,60,15,
2022-01-24 12:18:20.374,60,408,
2022-01-24 12:18:20.401,60,16,
2022-01-24 12:18:20.423,60,16,
2022-01-24 12:18:20.444,60,16,
2022-01-24 12:18:20.468,60,398,
2022-01-24 12:18:20.492,60,16,
2022-01-24 12:18:20.513,60,16,
2022-01-24 12:18:20.538,60,16,
2022-01-24 12:18:20.558,60,417,
2022-01-24 12:18:20.583,60,16,
2022-01-24 12:18:20.607,60,16,
2022-01-24 12:18:20.628,60,16,
2022-01-24 12:18:20.653,60,410,
2022-01-24 12:18:20.677,60,16,
2022-01-24 12:18:20.698,60,16,
2022-01-24 12:18:20.722,60,16,
2022-01-24 12:18:20.743,60,411,
2022-01-24 12:18:20.767,60,16,
2022-01-24 12:18:20.801,60,16,
2022-01-24 12:18:20.814,60,16,
2022-01-24 12:18:20.837,60,420,
2022-01-24 12:18:20.857,60,16,
2022-01-24 12:18:20.882,60,16,
2022-01-24 12:18:20.902,60,16,
2022-01-24 12:18:20.927,60,416,
2022-01-24 12:18:20.952,60,16,
2022-01-24 12:18:20.972,60,16,
2022-01-24 12:18:20.997,60,16,
2022-01-24 12:18:21.017,60,387,
2022-01-24 12:18:21.042,60,16,
2022-01-24 12:18:21.066,60,16,
2022-01-24 12:18:21.086,60,16,
2022-01-24 12:18:21.112,60,16,
2022-01-24 12:18:21.132,60,411,
2022-01-24 12:18:21.156,60,16,
2022-01-24 12:18:21.182,60,17,
2022-01-24 12:18:21.201,60,16,
2022-01-24 12:18:21.226,60,415,
2022-01-24 12:18:21.251,60,16,
2022-01-24 12:18:21.271,60,17,
2022-01-24 12:18:21.296,60,16,
2022-01-24 12:18:21.315,60,403,
2022-01-24 12:18:21.340,60,16,
2022-01-24 12:18:21.361,60,16,
2022-01-24 12:18:21.393,60,16,
2022-01-24 12:18:21.410,60,430,
2022-01-24 12:18:21.435,60,16,
2022-01-24 12:18:21.455,60,16,
2022-01-24 12:18:21.476,60,16,
2022-01-24 12:18:21.500,60,424,
2022-01-24 12:18:21.525,60,16,
2022-01-24 12:18:21.545,60,16,
2022-01-24 12:18:21.570,60,16,
2022-01-24 12:18:21.591,60,398,
2022-01-24 12:18:21.615,60,17,
2022-01-24 12:18:21.640,60,16,
2022-01-24 12:18:21.660,60,17,
2022-01-24 12:18:21.685,60,16,
2022-01-24 12:18:21.705,60,394,
2022-01-24 12:18:21.730,60,16,
2022-01-24 12:18:21.754,60,17,
2022-01-24 12:18:21.775,60,16,
2022-01-24 12:18:21.799,60,394,
2022-01-24 12:18:21.824,60,16,
2022-01-24 12:18:21.844,60,16,
2022-01-24 12:18:21.869,60,16,
2022-01-24 12:18:21.890,60,426,
2022-01-24 12:18:21.914,60,16,
2022-01-24 12:18:21.939,60,16,
2022-01-24 12:18:21.959,60,16,
2022-01-24 12:18:21.984,60,400,
2022-01-24 12:18:22.008,60,16,
2022-01-24 12:18:22.028,60,16,
2022-01-24 12:18:22.053,60,17,
2022-01-24 12:18:22.073,60,407,
2022-01-24 12:18:22.099,60,16,
2022-01-24 12:18:22.118,60,16,
2022-01-24 12:18:22.143,60,16,
2022-01-24 12:18:22.168,60,420,
2022-01-24 12:18:22.188,60,16,
2022-01-24 12:18:22.213,60,16,
2022-01-24 12:18:22.234,60,16,
2022-01-24 12:18:22.258,60,396,
2022-01-24 12:18:22.282,60,16,
2022-01-24 12:18:22.303,60,16,
2022-01-24 12:18:22.328,60,16,
2022-01-24 12:18:22.348,60,16,
2022-01-24 12:18:22.373,60,414,
2022-01-24 12:18:22.397,60,16,
2022-01-24 12:18:22.418,60,16,
2022-01-24 12:18:22.443,60,16,
2022-01-24 12:18:22.463,60,398,
2022-01-24 12:18:22.488,60,16,
2022-01-24 12:18:22.512,60,16,
2022-01-24 12:18:22.533,60,16,
2022-01-24 12:18:22.557,60,415,
2022-01-24 12:18:22.581,60,16,
2022-01-24 12:18:22.601,60,16,
2022-01-24 12:18:22.626,60,16,
2022-01-24 12:18:22.647,60,407,
2022-01-24 12:18:22.672,60,16,
2022-01-24 12:18:22.693,60,16,
2022-01-24 12:18:22.716,60,16,
2022-01-24 12:18:22.741,60,422,
2022-01-24 12:18:22.762,60,16,
2022-01-24 12:18:22.787,60,16,
2022-01-24 12:18:22.807,60,16,
2022-01-24 12:18:22.832,60,411,
2022-01-24 12:18:22.856,60,17,
2022-01-24 12:18:22.877,60,16,
2022-01-24 12:18:22.901,60,16,
2022-01-24 12:18:22.922,60,16,
2022-01-24 12:18:22.946,60,406,
2022-01-24 12:18:22.972,60,16,
2022-01-24 12:18:22.991,60,16,
2022-01-24 12:18:23.016,60,16,
2022-01-24 12:18:23.036,60,403,
2022-01-24 12:18:23.061,60,16,
2022-01-24 12:18:23.085,60,16,
2022-01-24 12:18:23.106,60,16,
2022-01-24 12:18:23.130,70,422,
2022-01-24 12:18:23.154,70,16,
2022-01-24 12:18:23.175,60,16,
2022-01-24 12:18:23.200,60,16,
2022-01-24 12:18:23.221,60,419,
2022-01-24 12:18:23.245,60,16,
2022-01-24 12:18:23.270,60,16,
2022-01-24 12:18:23.290,60,16,
2022-01-24 12:18:23.314,60,434,
2022-01-24 12:18:23.339,60,16,
2022-01-24 12:18:23.360,60,16,
2022-01-24 12:18:23.393,60,16,
2022-01-24 12:18:23.408,60,413,
2022-01-24 12:18:23.429,60,16,
2022-01-24 12:18:23.450,60,17,
2022-01-24 12:18:23.474,60,17,
2022-01-24 12:18:23.499,60,427,
2022-01-24 12:18:23.520,60,16,
2022-01-24 12:18:23.544,60,16,
2022-01-24 12:18:23.564,60,16,
2022-01-24 12:18:23.589,60,373,
2022-01-24 12:18:23.614,60,17,
2022-01-24 12:18:23.634,60,16,
2022-01-24 12:18:23.659,60,17,
2022-01-24 12:18:23.679,60,16,
2022-01-24 12:18:23.704,60,407,
2022-01-24 12:18:23.729,60,16,
2022-01-24 12:18:23.749,60,16,
2022-01-24 12:18:23.774,60,16,
2022-01-24 12:18:23.794,60,402,
2022-01-24 12:18:23.818,60,16,
2022-01-24 12:18:23.843,60,16,
2022-01-24 12:18:23.864,60,16,
2022-01-24 12:18:23.888,60,408,
2022-01-24 12:18:23.913,60,16,
2022-01-24 12:18:23.933,60,16,
2022-01-24 12:18:23.960,60,16,
2022-01-24 12:18:23.980,60,420,
2022-01-24 12:18:24.003,60,17,
2022-01-24 12:18:24.023,60,16,
2022-01-24 12:18:24.048,60,16,
2022-01-24 12:18:24.073,60,423,
2022-01-24 12:18:24.093,60,16,
2022-01-24 12:18:24.117,60,16,
2022-01-24 12:18:24.139,60,16,
2022-01-24 12:18:24.163,60,383,
2022-01-24 12:18:24.188,60,16,
2022-01-24 12:18:24.208,60,16,
2022-01-24 12:18:24.232,60,16,
2022-01-24 12:18:24.253,60,16,
2022-01-24 12:18:24.277,60,424,
2022-01-24 12:18:24.302,60,16,
2022-01-24 12:18:24.323,60,16,
2022-01-24 12:18:24.347,60,16,
2022-01-24 12:18:24.367,60,405,
2022-01-24 12:18:24.395,60,17,
2022-01-24 12:18:24.416,60,16,
2022-01-24 12:18:24.436,60,17,
2022-01-24 12:18:24.461,60,399,
2022-01-24 12:18:24.485,60,16,
2022-01-24 12:18:24.506,60,16,
2022-01-24 12:18:24.531,60,16,
2022-01-24 12:18:24.552,60,426,
2022-01-24 12:18:24.576,60,16,
2022-01-24 12:18:24.596,60,16,
2022-01-24 12:18:24.621,60,16,
2022-01-24 12:18:24.648,60,417,
2022-01-24 12:18:24.670,60,16,
2022-01-24 12:18:24.691,60,16,
2022-01-24 12:18:24.712,60,16,
2022-01-24 12:18:24.736,60,415,
2022-01-24 12:18:24.761,60,16,
2022-01-24 12:18:24.781,60,16,
2022-01-24 12:18:24.806,60,16,
2022-01-24 12:18:24.826,60,375,
2022-01-24 12:18:24.851,60,16,
2022-01-24 12:18:24.875,60,16,
2022-01-24 12:18:24.896,60,16,
2022-01-24 12:18:24.920,60,16,
2022-01-24 12:18:24.941,60,413,
2022-01-24 12:18:24.965,60,17,
2022-01-24 12:18:24.990,60,16,
2022-01-24 12:18:25.011,60,17,
2022-01-24 12:18:25.035,60,412,
2022-01-24 12:18:25.060,60,16,
2022-01-24 12:18:25.080,60,17,
2022-01-24 12:18:25.105,60,16,
2022-01-24 12:18:25.125,60,410,
2022-01-24 12:18:25.150,60,16,
2022-01-24 12:18:25.174,60,16,
2022-01-24 12:18:25.194,60,16,
2022-01-24 12:18:25.219,60,418,
2022-01-24 12:18:25.244,60,16,
2022-01-24 12:18:25.264,60,16,
2022-01-24 12:18:25.289,60,16,
2022-01-24 12:18:25.309,60,430,
2022-01-24 12:18:25.333,60,16,
2022-01-24 12:18:25.355,60,16,
2022-01-24 12:18:25.379,60,16,
2022-01-24 12:18:25.404,60,379,
2022-01-24 12:18:25.423,60,16,
2022-01-24 12:18:25.449,60,16,
2022-01-24 12:18:25.469,60,17,
2022-01-24 12:18:25.494,60,16,
2022-01-24 12:18:25.518,60,416,
2022-01-24 12:18:25.539,60,16,
2022-01-24 12:18:25.564,60,17,
2022-01-24 12:18:25.584,60,16,
2022-01-24 12:18:25.609,60,402,
2022-01-24 12:18:25.634,60,17,
2022-01-24 12:18:25.654,60,16,
2022-01-24 12:18:25.678,60,16,
2022-01-24 12:18:25.699,60,420,
2022-01-24 12:18:25.723,60,16,
2022-01-24 12:18:25.748,60,16,
2022-01-24 12:18:25.768,60,16,
2022-01-24 12:18:25.793,60,415,
2022-01-24 12:18:25.817,60,16,
2022-01-24 12:18:25.839,60,16,
2022-01-24 12:18:25.862,60,16,
2022-01-24 12:18:25.883,60,418,
2022-01-24 12:18:25.908,60,17,
2022-01-24 12:18:25.928,60,16,
2022-01-24 12:18:25.952,60,17,
2022-01-24 12:18:25.977,60,384,
2022-01-24 12:18:25.997,60,17,
2022-01-24 12:18:26.022,60,16,
2022-01-24 12:18:26.043,60,16,
2022-01-24 12:18:26.067,60,414,
2022-01-24 12:18:26.091,60,16,
2022-01-24 12:18:26.112,60,16,
2022-01-24 12:18:26.136,60,16,
2022-01-24 12:18:26.157,60,16,
2022-01-24 12:18:26.182,60,410,
2022-01-24 12:18:26.207,60,16,
2022-01-24 12:18:26.227,60,16,
2022-01-24 12:18:26.252,60,16,
2022-01-24 12:18:26.272,60,395,
2022-01-24 12:18:26.296,60,16,
2022-01-24 12:18:26.321,60,16,
2022-01-24 12:18:26.341,60,16,
2022-01-24 12:18:26.366,60,425,
2022-01-24 12:18:26.396,60,16,
2022-01-24 12:18:26.411,60,16,
2022-01-24 12:18:26.436,60,16,
2022-01-24 12:18:26.456,60,413,
2022-01-24 12:18:26.481,60,16,
2022-01-24 12:18:26.501,60,16,
2022-01-24 12:18:26.526,60,16,
2022-01-24 12:18:26.550,60,438,
2022-01-24 12:18:26.575,60,16,
2022-01-24 12:18:26.595,60,16,
2022-01-24 12:18:26.620,60,16,
2022-01-24 12:18:26.641,60,429,
2022-01-24 12:18:26.666,60,16,
2022-01-24 12:18:26.686,60,16,
2022-01-24 12:18:26.710,60,16,
2022-01-24 12:18:26.735,60,16,
2022-01-24 12:18:26.755,60,402,
2022-01-24 12:18:26.780,60,17,
2022-01-24 12:18:26.800,60,16,
2022-01-24 12:18:26.825,60,16,
2022-01-24 12:18:26.853,60,391,
2022-01-24 12:18:26.870,60,16,
2022-01-24 12:18:26.894,60,17,
2022-01-24 12:18:26.915,60,16,
2022-01-24 12:18:26.939,60,417,
2022-01-24 12:18:26.964,60,17,
2022-01-24 12:18:26.984,60,17,
2022-01-24 12:18:27.009,60,16,
2022-01-24 12:18:27.030,60,418,
2022-01-24 12:18:27.054,60,16,
2022-01-24 12:18:27.079,60,17,
2022-01-24 12:18:27.099,60,16,
2022-01-24 12:18:27.124,60,416,
2022-01-24 12:18:27.149,60,16,
2022-01-24 12:18:27.169,60,16,
2022-01-24 12:18:27.194,60,16,
2022-01-24 12:18:27.214,60,423,
2022-01-24 12:18:27.238,60,16,
2022-01-24 12:18:27.259,60,16,
2022-01-24 12:18:27.283,60,16,
2022-01-24 12:18:27.308,60,425,
2022-01-24 12:18:27.328,60,16,
2022-01-24 12:18:27.353,60,16,
2022-01-24 12:18:27.374,60,16,
2022-01-24 12:18:27.398,60,16,
2022-01-24 12:18:27.423,60,402,
2022-01-24 12:18:27.444,60,16,
2022-01-24 12:18:27.468,60,17,
2022-01-24 12:18:27.489,60,16,
2022-01-24 12:18:27.513,60,403,
2022-01-24 12:18:27.537,60,16,
2022-01-24 12:18:27.558,60,16,
2022-01-24 12:18:27.582,60,17,
2022-01-24 12:18:27.603,60,430,
2022-01-24 12:18:27.628,60,16,
2022-01-24 12:18:27.652,60,17,
2022-01-24 12:18:27.673,60,16,
2022-01-24 12:18:27.697,60,415,
2022-01-24 12:18:27.722,60,16,
2022-01-24 12:18:27.742,60,16,
2022-01-24 12:18:27.767,60,17,
2022-01-24 12:18:27.787,60,417,
2022-01-24 12:18:27.812,60,16,
2022-01-24 12:18:27.833,60,16,
2022-01-24 12:18:27.857,60,17,
2022-01-24 12:18:27.882,60,415,
2022-01-24 12:18:27.906,60,16,
2022-01-24 12:18:27.927,60,16,
2022-01-24 12:18:27.947,60,16,
2022-01-24 12:18:27.972,60,16,
2022-01-24 12:18:27.996,60,400,
2022-01-24 12:18:28.021,60,16,
2022-01-24 12:18:28.041,60,16,
2022-01-24 12:18:28.062,60,16,
2022-01-24 12:18:28.086,60,409,
2022-01-24 12:18:28.111,60,16,
2022-01-24 12:18:28.131,60,16,
2022-01-24 12:18:28.156,60,16,
2022-01-24 12:18:28.181,60,378,
2022-01-24 12:18:28.202,60,16,
2022-01-24 12:18:28.226,60,16,
2022-01-24 12:18:28.246,60,16,
2022-01-24 12:18:28.271,60,424,
2022-01-24 12:18:28.295,60,16,
2022-01-24 12:18:28.316,60,16,
2022-01-24 12:18:28.340,60,16,
2022-01-24 12:18:28.361,60,426,
2022-01-24 12:18:28.385,60,16,
2022-01-24 12:18:28.410,60,17,
2022-01-24 12:18:28.430,60,17,
2022-01-24 12:18:28.455,60,409,
2022-01-24 12:18:28.479,60,16,
2022-01-24 12:18:28.499,60,17,
2022-01-24 12:18:28.524,60,16,
2022-01-24 12:18:28.545,60,436,
2022-01-24 12:18:28.569,60,17,
2022-01-24 12:18:28.590,60,16,
2022-01-24 12:18:28.614,60,16,
2022-01-24 12:18:28.639,60,16,
2022-01-24 12:18:28.660,60,428,
2022-01-24 12:18:28.684,60,16,
2022-01-24 12:18:28.705,60,16,
2022-01-24 12:18:28.728,60,16,
2022-01-24 12:18:28.754,60,408,
2022-01-24 12:18:28.774,60,16,
2022-01-24 12:18:28.799,60,16,
2022-01-24 12:18:28.821,60,16,
2022-01-24 12:18:28.844,60,408,
2022-01-24 12:18:28.869,60,17,
2022-01-24 12:18:28.889,60,16,
2022-01-24 12:18:28.914,60,16,
2022-01-24 12:18:28.935,60,414,
2022-01-24 12:18:28.958,60,16,
2022-01-24 12:18:28.983,60,17,
2022-01-24 12:18:29.003,60,16,
2022-01-24 12:18:29.028,60,417,
2022-01-24 12:18:29.053,60,17,
2022-01-24 12:18:29.074,60,16,
2022-01-24 12:18:29.098,60,16,
2022-01-24 12:18:29.118,60,413,
2022-01-24 12:18:29.143,60,16,
2022-01-24 12:18:29.164,60,16,
2022-01-24 12:18:29.188,60,16,
2022-01-24 12:18:29.213,60,233,
2022-01-24 12:18:29.233,60,16,
2022-01-24 12:18:29.258,60,16,
2022-01-24 12:18:29.278,60,16,
2022-01-24 12:18:29.302,60,16,
2022-01-24 12:18:29.328,60,415,
2022-01-24 12:18:29.352,60,16,
2022-01-24 12:18:29.372,60,17,
2022-01-24 12:18:29.397,60,16,
2022-01-24 12:18:29.418,60,403,
2022-01-24 12:18:29.442,60,16,
2022-01-24 12:18:29.462,60,16,
2022-01-24 12:18:29.487,60,16,
2022-01-24 12:18:29.507,60,420,
2022-01-24 12:18:29.532,60,16,
2022-01-24 12:18:29.557,60,16,
2022-01-24 12:18:29.578,60,16,
2022-01-24 12:18:29.601,60,440,
2022-01-24 12:18:29.626,90,16,
2022-01-24 12:18:29.647,90,17,
2022-01-24 12:18:29.672,90,17,
2022-01-24 12:18:29.692,90,414,
2022-01-24 12:18:29.717,90,16,
2022-01-24 12:18:29.741,90,16,
2022-01-24 12:18:29.762,90,17,
2022-01-24 12:18:29.786,90,397,
2022-01-24 12:18:29.810,90,384,
2022-01-24 12:18:29.832,90,16,
2022-01-24 12:18:29.857,90,16,
2022-01-24 12:18:29.876,90,396,
2022-01-24 12:18:29.901,90,394,
2022-01-24 12:18:29.926,90,17,
2022-01-24 12:18:29.945,90,16,
2022-01-24 12:18:29.974,90,398,
2022-01-24 12:18:29.991,90,409,
2022-01-24 12:18:30.015,90,16,
2022-01-24 12:18:30.036,90,16,
2022-01-24 12:18:30.060,90,397,
2022-01-24 12:18:30.085,90,388,
2022-01-24 12:18:30.106,90,16,
2022-01-24 12:18:30.130,90,16,
2022-01-24 12:18:30.151,90,398,
2022-01-24 12:18:30.176,90,376,
2022-01-24 12:18:30.200,90,16,
2022-01-24 12:18:30.220,90,16,
2022-01-24 12:18:30.245,90,408,
2022-01-24 12:18:30.270,90,383,
2022-01-24 12:18:30.290,90,16,
2022-01-24 12:18:30.315,90,16,
2022-01-24 12:18:30.335,90,404,
2022-01-24 12:18:30.359,90,383,
2022-01-24 12:18:30.384,90,17,
2022-01-24 12:18:30.406,90,16,
2022-01-24 12:18:30.429,90,389,
2022-01-24 12:18:30.454,90,389,
2022-01-24 12:18:30.474,90,16,
2022-01-24 12:18:30.498,90,16,
2022-01-24 12:18:30.519,90,347,
2022-01-24 12:18:30.544,90,383,
2022-01-24 12:18:30.568,90,16,
2022-01-24 12:18:30.589,90,16,
2022-01-24 12:18:30.613,90,16,
2022-01-24 12:18:30.634,90,372,
2022-01-24 12:18:30.659,90,16,
2022-01-24 12:18:30.679,90,16,
2022-01-24 12:18:30.704,90,16,
2022-01-24 12:18:30.728,90,394,
2022-01-24 12:18:30.749,90,17,
2022-01-24 12:18:30.774,90,16,
2022-01-24 12:18:30.794,90,16,
2022-01-24 12:18:30.818,90,383,
2022-01-24 12:18:30.843,90,16,
2022-01-24 12:18:30.863,90,17,
2022-01-24 12:18:30.888,90,16,
2022-01-24 12:18:30.908,90,388,
2022-01-24 12:18:30.933,90,16,
2022-01-24 12:18:30.962,90,16,
2022-01-24 12:18:30.978,90,16,
2022-01-24 12:18:31.003,90,406,
2022-01-24 12:18:31.027,90,387,
2022-01-24 12:18:31.048,90,17,
2022-01-24 12:18:31.072,90,16,
2022-01-24 12:18:31.093,90,379,
2022-01-24 12:18:31.118,90,353,
2022-01-24 12:18:31.142,90,16,
2022-01-24 12:18:31.162,90,16,
2022-01-24 12:18:31.187,90,394,
2022-01-24 12:18:31.207,90,378,
2022-01-24 12:18:31.232,90,16,
2022-01-24 12:18:31.253,90,16,
2022-01-24 12:18:31.277,90,380,
2022-01-24 12:18:31.302,90,371,
2022-01-24 12:18:31.326,90,17,
2022-01-24 12:18:31.346,90,16,
2022-01-24 12:18:31.367,90,398,
2022-01-24 12:18:31.399,90,371,
2022-01-24 12:18:31.416,90,16,
2022-01-24 12:18:31.437,90,17,
2022-01-24 12:18:31.461,90,394,
2022-01-24 12:18:31.486,90,384,
2022-01-24 12:18:31.507,90,16,
2022-01-24 12:18:31.531,90,16,
2022-01-24 12:18:31.551,90,418,
2022-01-24 12:18:31.576,90,362,
2022-01-24 12:18:31.601,90,16,
2022-01-24 12:18:31.621,90,16,
2022-01-24 12:18:31.645,90,357,
2022-01-24 12:18:31.670,90,395,
2022-01-24 12:18:31.690,90,16,
2022-01-24 12:18:31.715,90,16,
2022-01-24 12:18:31.735,90,16,
2022-01-24 12:18:31.760,90,389,
2022-01-24 12:18:31.785,90,16,
2022-01-24 12:18:31.805,90,16,
2022-01-24 12:18:31.830,90,16,
2022-01-24 12:18:31.850,90,380,
2022-01-24 12:18:31.875,90,16,
2022-01-24 12:18:31.895,90,16,
2022-01-24 12:18:31.920,90,16,
2022-01-24 12:18:31.945,90,405,
2022-01-24 12:18:31.966,90,17,
2022-01-24 12:18:31.990,90,16,
2022-01-24 12:18:32.010,90,17,
2022-01-24 12:18:32.035,90,394,
2022-01-24 12:18:32.059,90,17,
2022-01-24 12:18:32.080,90,16,
2022-01-24 12:18:32.104,90,16,
2022-01-24 12:18:32.124,90,380,
2022-01-24 12:18:32.149,90,387,
2022-01-24 12:18:32.173,90,16,
2022-01-24 12:18:32.194,90,16,
2022-01-24 12:18:32.219,90,395,
2022-01-24 12:18:32.243,90,391,
2022-01-24 12:18:32.263,90,16,
2022-01-24 12:18:32.289,90,16,
2022-01-24 12:18:32.309,90,393,
2022-01-24 12:18:32.333,90,404,
2022-01-24 12:18:32.358,90,16,
2022-01-24 12:18:32.378,90,16,
2022-01-24 12:18:32.403,90,398,
2022-01-24 12:18:32.428,90,379,
2022-01-24 12:18:32.449,90,16,
2022-01-24 12:18:32.474,90,16,
2022-01-24 12:18:32.494,90,384,
2022-01-24 12:18:32.518,90,363,
2022-01-24 12:18:32.542,90,16,
2022-01-24 12:18:32.563,90,16,
2022-01-24 12:18:32.588,90,392,
2022-01-24 12:18:32.608,90,383,
2022-01-24 12:18:32.632,90,16,
2022-01-24 12:18:32.654,90,17,
2022-01-24 12:18:32.679,90,414,
2022-01-24 12:18:32.702,90,402,
2022-01-24 12:18:32.723,90,16,
2022-01-24 12:18:32.748,90,16,
2022-01-24 12:18:32.768,90,364,
2022-01-24 12:18:32.792,90,375,
2022-01-24 12:18:32.817,90,16,
2022-01-24 12:18:32.838,90,16,
2022-01-24 12:18:32.862,90,16,
2022-01-24 12:18:32.882,90,369,
2022-01-24 12:18:32.907,90,16,
2022-01-24 12:18:32.932,90,16,
2022-01-24 12:18:32.952,90,16,
2022-01-24 12:18:32.977,90,381,
2022-01-24 12:18:33.002,90,16,
2022-01-24 12:18:33.022,90,16,
2022-01-24 12:18:33.047,90,16,
2022-01-24 12:18:33.067,90,369,
2022-01-24 12:18:33.092,90,17,
2022-01-24 12:18:33.112,90,16,
2022-01-24 12:18:33.136,90,16,
2022-01-24 12:18:33.161,90,397,
2022-01-24 12:18:33.186,90,16,
2022-01-24 12:18:33.206,90,17,
2022-01-24 12:18:33.227,90,17,
2022-01-24 12:18:33.251,90,389,
2022-01-24 12:18:33.276,90,17,
2022-01-24 12:18:33.296,90,16,
2022-01-24 12:18:33.322,90,16,
2022-01-24 12:18:33.341,90,381,
2022-01-24 12:18:33.366,90,391,
2022-01-24 12:18:33.400,90,16,
2022-01-24 12:18:33.412,90,16,
2022-01-24 12:18:33.435,90,392,
2022-01-24 12:18:33.460,90,378,
2022-01-24 12:18:33.481,90,16,
2022-01-24 12:18:33.505,90,17,
2022-01-24 12:18:33.525,90,395,
2022-01-24 12:18:33.550,90,375,
2022-01-24 12:18:33.575,90,16,
2022-01-24 12:18:33.595,90,16,
2022-01-24 12:18:33.620,90,385,
2022-01-24 12:18:33.644,90,372,
2022-01-24 12:18:33.665,90,17,
2022-01-24 12:18:33.689,90,17,
2022-01-24 12:18:33.710,90,387,
2022-01-24 12:18:33.735,90,374,
2022-01-24 12:18:33.759,90,16,
2022-01-24 12:18:33.779,90,17,
2022-01-24 12:18:33.805,90,16,
2022-01-24 12:18:33.825,90,376,
2022-01-24 12:18:33.849,90,17,
2022-01-24 12:18:33.870,90,16,
2022-01-24 12:18:33.894,90,16,
2022-01-24 12:18:33.919,90,396,
2022-01-24 12:18:33.940,90,16,
2022-01-24 12:18:33.964,90,16,
2022-01-24 12:18:33.984,90,16,
2022-01-24 12:18:34.009,90,394,
2022-01-24 12:18:34.033,90,17,
2022-01-24 12:18:34.054,90,16,
2022-01-24 12:18:34.078,90,16,
2022-01-24 12:18:34.098,90,395,
2022-01-24 12:18:34.123,90,16,
2022-01-24 12:18:34.148,90,16,
2022-01-24 12:18:34.168,90,17,
2022-01-24 12:18:34.193,90,394,
2022-01-24 12:18:34.218,90,17,
2022-01-24 12:18:34.238,90,16,
2022-01-24 12:18:34.263,90,17,
2022-01-24 12:18:34.283,90,385,
2022-01-24 12:18:34.308,90,384,
2022-01-24 12:18:34.332,90,16,
2022-01-24 12:18:34.353,90,16,
2022-01-24 12:18:34.378,90,403,
2022-01-24 12:18:34.407,90,377,
2022-01-24 12:18:34.422,90,16,
2022-01-24 12:18:34.446,90,16,
2022-01-24 12:18:34.468,90,404,
2022-01-24 12:18:34.492,90,381,
2022-01-24 12:18:34.516,90,16,
2022-01-24 12:18:34.538,90,16,
2022-01-24 12:18:34.561,90,390,
2022-01-24 12:18:34.582,90,378,
2022-01-24 12:18:34.607,90,16,
2022-01-24 12:18:34.628,90,16,
2022-01-24 12:18:34.652,90,390,
2022-01-24 12:18:34.676,90,372,
2022-01-24 12:18:34.697,90,16,
2022-01-24 12:18:34.722,90,16,
2022-01-24 12:18:34.742,90,353,
2022-01-24 12:18:34.766,90,368,
2022-01-24 12:18:34.791,90,17,
2022-01-24 12:18:34.812,90,16,
2022-01-24 12:18:34.837,90,16,
2022-01-24 12:18:34.857,90,378,
2022-01-24 12:18:34.881,90,17,
2022-01-24 12:18:34.906,90,16,
2022-01-24 12:18:34.926,90,17,
2022-01-24 12:18:34.951,90,383,
2022-01-24 12:18:34.976,90,16,
2022-01-24 12:18:34.996,90,16,
2022-01-24 12:18:35.020,90,16,
2022-01-24 12:18:35.041,90,387,
2022-01-24 12:18:35.066,90,17,
2022-01-24 12:18:35.086,90,17,
2022-01-24 12:18:35.111,90,16,
2022-01-24 12:18:35.135,90,392,
2022-01-24 12:18:35.160,90,16,
2022-01-24 12:18:35.180,90,17,
2022-01-24 12:18:35.201,90,16,
2022-01-24 12:18:35.225,90,366,
2022-01-24 12:18:35.250,90,393,
2022-01-24 12:18:35.275,90,16,
2022-01-24 12:18:35.295,90,16,
2022-01-24 12:18:35.316,90,395,
2022-01-24 12:18:35.340,90,385,
2022-01-24 12:18:35.365,90,17,
2022-01-24 12:18:35.385,90,17,
2022-01-24 12:18:35.409,90,394,
2022-01-24 12:18:35.435,90,385,
2022-01-24 12:18:35.455,90,16,
2022-01-24 12:18:35.479,90,16,
2022-01-24 12:18:35.500,90,400,
2022-01-24 12:18:35.525,90,375,
2022-01-24 12:18:35.549,90,16,
2022-01-24 12:18:35.570,90,16,
2022-01-24 12:18:35.593,90,388,
2022-01-24 12:18:35.618,90,388,
2022-01-24 12:18:35.639,90,16,
2022-01-24 12:18:35.664,90,16,
2022-01-24 12:18:35.684,90,405,
2022-01-24 12:18:35.709,90,372,
2022-01-24 12:18:35.733,90,17,
2022-01-24 12:18:35.754,90,16,
2022-01-24 12:18:35.779,90,397,
2022-01-24 12:18:35.799,90,376,
2022-01-24 12:18:35.823,90,16,
2022-01-24 12:18:35.844,90,16,
2022-01-24 12:18:35.868,90,16,
2022-01-24 12:18:35.893,90,371,
2022-01-24 12:18:35.915,90,16,
2022-01-24 12:18:35.938,90,17,
2022-01-24 12:18:35.959,90,16,
2022-01-24 12:18:35.983,90,361,
2022-01-24 12:18:36.007,90,16,
2022-01-24 12:18:36.029,90,16,
2022-01-24 12:18:36.053,90,16,
2022-01-24 12:18:36.073,90,366,
2022-01-24 12:18:36.098,90,16,
2022-01-24 12:18:36.122,90,16,
2022-01-24 12:18:36.143,90,16,
2022-01-24 12:18:36.167,90,391,
2022-01-24 12:18:36.192,90,16,
2022-01-24 12:18:36.212,90,16,
2022-01-24 12:18:36.237,90,17,
2022-01-24 12:18:36.258,90,394,
2022-01-24 12:18:36.282,90,336,
2022-01-24 12:18:36.306,90,16,
2022-01-24 12:18:36.326,90,17,
2022-01-24 12:18:36.352,90,395,
2022-01-24 12:18:36.376,90,384,
2022-01-24 12:18:36.400,90,16,
2022-01-24 12:18:36.421,90,16,
2022-01-24 12:18:36.442,90,419,
2022-01-24 12:18:36.467,90,384,
2022-01-24 12:18:36.492,90,16,
2022-01-24 12:18:36.511,90,16,
2022-01-24 12:18:36.536,90,400,
2022-01-24 12:18:36.557,90,382,
2022-01-24 12:18:36.581,90,16,
2022-01-24 12:18:36.602,90,16,
2022-01-24 12:18:36.627,90,414,
2022-01-24 12:18:36.650,90,379,
2022-01-24 12:18:36.671,90,16,
2022-01-24 12:18:36.696,90,16,
2022-01-24 12:18:36.716,90,392,
2022-01-24 12:18:36.741,90,376,
2022-01-24 12:18:36.766,90,16,
2022-01-24 12:18:36.786,90,16,
2022-01-24 12:18:36.811,90,396,
2022-01-24 12:18:36.835,90,367,
2022-01-24 12:18:36.856,90,17,
2022-01-24 12:18:36.880,90,16,
2022-01-24 12:18:36.901,90,16,
2022-01-24 12:18:36.925,90,371,
2022-01-24 12:18:36.954,90,16,
2022-01-24 12:18:36.974,90,16,
2022-01-24 12:18:36.995,90,16,
2022-01-24 12:18:37.015,90,371,
2022-01-24 12:18:37.040,90,16,
2022-01-24 12:18:37.060,90,16,
2022-01-24 12:18:37.084,90,17,
2022-01-24 12:18:37.109,90,377,
2022-01-24 12:18:37.134,90,16,
2022-01-24 12:18:37.155,90,17,
2022-01-24 12:18:37.175,90,16,
2022-01-24 12:18:37.200,90,400,
2022-01-24 12:18:37.225,90,16,
2022-01-24 12:18:37.245,90,16,
2022-01-24 12:18:37.269,90,16,
2022-01-24 12:18:37.290,90,389,
2022-01-24 12:18:37.314,90,17,
2022-01-24 12:18:37.339,90,16,
2022-01-24 12:18:37.359,90,16,
2022-01-24 12:18:37.384,90,371,
2022-01-24 12:18:37.409,90,384,
2022-01-24 12:18:37.429,90,16,
2022-01-24 12:18:37.454,90,16,
2022-01-24 12:18:37.475,90,396,
2022-01-24 12:18:37.499,90,383,
2022-01-24 12:18:37.523,90,16,
2022-01-24 12:18:37.545,90,16,
2022-01-24 12:18:37.568,90,400,
2022-01-24 12:18:37.593,90,377,
2022-01-24 12:18:37.613,90,16,
2022-01-24 12:18:37.638,90,16,
2022-01-24 12:18:37.659,90,411,
2022-01-24 12:18:37.683,90,381,
2022-01-24 12:18:37.708,90,16,
2022-01-24 12:18:37.728,90,17,
2022-01-24 12:18:37.753,90,16,
2022-01-24 12:18:37.773,90,377,
2022-01-24 12:18:37.797,90,16,
2022-01-24 12:18:37.818,90,17,
2022-01-24 12:18:37.843,90,16,
2022-01-24 12:18:37.868,90,379,
2022-01-24 12:18:37.888,90,16,
2022-01-24 12:18:37.911,90,17,
2022-01-24 12:18:37.933,90,16,
2022-01-24 12:18:37.957,90,383,
2022-01-24 12:18:37.982,90,16,
2022-01-24 12:18:38.002,90,16,
2022-01-24 12:18:38.027,90,17,
2022-01-24 12:18:38.047,90,384,
2022-01-24 12:18:38.072,90,16,
2022-01-24 12:18:38.096,90,16,
2022-01-24 12:18:38.117,90,16,
2022-01-24 12:18:38.142,90,403,
2022-01-24 12:18:38.166,90,383,
2022-01-24 12:18:38.187,90,16,
2022-01-24 12:18:38.211,90,16,
2022-01-24 12:18:38.231,90,392,
2022-01-24 12:18:38.257,90,373,
2022-01-24 12:18:38.281,90,16,
2022-01-24 12:18:38.301,90,16,
2022-01-24 12:18:38.326,90,377,
2022-01-24 12:18:38.350,90,389,
2022-01-24 12:18:38.371,90,16,
2022-01-24 12:18:38.396,90,17,
2022-01-24 12:18:38.416,90,410,
2022-01-24 12:18:38.440,90,368,
2022-01-24 12:18:38.464,90,16,
2022-01-24 12:18:38.485,90,16,
2022-01-24 12:18:38.510,90,394,
2022-01-24 12:18:38.531,90,379,
2022-01-24 12:18:38.555,90,16,
2022-01-24 12:18:38.575,90,16,
2022-01-24 12:18:38.600,90,397,
2022-01-24 12:18:38.625,90,385,
2022-01-24 12:18:38.644,90,16,
2022-01-24 12:18:38.670,90,16,
2022-01-24 12:18:38.690,90,389,
2022-01-24 12:18:38.715,90,370,
2022-01-24 12:18:38.740,90,16,
2022-01-24 12:18:38.760,90,17,
2022-01-24 12:18:38.785,90,210,
2022-01-24 12:18:38.809,90,372,
2022-01-24 12:18:38.830,90,16,
2022-01-24 12:18:38.854,90,16,
2022-01-24 12:18:38.875,90,16,
2022-01-24 12:18:38.899,90,374,
2022-01-24 12:18:38.924,90,16,
2022-01-24 12:18:38.944,90,16,
2022-01-24 12:18:38.969,90,16,
2022-01-24 12:18:38.989,90,380,
2022-01-24 12:18:39.014,90,16,
2022-01-24 12:18:39.034,90,16,
2022-01-24 12:18:39.059,90,16,
2022-01-24 12:18:39.083,90,365,
2022-01-24 12:18:39.108,90,17,
2022-01-24 12:18:39.129,90,16,
2022-01-24 12:18:39.149,90,16,
2022-01-24 12:18:39.174,90,385,
2022-01-24 12:18:39.199,90,17,
2022-01-24 12:18:39.219,90,16,
2022-01-24 12:18:39.243,90,16,
2022-01-24 12:18:39.264,90,378,
2022-01-24 12:18:39.289,90,388,
2022-01-24 12:18:39.313,90,16,
2022-01-24 12:18:39.333,90,16,
2022-01-24 12:18:39.358,90,374,
2022-01-24 12:18:39.383,90,367,
2022-01-24 12:18:39.403,90,17,
2022-01-24 12:18:39.428,90,16,
2022-01-24 12:18:39.449,90,399,
2022-01-24 12:18:39.473,90,382,
2022-01-24 12:18:39.497,90,17,
2022-01-24 12:18:39.518,90,16,
2022-01-24 12:18:39.542,90,387,
2022-01-24 12:18:39.567,90,378,
2022-01-24 12:18:39.587,90,16,
2022-01-24 12:18:39.612,90,16,
2022-01-24 12:18:39.632,90,401,
2022-01-24 12:18:39.658,90,379,
2022-01-24 12:18:39.682,90,16,
2022-01-24 12:18:39.702,90,17,
2022-01-24 12:18:39.726,90,395,
2022-01-24 12:18:39.747,90,374,
2022-01-24 12:18:39.771,150,16,
2022-01-24 12:18:39.792,150,16,
2022-01-24 12:18:39.817,150,377,
2022-01-24 12:18:39.842,150,371,
2022-01-24 12:18:39.866,150,16,
2022-01-24 12:18:39.887,150,359,
2022-01-24 12:18:39.910,150,369,
2022-01-24 12:18:39.932,150,16,
2022-01-24 12:18:39.956,150,16,
2022-01-24 12:18:39.977,150,338,
2022-01-24 12:18:40.021,150,371,
2022-01-24 12:18:40.030,150,16,
2022-01-24 12:18:40.047,150,16,
2022-01-24 12:18:40.071,150,360,
2022-01-24 12:18:40.095,150,361,
2022-01-24 12:18:40.116,150,17,
2022-01-24 12:18:40.141,150,338,
2022-01-24 12:18:40.165,150,351,
2022-01-24 12:18:40.185,150,16,
2022-01-24 12:18:40.210,150,16,
2022-01-24 12:18:40.231,150,361,
2022-01-24 12:18:40.255,150,352,
2022-01-24 12:18:40.280,150,16,
2022-01-24 12:18:40.301,150,16,
2022-01-24 12:18:40.325,150,368,
2022-01-24 12:18:40.349,150,342,
2022-01-24 12:18:40.370,150,17,
2022-01-24 12:18:40.395,150,358,
2022-01-24 12:18:40.415,150,353,
2022-01-24 12:18:40.439,150,16,
2022-01-24 12:18:40.460,150,17,
2022-01-24 12:18:40.484,150,362,
2022-01-24 12:18:40.509,150,364,
2022-01-24 12:18:40.533,150,16,
2022-01-24 12:18:40.554,150,348,
2022-01-24 12:18:40.578,150,362,
2022-01-24 12:18:40.599,150,17,
2022-01-24 12:18:40.623,150,16,
2022-01-24 12:18:40.644,150,368,
2022-01-24 12:18:40.669,150,354,
2022-01-24 12:18:40.693,150,16,
2022-01-24 12:18:40.714,150,16,
2022-01-24 12:18:40.739,150,354,
2022-01-24 12:18:40.763,150,335,
2022-01-24 12:18:40.783,150,16,
2022-01-24 12:18:40.808,150,360,
2022-01-24 12:18:40.833,150,353,
2022-01-24 12:18:40.853,150,16,
2022-01-24 12:18:40.877,150,17,
2022-01-24 12:18:40.898,150,356,
2022-01-24 12:18:40.923,150,374,
2022-01-24 12:18:40.949,150,16,
2022-01-24 12:18:40.971,150,17,
2022-01-24 12:18:40.992,150,343,
2022-01-24 12:18:41.017,150,338,
2022-01-24 12:18:41.038,150,16,
2022-01-24 12:18:41.062,150,361,
2022-01-24 12:18:41.082,150,367,
2022-01-24 12:18:41.106,150,16,
2022-01-24 12:18:41.127,150,17,
2022-01-24 12:18:41.152,150,354,
2022-01-24 12:18:41.176,150,374,
2022-01-24 12:18:41.197,150,17,
2022-01-24 12:18:41.222,150,16,
2022-01-24 12:18:41.242,150,344,
2022-01-24 12:18:41.266,150,337,
2022-01-24 12:18:41.291,150,17,
2022-01-24 12:18:41.312,150,357,
2022-01-24 12:18:41.336,150,360,
2022-01-24 12:18:41.361,150,17,
2022-01-24 12:18:41.381,150,16,
2022-01-24 12:18:41.406,150,347,
2022-01-24 12:18:41.431,150,347,
2022-01-24 12:18:41.451,150,16,
2022-01-24 12:18:41.476,150,203,
2022-01-24 12:18:41.500,150,341,
2022-01-24 12:18:41.521,150,334,
2022-01-24 12:18:41.545,150,16,
2022-01-24 12:18:41.566,150,332,
2022-01-24 12:18:41.590,150,353,
2022-01-24 12:18:41.615,150,17,
2022-01-24 12:18:41.635,150,16,
2022-01-24 12:18:41.659,150,349,
2022-01-24 12:18:41.685,150,375,
2022-01-24 12:18:41.705,150,16,
2022-01-24 12:18:41.725,150,361,
2022-01-24 12:18:41.750,150,338,
2022-01-24 12:18:41.774,150,17,
2022-01-24 12:18:41.795,150,17,
2022-01-24 12:18:41.820,150,354,
2022-01-24 12:18:41.845,150,355,
2022-01-24 12:18:41.865,150,16,
2022-01-24 12:18:41.889,150,16,
2022-01-24 12:18:41.910,150,373,
2022-01-24 12:18:41.935,150,351,
2022-01-24 12:18:41.959,150,16,
2022-01-24 12:18:41.979,150,348,
2022-01-24 12:18:42.004,150,354,
2022-01-24 12:18:42.029,150,16,
2022-01-24 12:18:42.049,150,17,
2022-01-24 12:18:42.074,150,332,
2022-01-24 12:18:42.098,150,353,
2022-01-24 12:18:42.119,150,16,
2022-01-24 12:18:42.143,150,16,
2022-01-24 12:18:42.164,150,364,
2022-01-24 12:18:42.189,150,338,
2022-01-24 12:18:42.213,150,16,
2022-01-24 12:18:42.234,150,353,
2022-01-24 12:18:42.258,150,341,
2022-01-24 12:18:42.283,150,17,
2022-01-24 12:18:42.303,150,16,
2022-01-24 12:18:42.328,150,337,
2022-01-24 12:18:42.348,150,363,
2022-01-24 12:18:42.373,150,16,
2022-01-24 12:18:42.393,150,16,
2022-01-24 12:18:42.418,150,347,
2022-01-24 12:18:42.443,150,364,
2022-01-24 12:18:42.467,150,16,
2022-01-24 12:18:42.487,150,361,
2022-01-24 12:18:42.512,150,350,
2022-01-24 12:18:42.532,150,16,
2022-01-24 12:18:42.557,150,17,
2022-01-24 12:18:42.578,150,376,
2022-01-24 12:18:42.602,150,366,
2022-01-24 12:18:42.627,150,16,
2022-01-24 12:18:42.647,150,362,
2022-01-24 12:18:42.671,150,387,
2022-01-24 12:18:42.696,150,337,
2022-01-24 12:18:42.717,150,16,
2022-01-24 12:18:42.741,150,353,
2022-01-24 12:18:42.766,150,339,
2022-01-24 12:18:42.786,150,16,
2022-01-24 12:18:42.811,150,16,
2022-01-24 12:18:42.831,150,339,
2022-01-24 12:18:42.855,150,361,
2022-01-24 12:18:42.883,150,16,
2022-01-24 12:18:42.901,150,360,
2022-01-24 12:18:42.925,150,369,
2022-01-24 12:18:42.955,150,17,
2022-01-24 12:18:42.973,150,16,
2022-01-24 12:18:42.995,150,334,
2022-01-24 12:18:43.016,150,335,
2022-01-24 12:18:43.040,150,16,
2022-01-24 12:18:43.061,150,16,
2022-01-24 12:18:43.085,150,351,
2022-01-24 12:18:43.110,150,372,
2022-01-24 12:18:43.135,150,16,
2022-01-24 12:18:43.155,150,379,
2022-01-24 12:18:43.180,150,359,
2022-01-24 12:18:43.200,150,17,
2022-01-24 12:18:43.225,150,17,
2022-01-24 12:18:43.245,150,328,
2022-01-24 12:18:43.270,150,358,
2022-01-24 12:18:43.294,150,17,
2022-01-24 12:18:43.314,150,324,
2022-01-24 12:18:43.339,150,363,
2022-01-24 12:18:43.364,150,356,
2022-01-24 12:18:43.384,150,17,
2022-01-24 12:18:43.411,150,361,
2022-01-24 12:18:43.434,150,364,
2022-01-24 12:18:43.454,150,16,
2022-01-24 12:18:43.478,150,16,
2022-01-24 12:18:43.498,150,366,
2022-01-24 12:18:43.523,150,336,
2022-01-24 12:18:43.548,150,17,
2022-01-24 12:18:43.569,150,377,
2022-01-24 12:18:43.593,150,359,
2022-01-24 12:18:43.618,150,17,
2022-01-24 12:18:43.638,150,16,
2022-01-24 12:18:43.663,150,344,
2022-01-24 12:18:43.684,150,374,
2022-01-24 12:18:43.708,150,16,
2022-01-24 12:18:43.728,150,16,
2022-01-24 12:18:43.753,150,333,
2022-01-24 12:18:43.778,150,363,
2022-01-24 12:18:43.802,150,16,
2022-01-24 12:18:43.823,150,360,
2022-01-24 12:18:43.847,150,353,
2022-01-24 12:18:43.867,150,16,
2022-01-24 12:18:43.892,150,16,
2022-01-24 12:18:43.913,150,340,
2022-01-24 12:18:43.937,150,357,
2022-01-24 12:18:43.962,150,16,
2022-01-24 12:18:43.982,150,16,
2022-01-24 12:18:44.007,150,361,
2022-01-24 12:18:44.032,150,359,
2022-01-24 12:18:44.052,150,17,
2022-01-24 12:18:44.077,150,387,
2022-01-24 12:18:44.101,150,359,
2022-01-24 12:18:44.122,150,16,
2022-01-24 12:18:44.149,150,16,
2022-01-24 12:18:44.166,150,378,
2022-01-24 12:18:44.191,150,340,
2022-01-24 12:18:44.216,150,16,
2022-01-24 12:18:44.236,150,339,
2022-01-24 12:18:44.261,150,365,
2022-01-24 12:18:44.285,150,358,
2022-01-24 12:18:44.306,150,17,
2022-01-24 12:18:44.330,150,359,
2022-01-24 12:18:44.351,150,355,
2022-01-24 12:18:44.375,150,17,
2022-01-24 12:18:44.397,150,16,
2022-01-24 12:18:44.421,150,375,
2022-01-24 12:18:44.445,150,382,
2022-01-24 12:18:44.470,150,16,
2022-01-24 12:18:44.490,150,354,
2022-01-24 12:18:44.515,150,354,
2022-01-24 12:18:44.535,150,16,
2022-01-24 12:18:44.560,150,16,
2022-01-24 12:18:44.580,150,333,
2022-01-24 12:18:44.605,150,349,
2022-01-24 12:18:44.629,150,16,
2022-01-24 12:18:44.650,150,16,
2022-01-24 12:18:44.674,150,350,
2022-01-24 12:18:44.698,150,345,
2022-01-24 12:18:44.719,150,17,
2022-01-24 12:18:44.744,150,349,
2022-01-24 12:18:44.769,150,357,
2022-01-24 12:18:44.789,150,16,
2022-01-24 12:18:44.814,150,16,
2022-01-24 12:18:44.834,150,363,
2022-01-24 12:18:44.859,150,366,
2022-01-24 12:18:44.883,150,16,
2022-01-24 12:18:44.904,150,347,
2022-01-24 12:18:44.929,150,348,
2022-01-24 12:18:44.953,150,17,
2022-01-24 12:18:44.974,150,16,
2022-01-24 12:18:44.998,150,353,
2022-01-24 12:18:45.018,150,363,
2022-01-24 12:18:45.043,150,17,
2022-01-24 12:18:45.064,150,16,
2022-01-24 12:18:45.088,150,371,
2022-01-24 12:18:45.113,150,355,
2022-01-24 12:18:45.138,150,16,
2022-01-24 12:18:45.158,150,350,
2022-01-24 12:18:45.183,150,364,
2022-01-24 12:18:45.203,150,17,
2022-01-24 12:18:45.227,150,16,
2022-01-24 12:18:45.248,150,333,
2022-01-24 12:18:45.272,150,357,
2022-01-24 12:18:45.297,150,17,
2022-01-24 12:18:45.317,150,16,
2022-01-24 12:18:45.342,150,351,
2022-01-24 12:18:45.367,150,367,
2022-01-24 12:18:45.387,150,16,
2022-01-24 12:18:45.415,150,361,
2022-01-24 12:18:45.436,150,374,
2022-01-24 12:18:45.457,150,17,
2022-01-24 12:18:45.482,150,16,
2022-01-24 12:18:45.502,150,360,
2022-01-24 12:18:45.526,150,344,
2022-01-24 12:18:45.551,150,16,
2022-01-24 12:18:45.572,150,16,
2022-01-24 12:18:45.595,150,351,
2022-01-24 12:18:45.620,150,332,
2022-01-24 12:18:45.641,150,16,
2022-01-24 12:18:45.665,150,356,
2022-01-24 12:18:45.686,150,350,
2022-01-24 12:18:45.711,150,17,
2022-01-24 12:18:45.731,150,16,
2022-01-24 12:18:45.755,150,359,
2022-01-24 12:18:45.780,150,389,
2022-01-24 12:18:45.800,150,16,
2022-01-24 12:18:45.825,150,216,
2022-01-24 12:18:45.850,150,353,
2022-01-24 12:18:45.870,150,351,
2022-01-24 12:18:45.895,150,16,
2022-01-24 12:18:45.915,150,332,
2022-01-24 12:18:45.940,150,356,
2022-01-24 12:18:45.965,150,17,
2022-01-24 12:18:45.985,150,17,
2022-01-24 12:18:46.009,150,359,
2022-01-24 12:18:46.034,150,360,
2022-01-24 12:18:46.055,150,16,
2022-01-24 12:18:46.080,150,370,
2022-01-24 12:18:46.104,150,364,
2022-01-24 12:18:46.124,150,17,
2022-01-24 12:18:46.149,150,16,
2022-01-24 12:18:46.169,150,358,
2022-01-24 12:18:46.194,150,341,
2022-01-24 12:18:46.218,150,17,
2022-01-24 12:18:46.239,150,16,
2022-01-24 12:18:46.264,150,361,
2022-01-24 12:18:46.289,150,350,
2022-01-24 12:18:46.309,150,16,
2022-01-24 12:18:46.329,150,368,
2022-01-24 12:18:46.354,150,362,
2022-01-24 12:18:46.379,150,16,
2022-01-24 12:18:46.399,150,16,
2022-01-24 12:18:46.424,150,343,
2022-01-24 12:18:46.448,150,349,
2022-01-24 12:18:46.469,150,16,
2022-01-24 12:18:46.493,150,16,
2022-01-24 12:18:46.513,150,359,
2022-01-24 12:18:46.538,150,347,
2022-01-24 12:18:46.563,150,16,
2022-01-24 12:18:46.583,150,345,
2022-01-24 12:18:46.608,150,337,
2022-01-24 12:18:46.632,150,17,
2022-01-24 12:18:46.652,150,17,
2022-01-24 12:18:46.678,150,346,
2022-01-24 12:18:46.701,150,370,
2022-01-24 12:18:46.723,150,16,
2022-01-24 12:18:46.747,150,216,
2022-01-24 12:18:46.771,150,352,
2022-01-24 12:18:46.792,150,353,
2022-01-24 12:18:46.817,150,17,
2022-01-24 12:18:46.837,150,332,
2022-01-24 12:18:46.862,150,361,
2022-01-24 12:18:46.886,150,17,
2022-01-24 12:18:46.907,150,16,
2022-01-24 12:18:46.931,150,363,
2022-01-24 12:18:46.952,150,316,
2022-01-24 12:18:46.976,150,16,
2022-01-24 12:18:46.997,150,359,
2022-01-24 12:18:47.022,150,361,
2022-01-24 12:18:47.046,150,16,
2022-01-24 12:18:47.066,150,16,
2022-01-24 12:18:47.091,150,356,
2022-01-24 12:18:47.116,150,332,
2022-01-24 12:18:47.136,150,17,
2022-01-24 12:18:47.161,150,16,
2022-01-24 12:18:47.181,150,351,
2022-01-24 12:18:47.206,150,356,
2022-01-24 12:18:47.230,150,17,
2022-01-24 12:18:47.251,150,344,
2022-01-24 12:18:47.276,150,361,
2022-01-24 12:18:47.300,150,16,
2022-01-24 12:18:47.321,150,17,
2022-01-24 12:18:47.345,150,348,
2022-01-24 12:18:47.369,150,367,
2022-01-24 12:18:47.390,150,17,
2022-01-24 12:18:47.417,150,16,
2022-01-24 12:18:47.435,150,345,
2022-01-24 12:18:47.459,150,370,
2022-01-24 12:18:47.484,150,16,
2022-01-24 12:18:47.505,150,355,
2022-01-24 12:18:47.529,150,344,
2022-01-24 12:18:47.554,150,17,
2022-01-24 12:18:47.575,150,17,
2022-01-24 12:18:47.599,150,362,
2022-01-24 12:18:47.619,150,361,
2022-01-24 12:18:47.644,150,17,
2022-01-24 12:18:47.665,150,201,
2022-01-24 12:18:47.689,150,342,
2022-01-24 12:18:47.714,150,350,
2022-01-24 12:18:47.738,150,16,
2022-01-24 12:18:47.759,150,355,
2022-01-24 12:18:47.783,150,340,
2022-01-24 12:18:47.804,150,17,
2022-01-24 12:18:47.829,150,16,
2022-01-24 12:18:47.849,150,339,
2022-01-24 12:18:47.873,150,370,
2022-01-24 12:18:47.898,150,17,
2022-01-24 12:18:47.919,150,335,
2022-01-24 12:18:47.943,150,354,
2022-01-24 12:18:47.968,150,17,
2022-01-24 12:18:47.988,150,16,
2022-01-24 12:18:48.013,150,349,
2022-01-24 12:18:48.037,150,372,
2022-01-24 12:18:48.057,150,16,
2022-01-24 12:18:48.083,150,16,
2022-01-24 12:18:48.103,150,357,
2022-01-24 12:18:48.127,150,369,
2022-01-24 12:18:48.152,150,17,
2022-01-24 12:18:48.172,150,377,
2022-01-24 12:18:48.197,150,342,
2022-01-24 12:18:48.221,150,16,
2022-01-24 12:18:48.242,150,16,
2022-01-24 12:18:48.266,150,357,
2022-01-24 12:18:48.287,150,345,
2022-01-24 12:18:48.311,150,17,
2022-01-24 12:18:48.332,150,16,
2022-01-24 12:18:48.357,150,341,
2022-01-24 12:18:48.381,150,343,
2022-01-24 12:18:48.410,150,17,
2022-01-24 12:18:48.426,150,337,
2022-01-24 12:18:48.450,150,366,
2022-01-24 12:18:48.470,150,16,
2022-01-24 12:18:48.496,150,16,
2022-01-24 12:18:48.516,150,359,
2022-01-24 12:18:48.541,150,360,
2022-01-24 12:18:48.565,150,17,
2022-01-24 12:18:48.586,150,16,
2022-01-24 12:18:48.610,150,359,
2022-01-24 12:18:48.635,150,344,
2022-01-24 12:18:48.655,150,16,
2022-01-24 12:18:48.680,150,339,
2022-01-24 12:18:48.704,150,381,
2022-01-24 12:18:48.725,150,17,
2022-01-24 12:18:48.749,150,17,
2022-01-24 12:18:48.770,150,345,
2022-01-24 12:18:48.794,150,370,
2022-01-24 12:18:48.819,150,16,
2022-01-24 12:18:48.839,150,337,
2022-01-24 12:18:48.864,150,342,
2022-01-24 12:18:48.889,150,325,
2022-01-24 12:18:48.910,150,16,
2022-01-24 12:18:48.934,150,347,
2022-01-24 12:18:48.955,150,351,
2022-01-24 12:18:48.979,150,16,
2022-01-24 12:18:49.000,150,16,
2022-01-24 12:18:49.025,150,365,
2022-01-24 12:18:49.049,150,361,
2022-01-24 12:18:49.074,150,16,
2022-01-24 12:18:49.094,150,346,
2022-01-24 12:18:49.118,150,371,
2022-01-24 12:18:49.139,150,16,
2022-01-24 12:18:49.168,150,16,
2022-01-24 12:18:49.184,150,367,
2022-01-24 12:18:49.209,150,363,
2022-01-24 12:18:49.233,150,16,
2022-01-24 12:18:49.254,150,16,
2022-01-24 12:18:49.278,150,355,
2022-01-24 12:18:49.303,150,368,
2022-01-24 12:18:49.324,150,17,
2022-01-24 12:18:49.348,150,362,
2022-01-24 12:18:49.373,150,351,
2022-01-24 12:18:49.393,150,16,
2022-01-24 12:18:49.418,150,16,
2022-01-24 12:18:49.438,150,364,
2022-01-24 12:18:49.463,150,359,
2022-01-24 12:18:49.487,150,16,
2022-01-24 12:18:49.508,150,332,
2022-01-24 12:18:49.532,150,344,
2022-01-24 12:18:49.556,150,357,
2022-01-24 12:18:49.577,150,16,
2022-01-24 12:18:49.601,150,356,
2022-01-24 12:18:49.623,150,355,
2022-01-24 12:18:49.646,150,17,
2022-01-24 12:18:49.667,150,16,
2022-01-24 12:18:49.692,150,345,
2022-01-24 12:18:49.717,150,340,
2022-01-24 12:18:49.737,150,16,
2022-01-24 12:18:49.762,150,353,
2022-01-24 12:18:49.786,150,356,
2022-01-24 12:18:49.806,150,16,
2022-01-24 12:18:49.831,150,16,
2022-01-24 12:18:49.851,150,375,
2022-01-24 12:18:49.876,150,348,
2022-01-24 12:18:49.901,150,17,
2022-01-24 12:18:49.921,150,16,
2022-01-24 12:18:49.946,150,330,
2022-01-24 12:18:49.970,150,358,
2022-01-24 12:18:49.991,150,17,
2022-01-24 12:18:50.015,150,323,
2022-01-24 12:18:50.039,150,374,
2022-01-24 12:18:50.060,150,16,
2022-01-24 12:18:50.085,150,17,
2022-01-24 12:18:50.106,150,354,
2022-01-24 12:18:50.130,150,346,
2022-01-24 12:18:50.155,150,17,
2022-01-24 12:18:50.175,150,16,
2022-01-24 12:18:50.199,150,359,
2022-01-24 12:18:50.220,150,348,
2022-01-24 12:18:50.244,150,16,
2022-01-24 12:18:50.265,150,352,
2022-01-24 12:18:50.290,150,370,
2022-01-24 12:18:50.314,150,16,
2022-01-24 12:18:50.335,150,16,
2022-01-24 12:18:50.359,150,335,
2022-01-24 12:18:50.384,150,349,
2022-01-24 12:18:50.404,150,17,
2022-01-24 12:18:50.429,150,332,
2022-01-24 12:18:50.454,150,336,
2022-01-24 12:18:50.474,150,369,
2022-01-24 12:18:50.499,150,17,
2022-01-24 12:18:50.519,150,343,
2022-01-24 12:18:50.544,150,357,
2022-01-24 12:18:50.568,150,17,
2022-01-24 12:18:50.589,150,16,
2022-01-24 12:18:50.613,150,354,
2022-01-24 12:18:50.638,150,380,
2022-01-24 12:18:50.658,150,17,
2022-01-24 12:18:50.683,150,364,
2022-01-24 12:18:50.708,150,370,
2022-01-24 12:18:50.728,150,16,
2022-01-24 12:18:50.752,150,16,
2022-01-24 12:18:50.773,150,356,
2022-01-24 12:18:50.798,150,364,
2022-01-24 12:18:50.822,150,17,
2022-01-24 12:18:50.843,150,16,
2022-01-24 12:18:50.869,90,359,
2022-01-24 12:18:50.888,90,17,
2022-01-24 12:18:50.912,90,17,
2022-01-24 12:18:50.933,90,17,
2022-01-24 12:18:50.958,90,378,
2022-01-24 12:18:50.982,90,383,
2022-01-24 12:18:51.007,90,16,
2022-01-24 12:18:51.027,90,17,
2022-01-24 12:18:51.048,90,386,
2022-01-24 12:18:51.072,90,376,
2022-01-24 12:18:51.097,90,16,
2022-01-24 12:18:51.117,90,16,
2022-01-24 12:18:51.142,90,389,
2022-01-24 12:18:51.168,90,360,
2022-01-24 12:18:51.186,90,17,
2022-01-24 12:18:51.211,90,16,
2022-01-24 12:18:51.232,90,410,
2022-01-24 12:18:51.256,90,386,
2022-01-24 12:18:51.281,90,16,
2022-01-24 12:18:51.301,90,16,
2022-01-24 12:18:51.326,90,391,
2022-01-24 12:18:51.351,90,382,
2022-01-24 12:18:51.371,90,16,
2022-01-24 12:18:51.396,90,16,
2022-01-24 12:18:51.417,90,389,
2022-01-24 12:18:51.440,90,384,
2022-01-24 12:18:51.465,90,16,
2022-01-24 12:18:51.486,90,16,
2022-01-24 12:18:51.510,90,16,
2022-01-24 12:18:51.532,90,388,
2022-01-24 12:18:51.556,90,17,
2022-01-24 12:18:51.576,90,16,
2022-01-24 12:18:51.601,90,17,
2022-01-24 12:18:51.625,90,370,
2022-01-24 12:18:51.646,90,17,
2022-01-24 12:18:51.670,90,16,
2022-01-24 12:18:51.691,90,17,
2022-01-24 12:18:51.715,90,384,
2022-01-24 12:18:51.739,90,16,
2022-01-24 12:18:51.760,90,16,
2022-01-24 12:18:51.785,90,16,
2022-01-24 12:18:51.805,90,396,
2022-01-24 12:18:51.830,90,17,
2022-01-24 12:18:51.854,90,16,
2022-01-24 12:18:51.875,90,16,
2022-01-24 12:18:51.900,90,410,
2022-01-24 12:18:51.924,90,396,
2022-01-24 12:18:51.945,90,16,
2022-01-24 12:18:51.969,90,16,
2022-01-24 12:18:51.989,90,388,
2022-01-24 12:18:52.014,90,393,
2022-01-24 12:18:52.039,90,16,
2022-01-24 12:18:52.059,90,17,
2022-01-24 12:18:52.083,90,399,
2022-01-24 12:18:52.109,90,380,
2022-01-24 12:18:52.129,90,17,
2022-01-24 12:18:52.150,90,16,
2022-01-24 12:18:52.174,90,384,
2022-01-24 12:18:52.199,90,387,
2022-01-24 12:18:52.223,90,17,
2022-01-24 12:18:52.244,90,17,
2022-01-24 12:18:52.268,90,393,
2022-01-24 12:18:52.289,90,377,
2022-01-24 12:18:52.313,90,16,
2022-01-24 12:18:52.334,90,16,
2022-01-24 12:18:52.358,90,413,
2022-01-24 12:18:52.382,90,390,
2022-01-24 12:18:52.403,90,16,
2022-01-24 12:18:52.427,90,16,
2022-01-24 12:18:52.449,90,393,
2022-01-24 12:18:52.473,90,379,
2022-01-24 12:18:52.498,90,16,
2022-01-24 12:18:52.518,90,16,
2022-01-24 12:18:52.542,90,409,
2022-01-24 12:18:52.567,90,384,
2022-01-24 12:18:52.588,90,16,
2022-01-24 12:18:52.612,90,17,
2022-01-24 12:18:52.633,90,234,
2022-01-24 12:18:52.658,90,399,
2022-01-24 12:18:52.682,90,17,
2022-01-24 12:18:52.703,90,17,
2022-01-24 12:18:52.727,90,16,
2022-01-24 12:18:52.747,90,389,
2022-01-24 12:18:52.772,90,16,
2022-01-24 12:18:52.792,90,17,
2022-01-24 12:18:52.816,90,16,
2022-01-24 12:18:52.842,90,376,
2022-01-24 12:18:52.868,90,16,
2022-01-24 12:18:52.887,90,16,
2022-01-24 12:18:52.907,90,16,
2022-01-24 12:18:52.932,90,392,
2022-01-24 12:18:52.956,90,16,
2022-01-24 12:18:52.977,90,17,
2022-01-24 12:18:53.001,90,16,
2022-01-24 12:18:53.022,90,375,
2022-01-24 12:18:53.046,90,17,
2022-01-24 12:18:53.071,90,17,
2022-01-24 12:18:53.092,90,17,
2022-01-24 12:18:53.115,90,397,
2022-01-24 12:18:53.140,90,396,
2022-01-24 12:18:53.162,90,16,
2022-01-24 12:18:53.186,90,17,
2022-01-24 12:18:53.207,90,406,
2022-01-24 12:18:53.231,90,365,
2022-01-24 12:18:53.255,90,17,
2022-01-24 12:18:53.276,90,17,
2022-01-24 12:18:53.300,90,394,
2022-01-24 12:18:53.325,90,376,
2022-01-24 12:18:53.345,90,17,
2022-01-24 12:18:53.370,90,16,
2022-01-24 12:18:53.391,90,390,
2022-01-24 12:18:53.415,90,376,
2022-01-24 12:18:53.440,90,17,
2022-01-24 12:18:53.460,90,16,
2022-01-24 12:18:53.484,90,403,
2022-01-24 12:18:53.505,90,387,
2022-01-24 12:18:53.530,90,16,
2022-01-24 12:18:53.550,90,16,
2022-01-24 12:18:53.575,90,365,
2022-01-24 12:18:53.600,90,382,
2022-01-24 12:18:53.620,90,17,
2022-01-24 12:18:53.644,90,17,
2022-01-24 12:18:53.665,90,364,
2022-01-24 12:18:53.690,90,387,
2022-01-24 12:18:53.714,90,16,
2022-01-24 12:18:53.735,90,16,
2022-01-24 12:18:53.759,90,16,
2022-01-24 12:18:53.780,90,372,
2022-01-24 12:18:53.804,90,17,
2022-01-24 12:18:53.828,90,16,
2022-01-24 12:18:53.849,90,17,
2022-01-24 12:18:53.874,90,375,
2022-01-24 12:18:53.898,90,16,
2022-01-24 12:18:53.919,90,16,
2022-01-24 12:18:53.943,90,16,
2022-01-24 12:18:53.964,90,411,
2022-01-24 12:18:53.988,90,16,
2022-01-24 12:18:54.009,90,16,
2022-01-24 12:18:54.033,90,17,
2022-01-24 12:18:54.058,90,393,
2022-01-24 12:18:54.084,90,16,
2022-01-24 12:18:54.103,90,16,
2022-01-24 12:18:54.124,90,17,
2022-01-24 12:18:54.148,90,393,
2022-01-24 12:18:54.173,90,385,
2022-01-24 12:18:54.197,90,16,
2022-01-24 12:18:54.218,90,16,
2022-01-24 12:18:54.243,90,410,
2022-01-24 12:18:54.262,90,389,
2022-01-24 12:18:54.287,90,16,
2022-01-24 12:18:54.308,90,16,
2022-01-24 12:18:54.332,90,395,
2022-01-24 12:18:54.357,90,386,
2022-01-24 12:18:54.378,90,17,
2022-01-24 12:18:54.402,90,16,
2022-01-24 12:18:54.422,90,384,
2022-01-24 12:18:54.447,90,392,
2022-01-24 12:18:54.472,90,17,
2022-01-24 12:18:54.492,90,16,
2022-01-24 12:18:54.518,90,395,
2022-01-24 12:18:54.541,90,372,
2022-01-24 12:18:54.562,90,16,
2022-01-24 12:18:54.587,90,16,
2022-01-24 12:18:54.607,90,389,
2022-01-24 12:18:54.631,90,386,
2022-01-24 12:18:54.656,90,17,
2022-01-24 12:18:54.676,90,16,
2022-01-24 12:18:54.701,90,16,
2022-01-24 12:18:54.722,90,388,
2022-01-24 12:18:54.747,90,17,
2022-01-24 12:18:54.766,90,17,
2022-01-24 12:18:54.791,90,16,
2022-01-24 12:18:54.816,90,363,
2022-01-24 12:18:54.840,90,16,
2022-01-24 12:18:54.861,90,17,
2022-01-24 12:18:54.881,90,16,
2022-01-24 12:18:54.906,90,376,
2022-01-24 12:18:54.930,90,17,
2022-01-24 12:18:54.951,90,17,
2022-01-24 12:18:54.975,90,16,
2022-01-24 12:18:54.996,90,394,
2022-01-24 12:18:55.020,90,16,
2022-01-24 12:18:55.045,90,16,
2022-01-24 12:18:55.065,90,16,
2022-01-24 12:18:55.090,90,408,
2022-01-24 12:18:55.114,90,376,
2022-01-24 12:18:55.135,90,17,
2022-01-24 12:18:55.160,90,16,
2022-01-24 12:18:55.180,90,390,
2022-01-24 12:18:55.204,90,391,
2022-01-24 12:18:55.230,90,17,
2022-01-24 12:18:55.250,90,16,
2022-01-24 12:18:55.274,90,381,
2022-01-24 12:18:55.299,90,399,
2022-01-24 12:18:55.320,90,16,
2022-01-24 12:18:55.344,90,17,
2022-01-24 12:18:55.364,90,404,
2022-01-24 12:18:55.389,90,386,
2022-01-24 12:18:55.416,90,17,
2022-01-24 12:18:55.434,90,17,
2022-01-24 12:18:55.458,90,390,
2022-01-24 12:18:55.479,90,384,
2022-01-24 12:18:55.504,90,16,
2022-01-24 12:18:55.525,90,17,
2022-01-24 12:18:55.549,90,386,
2022-01-24 12:18:55.573,90,384,
2022-01-24 12:18:55.594,90,16,
2022-01-24 12:18:55.618,90,16,
2022-01-24 12:18:55.639,90,385,
2022-01-24 12:18:55.664,90,385,
2022-01-24 12:18:55.688,90,16,
2022-01-24 12:18:55.709,90,16,
2022-01-24 12:18:55.733,90,16,
2022-01-24 12:18:55.754,90,376,
2022-01-24 12:18:55.778,90,16,
2022-01-24 12:18:55.803,90,17,
2022-01-24 12:18:55.824,90,16,
2022-01-24 12:18:55.848,90,381,
2022-01-24 12:18:55.872,90,16,
2022-01-24 12:18:55.893,90,16,
2022-01-24 12:18:55.917,90,17,
2022-01-24 12:18:55.938,90,400,
2022-01-24 12:18:55.963,90,17,
2022-01-24 12:18:55.983,90,16,
2022-01-24 12:18:56.008,90,16,
2022-01-24 12:18:56.032,90,395,
2022-01-24 12:18:56.057,90,16,
2022-01-24 12:18:56.077,90,16,
2022-01-24 12:18:56.098,90,17,
2022-01-24 12:18:56.122,90,401,
2022-01-24 12:18:56.147,90,402,
2022-01-24 12:18:56.171,90,16,
2022-01-24 12:18:56.192,90,16,
2022-01-24 12:18:56.217,90,399,
2022-01-24 12:18:56.237,90,404,
2022-01-24 12:18:56.261,90,16,
2022-01-24 12:18:56.282,90,16,
2022-01-24 12:18:56.306,90,408,
2022-01-24 12:18:56.331,90,389,
2022-01-24 12:18:56.352,90,16,
2022-01-24 12:18:56.377,90,16,
2022-01-24 12:18:56.397,150,375,
2022-01-24 12:18:56.421,150,372,
2022-01-24 12:18:56.446,150,16,
2022-01-24 12:18:56.467,150,384,
2022-01-24 12:18:56.491,150,379,
2022-01-24 12:18:56.516,150,17,
2022-01-24 12:18:56.536,150,16,
2022-01-24 12:18:56.561,150,359,
2022-01-24 12:18:56.585,150,363,
2022-01-24 12:18:56.605,150,17,
2022-01-24 12:18:56.630,150,16,
2022-01-24 12:18:56.651,150,359,
2022-01-24 12:18:56.675,150,379,
2022-01-24 12:18:56.700,150,16,
2022-01-24 12:18:56.720,150,361,
2022-01-24 12:18:56.745,150,359,
2022-01-24 12:18:56.770,150,17,
2022-01-24 12:18:56.790,150,16,
2022-01-24 12:18:56.815,150,364,
2022-01-24 12:18:56.834,150,342,
2022-01-24 12:18:56.859,150,17,
2022-01-24 12:18:56.880,150,16,
2022-01-24 12:18:56.905,150,360,
2022-01-24 12:18:56.929,150,340,
2022-01-24 12:18:56.950,150,16,
2022-01-24 12:18:56.974,150,354,
2022-01-24 12:18:56.999,150,382,
2022-01-24 12:18:57.019,150,17,
2022-01-24 12:18:57.043,150,17,
2022-01-24 12:18:57.064,150,360,
2022-01-24 12:18:57.089,150,342,
2022-01-24 12:18:57.114,150,16,
2022-01-24 12:18:57.134,150,16,
2022-01-24 12:18:57.159,150,357,
2022-01-24 12:18:57.183,150,357,
2022-01-24 12:18:57.204,150,16,
2022-01-24 12:18:57.228,150,359,
2022-01-24 12:18:57.253,150,350,
2022-01-24 12:18:57.273,150,17,
2022-01-24 12:18:57.298,150,16,
2022-01-24 12:18:57.318,150,330,
2022-01-24 12:18:57.343,150,355,
2022-01-24 12:18:57.368,150,16,
2022-01-24 12:18:57.388,150,334,
2022-01-24 12:18:57.418,150,358,
2022-01-24 12:18:57.437,150,307,
2022-01-24 12:18:57.457,150,16,
2022-01-24 12:18:57.482,150,358,
2022-01-24 12:18:57.503,150,363,
2022-01-24 12:18:57.527,150,17,
2022-01-24 12:18:57.548,150,16,
2022-01-24 12:18:57.572,150,359,
2022-01-24 12:18:57.597,150,342,
2022-01-24 12:18:57.618,150,17,
2022-01-24 12:18:57.642,150,358,
2022-01-24 12:18:57.667,150,361,
2022-01-24 12:18:57.686,150,16,
2022-01-24 12:18:57.712,150,16,
2022-01-24 12:18:57.732,150,361,
2022-01-24 12:18:57.756,150,321,
2022-01-24 12:18:57.781,150,17,
2022-01-24 12:18:57.802,150,16,
2022-01-24 12:18:57.827,150,358,
2022-01-24 12:18:57.851,150,340,
2022-01-24 12:18:57.872,150,17,
2022-01-24 12:18:57.895,150,357,
2022-01-24 12:18:57.921,150,363,
2022-01-24 12:18:57.941,150,16,
2022-01-24 12:18:57.969,150,16,
2022-01-24 12:18:57.986,150,364,
2022-01-24 12:18:58.011,150,353,
2022-01-24 12:18:58.035,150,16,
2022-01-24 12:18:58.055,150,328,
2022-01-24 12:18:58.080,150,346,
2022-01-24 12:18:58.101,150,356,
2022-01-24 12:18:58.125,150,17,
2022-01-24 12:18:58.146,150,357,
2022-01-24 12:18:58.170,150,327,
2022-01-24 12:18:58.195,150,16,
2022-01-24 12:18:58.215,150,16,
2022-01-24 12:18:58.240,150,355,
2022-01-24 12:18:58.264,150,344,
2022-01-24 12:18:58.285,150,17,
2022-01-24 12:18:58.309,150,339,
2022-01-24 12:18:58.334,150,345,
2022-01-24 12:18:58.355,150,17,
2022-01-24 12:18:58.379,150,16,
2022-01-24 12:18:58.400,150,362,
2022-01-24 12:18:58.424,150,353,
2022-01-24 12:18:58.449,150,17,
2022-01-24 12:18:58.469,150,16,
2022-01-24 12:18:58.494,150,344,
2022-01-24 12:18:58.519,150,368,
2022-01-24 12:18:58.539,150,17,
2022-01-24 12:18:58.563,150,365,
2022-01-24 12:18:58.588,150,341,
2022-01-24 12:18:58.609,150,16,
2022-01-24 12:18:58.633,150,16,
2022-01-24 12:18:58.653,150,367,
2022-01-24 12:18:58.678,150,351,
2022-01-24 12:18:58.702,150,17,
2022-01-24 12:18:58.723,150,16,
2022-01-24 12:18:58.747,150,346,
2022-01-24 12:18:58.768,150,361,
2022-01-24 12:18:58.793,150,17,
2022-01-24 12:18:58.813,150,369,
2022-01-24 12:18:58.838,150,348,
2022-01-24 12:18:58.862,150,17,
2022-01-24 12:18:58.883,150,17,
2022-01-24 12:18:58.908,150,346,
2022-01-24 12:18:58.932,150,348,
2022-01-24 12:18:58.953,150,17,
2022-01-24 12:18:58.977,150,346,
2022-01-24 12:18:59.001,150,355,
2022-01-24 12:18:59.022,150,339,
2022-01-24 12:18:59.047,150,16,
2022-01-24 12:18:59.067,150,342,
2022-01-24 12:18:59.092,150,356,
2022-01-24 12:18:59.116,150,16,
2022-01-24 12:18:59.137,150,17,
2022-01-24 12:18:59.161,150,343,
2022-01-24 12:18:59.186,150,365,
2022-01-24 12:18:59.206,150,17,
2022-01-24 12:18:59.230,150,368,
2022-01-24 12:18:59.251,150,348,
2022-01-24 12:18:59.276,150,16,
2022-01-24 12:18:59.297,150,16,
2022-01-24 12:18:59.321,150,354,
2022-01-24 12:18:59.346,150,350,
2022-01-24 12:18:59.370,150,16,
2022-01-24 12:18:59.391,150,16,
2022-01-24 12:18:59.421,150,358,
2022-01-24 12:18:59.436,150,340,
2022-01-24 12:18:59.461,150,17,
2022-01-24 12:18:59.481,150,364,
2022-01-24 12:18:59.506,150,377,
2022-01-24 12:18:59.530,150,16,
2022-01-24 12:18:59.551,150,17,
2022-01-24 12:18:59.576,150,343,
2022-01-24 12:18:59.600,150,345,
2022-01-24 12:18:59.620,150,16,
2022-01-24 12:18:59.645,150,16,
2022-01-24 12:18:59.665,150,348,
2022-01-24 12:18:59.690,150,366,
2022-01-24 12:18:59.714,150,17,
2022-01-24 12:18:59.735,150,337,
2022-01-24 12:18:59.759,150,365,
2022-01-24 12:18:59.783,150,17,
2022-01-24 12:18:59.804,150,17,
2022-01-24 12:18:59.829,150,368,
2022-01-24 12:18:59.853,150,350,
2022-01-24 12:18:59.874,150,17,
2022-01-24 12:18:59.898,150,318,
2022-01-24 12:18:59.919,150,353,
2022-01-24 12:18:59.944,150,358,
2022-01-24 12:18:59.968,150,17,
2022-01-24 12:18:59.989,150,386,
2022-01-24 12:19:00.014,150,370,
2022-01-24 12:19:00.038,150,17,
2022-01-24 12:19:00.059,150,16,
2022-01-24 12:19:00.083,150,346,
2022-01-24 12:19:00.103,150,354,
2022-01-24 12:19:00.128,150,16,
2022-01-24 12:19:00.149,150,340,
2022-01-24 12:19:00.173,150,373,
2022-01-24 12:19:00.197,150,17,
2022-01-24 12:19:00.218,150,17,
2022-01-24 12:19:00.242,150,348,
2022-01-24 12:19:00.268,150,356,
2022-01-24 12:19:00.288,150,16,
2022-01-24 12:19:00.312,150,16,
2022-01-24 12:19:00.333,150,353,
2022-01-24 12:19:00.358,150,357,
2022-01-24 12:19:00.382,150,16,
2022-01-24 12:19:00.403,150,323,
2022-01-24 12:19:00.427,150,380,
2022-01-24 12:19:00.452,150,16,
2022-01-24 12:19:00.472,150,17,
2022-01-24 12:19:00.496,150,364,
2022-01-24 12:19:00.521,150,358,
2022-01-24 12:19:00.542,150,16,
2022-01-24 12:19:00.566,150,16,
2022-01-24 12:19:00.587,150,354,
2022-01-24 12:19:00.612,150,356,
2022-01-24 12:19:00.636,150,16,
2022-01-24 12:19:00.657,150,317,
2022-01-24 12:19:00.681,150,362,
2022-01-24 12:19:00.706,150,16,
2022-01-24 12:19:00.726,150,16,
2022-01-24 12:19:00.750,150,347,
2022-01-24 12:19:00.771,150,365,
2022-01-24 12:19:00.796,150,16,
2022-01-24 12:19:00.816,150,16,
2022-01-24 12:19:00.841,150,350,
2022-01-24 12:19:00.865,150,356,
2022-01-24 12:19:00.886,150,16,
2022-01-24 12:19:00.910,150,338,
2022-01-24 12:19:00.935,150,377,
2022-01-24 12:19:00.956,150,17,
2022-01-24 12:19:00.980,150,16,
2022-01-24 12:19:01.000,150,354,
2022-01-24 12:19:01.025,150,362,
2022-01-24 12:19:01.050,150,17,
2022-01-24 12:19:01.070,150,192,
2022-01-24 12:19:01.095,150,381,
2022-01-24 12:19:01.119,150,351,
2022-01-24 12:19:01.139,150,16,
2022-01-24 12:19:01.164,150,360,
2022-01-24 12:19:01.188,150,363,
2022-01-24 12:19:01.209,150,17,
2022-01-24 12:19:01.234,150,17,
2022-01-24 12:19:01.255,150,354,
2022-01-24 12:19:01.279,150,350,
2022-01-24 12:19:01.303,150,16,
2022-01-24 12:19:01.324,150,367,
2022-01-24 12:19:01.349,150,346,
2022-01-24 12:19:01.373,150,16,
2022-01-24 12:19:01.394,150,16,
2022-01-24 12:19:01.421,150,346,
2022-01-24 12:19:01.439,150,349,
2022-01-24 12:19:01.463,150,16,
2022-01-24 12:19:01.484,150,16,
2022-01-24 12:19:01.508,150,369,
2022-01-24 12:19:01.533,150,359,
2022-01-24 12:19:01.553,150,17,
2022-01-24 12:19:01.578,150,352,
2022-01-24 12:19:01.602,150,379,
2022-01-24 12:19:01.623,150,17,
2022-01-24 12:19:01.648,150,16,
2022-01-24 12:19:01.668,150,361,
2022-01-24 12:19:01.693,150,342,
2022-01-24 12:19:01.717,150,17,
2022-01-24 12:19:01.738,150,16,
2022-01-24 12:19:01.763,150,364,
2022-01-24 12:19:01.786,150,337,
2022-01-24 12:19:01.808,150,16,
2022-01-24 12:19:01.833,150,340,
2022-01-24 12:19:01.856,150,353,
2022-01-24 12:19:01.877,150,17,
2022-01-24 12:19:01.901,150,17,
2022-01-24 12:19:01.922,150,367,
2022-01-24 12:19:01.947,150,337,
2022-01-24 12:19:01.972,150,17,
2022-01-24 12:19:01.992,150,351,
2022-01-24 12:19:02.016,150,360,
2022-01-24 12:19:02.037,150,346,
2022-01-24 12:19:02.061,150,16,
2022-01-24 12:19:02.081,150,332,
2022-01-24 12:19:02.105,150,358,
2022-01-24 12:19:02.130,150,16,
2022-01-24 12:19:02.151,150,17,
2022-01-24 12:19:02.176,150,351,
2022-01-24 12:19:02.200,150,370,
2022-01-24 12:19:02.221,150,17,
2022-01-24 12:19:02.245,150,345,
2022-01-24 12:19:02.270,150,362,
2022-01-24 12:19:02.291,150,16,
2022-01-24 12:19:02.315,150,16,
2022-01-24 12:19:02.336,150,359,
2022-01-24 12:19:02.360,150,346,
2022-01-24 12:19:02.385,150,16,
2022-01-24 12:19:02.405,150,16,
2022-01-24 12:19:02.430,150,351,
2022-01-24 12:19:02.454,150,345,
2022-01-24 12:19:02.475,150,17,
2022-01-24 12:19:02.500,150,363,
2022-01-24 12:19:02.524,150,350,
2022-01-24 12:19:02.544,150,17,
2022-01-24 12:19:02.565,150,17,
2022-01-24 12:19:02.590,150,355,
2022-01-24 12:19:02.614,150,354,
2022-01-24 12:19:02.639,150,16,
2022-01-24 12:19:02.660,150,16,
2022-01-24 12:19:02.684,150,335,
2022-01-24 12:19:02.704,150,353,
2022-01-24 12:19:02.729,150,16,
2022-01-24 12:19:02.750,150,376,
2022-01-24 12:19:02.774,150,361,
2022-01-24 12:19:02.799,150,17,
2022-01-24 12:19:02.819,150,16,
2022-01-24 12:19:02.844,150,340,
2022-01-24 12:19:02.868,70,16,
2022-01-24 12:19:02.888,70,17,
2022-01-24 12:19:02.913,70,16,
2022-01-24 12:19:02.934,70,16,
2022-01-24 12:19:02.958,70,371,
2022-01-24 12:19:02.983,70,16,
2022-01-24 12:19:03.003,70,16,
2022-01-24 12:19:03.028,70,16,
2022-01-24 12:19:03.049,70,379,
2022-01-24 12:19:03.073,70,17,
2022-01-24 12:19:03.097,70,16,
2022-01-24 12:19:03.118,70,16,
2022-01-24 12:19:03.143,70,366,
2022-01-24 12:19:03.167,70,16,
2022-01-24 12:19:03.188,70,16,
2022-01-24 12:19:03.211,70,16,
2022-01-24 12:19:03.233,70,399,
2022-01-24 12:19:03.257,70,16,
2022-01-24 12:19:03.278,70,16,
2022-01-24 12:19:03.303,70,17,
2022-01-24 12:19:03.327,70,404,
2022-01-24 12:19:03.347,70,17,
2022-01-24 12:19:03.372,70,17,
2022-01-24 12:19:03.392,70,16,
2022-01-24 12:19:03.424,70,394,
2022-01-24 12:19:03.442,70,17,
2022-01-24 12:19:03.462,70,17,
2022-01-24 12:19:03.487,70,16,
2022-01-24 12:19:03.507,70,233,
2022-01-24 12:19:03.532,70,364,
2022-01-24 12:19:03.556,70,17,
2022-01-24 12:19:03.577,70,16,
2022-01-24 12:19:03.601,70,16,
2022-01-24 12:19:03.622,70,397,
2022-01-24 12:19:03.647,70,17,
2022-01-24 12:19:03.671,70,16,
2022-01-24 12:19:03.692,70,16,
2022-01-24 12:19:03.716,70,399,
2022-01-24 12:19:03.741,70,16,
2022-01-24 12:19:03.761,70,17,
2022-01-24 12:19:03.786,70,16,
2022-01-24 12:19:03.806,70,393,
2022-01-24 12:19:03.830,70,17,
2022-01-24 12:19:03.851,70,17,
2022-01-24 12:19:03.876,70,16,
2022-01-24 12:19:03.900,70,402,
2022-01-24 12:19:03.925,70,17,
2022-01-24 12:19:03.946,70,17,
2022-01-24 12:19:03.966,70,17,
2022-01-24 12:19:03.990,70,427,
2022-01-24 12:19:04.015,70,16,
2022-01-24 12:19:04.035,70,16,
2022-01-24 12:19:04.060,70,17,
2022-01-24 12:19:04.081,70,411,
2022-01-24 12:19:04.105,70,17,
2022-01-24 12:19:04.130,70,16,
2022-01-24 12:19:04.150,70,16,
2022-01-24 12:19:04.175,70,16,
2022-01-24 12:19:04.199,70,405,
2022-01-24 12:19:04.220,70,16,
2022-01-24 12:19:04.245,70,16,
2022-01-24 12:19:04.265,70,16,
2022-01-24 12:19:04.289,70,396,
2022-01-24 12:19:04.314,70,16,
2022-01-24 12:19:04.334,70,17,
2022-01-24 12:19:04.359,70,17,
2022-01-24 12:19:04.380,70,391,
2022-01-24 12:19:04.404,70,16,
2022-01-24 12:19:04.430,70,17,
2022-01-24 12:19:04.449,70,17,
2022-01-24 12:19:04.474,70,405,
2022-01-24 12:19:04.498,70,16,
2022-01-24 12:19:04.519,70,16,
2022-01-24 12:19:04.543,70,17,
2022-01-24 12:19:04.563,70,414,
2022-01-24 12:19:04.589,70,17,
2022-01-24 12:19:04.609,70,16,
2022-01-24 12:19:04.634,70,17,
2022-01-24 12:19:04.658,70,401,
2022-01-24 12:19:04.679,70,16,
2022-01-24 12:19:04.703,70,17,
2022-01-24 12:19:04.724,70,17,
2022-01-24 12:19:04.748,70,16,
2022-01-24 12:19:04.773,70,397,
2022-01-24 12:19:04.793,70,17,
2022-01-24 12:19:04.818,70,17,
2022-01-24 12:19:04.838,70,17,
2022-01-24 12:19:04.863,70,398,
2022-01-24 12:19:04.887,70,17,
2022-01-24 12:19:04.908,70,17,
2022-01-24 12:19:04.932,70,16,
2022-01-24 12:19:04.953,70,401,
2022-01-24 12:19:04.978,70,17,
2022-01-24 12:19:05.002,70,17,
2022-01-24 12:19:05.022,70,16,
2022-01-24 12:19:05.048,70,405,
2022-01-24 12:19:05.072,70,16,
2022-01-24 12:19:05.093,70,16,
2022-01-24 12:19:05.117,70,17,
2022-01-24 12:19:05.137,70,410,
2022-01-24 12:19:05.162,70,17,
2022-01-24 12:19:05.183,70,17,
2022-01-24 12:19:05.207,70,16,
2022-01-24 12:19:05.232,70,410,
2022-01-24 12:19:05.252,70,17,
2022-01-24 12:19:05.277,70,17,
2022-01-24 12:19:05.297,70,16,
2022-01-24 12:19:05.322,70,16,
2022-01-24 12:19:05.346,70,399,
2022-01-24 12:19:05.367,70,17,
2022-01-24 12:19:05.391,70,16,
2022-01-24 12:19:05.412,70,17,
2022-01-24 12:19:05.436,70,394,
2022-01-24 12:19:05.461,70,16,
2022-01-24 12:19:05.481,70,16,
2022-01-24 12:19:05.506,70,17,
2022-01-24 12:19:05.526,70,422,
2022-01-24 12:19:05.551,70,16,
2022-01-24 12:19:05.576,70,17,
2022-01-24 12:19:05.596,70,17,
2022-01-24 12:19:05.620,70,406,
2022-01-24 12:19:05.645,70,16,
2022-01-24 12:19:05.666,70,17,
2022-01-24 12:19:05.690,70,16,
2022-01-24 12:19:05.711,70,406,
2022-01-24 12:19:05.735,70,16,
2022-01-24 12:19:05.756,70,16,
2022-01-24 12:19:05.780,70,17,
2022-01-24 12:19:05.805,70,417,
2022-01-24 12:19:05.830,70,16,
2022-01-24 12:19:05.850,70,16,
2022-01-24 12:19:05.875,70,17,
2022-01-24 12:19:05.895,70,367,
2022-01-24 12:19:05.920,70,386,
2022-01-24 12:19:05.945,70,16,
2022-01-24 12:19:05.965,70,17,
2022-01-24 12:19:05.989,70,15,
2022-01-24 12:19:06.010,70,389,
2022-01-24 12:19:06.034,70,16,
2022-01-24 12:19:06.054,70,16,
2022-01-24 12:19:06.080,70,16,
2022-01-24 12:19:06.104,70,399,
2022-01-24 12:19:06.124,70,16,
2022-01-24 12:19:06.149,70,17,
2022-01-24 12:19:06.170,70,17,
2022-01-24 12:19:06.194,70,389,
2022-01-24 12:19:06.219,70,17,
2022-01-24 12:19:06.239,70,16,
2022-01-24 12:19:06.263,70,17,
2022-01-24 12:19:06.284,70,411,
2022-01-24 12:19:06.309,70,16,
2022-01-24 12:19:06.334,70,16,
2022-01-24 12:19:06.353,70,17,
2022-01-24 12:19:06.378,70,413,
2022-01-24 12:19:06.403,70,17,
2022-01-24 12:19:06.426,70,16,
2022-01-24 12:19:06.448,70,17,
2022-01-24 12:19:06.469,70,433,
2022-01-24 12:19:06.493,70,17,
2022-01-24 12:19:06.513,70,17,
2022-01-24 12:19:06.538,70,17,
2022-01-24 12:19:06.562,70,16,
2022-01-24 12:19:06.583,70,398,
2022-01-24 12:19:06.607,70,17,
2022-01-24 12:19:06.628,70,17,
2022-01-24 12:19:06.653,70,17,
2022-01-24 12:19:06.677,70,391,
2022-01-24 12:19:06.698,70,17,
2022-01-24 12:19:06.722,70,16,
2022-01-24 12:19:06.743,70,16,
2022-01-24 12:19:06.768,70,395,
2022-01-24 12:19:06.792,70,16,
2022-01-24 12:19:06.813,70,16,
2022-01-24 12:19:06.837,70,17,
2022-01-24 12:19:06.857,70,402,
2022-01-24 12:19:06.882,70,17,
2022-01-24 12:19:06.906,70,16,
2022-01-24 12:19:06.927,70,16,
2022-01-24 12:19:06.952,70,409,
2022-01-24 12:19:06.977,70,16,
2022-01-24 12:19:06.997,70,16,
2022-01-24 12:19:07.021,70,17,
2022-01-24 12:19:07.042,70,406,
2022-01-24 12:19:07.067,70,17,
2022-01-24 12:19:07.087,70,17,
2022-01-24 12:19:07.111,70,16,
2022-01-24 12:19:07.136,70,398,
2022-01-24 12:19:07.161,70,410,
2022-01-24 12:19:07.181,70,16,
2022-01-24 12:19:07.202,70,16,
2022-01-24 12:19:07.226,70,232,
2022-01-24 12:19:07.251,70,391,
2022-01-24 12:19:07.275,70,17,
2022-01-24 12:19:07.295,70,17,
2022-01-24 12:19:07.320,70,16,
2022-01-24 12:19:07.341,70,386,
2022-01-24 12:19:07.365,70,17,
2022-01-24 12:19:07.386,70,17,
2022-01-24 12:19:07.410,70,16,
2022-01-24 12:19:07.436,70,400,
2022-01-24 12:19:07.455,70,17,
2022-01-24 12:19:07.480,60,16,
2022-01-24 12:19:07.501,60,17,
2022-01-24 12:19:07.525,60,408,
2022-01-24 12:19:07.550,60,17,
2022-01-24 12:19:07.570,60,17,
2022-01-24 12:19:07.595,60,17,
2022-01-24 12:19:07.615,60,414,
2022-01-24 12:19:07.640,60,16,
2022-01-24 12:19:07.665,60,17,
2022-01-24 12:19:07.685,60,17,
2022-01-24 12:19:07.710,60,412,
2022-01-24 12:19:07.734,60,17,
2022-01-24 12:19:07.754,60,17,
2022-01-24 12:19:07.778,60,16,
2022-01-24 12:19:07.800,60,413,
2022-01-24 12:19:07.824,60,17,
2022-01-24 12:19:07.844,60,16,
2022-01-24 12:19:07.869,60,16,
2022-01-24 12:19:07.893,60,16,
2022-01-24 12:19:07.915,60,404,
2022-01-24 12:19:07.939,60,17,
2022-01-24 12:19:07.960,60,17,
2022-01-24 12:19:07.984,60,17,
2022-01-24 12:19:08.009,60,400,
2022-01-24 12:19:08.029,60,17,
2022-01-24 12:19:08.054,60,16,
2022-01-24 12:19:08.073,60,17,
2022-01-24 12:19:08.099,60,406,
2022-01-24 12:19:08.123,60,17,
2022-01-24 12:19:08.144,60,17,
2022-01-24 12:19:08.168,60,17,
2022-01-24 12:19:08.189,60,413,
2022-01-24 12:19:08.213,60,16,
2022-01-24 12:19:08.238,60,16,
2022-01-24 12:19:08.258,60,16,
2022-01-24 12:19:08.282,60,416,
2022-01-24 12:19:08.307,60,17,
2022-01-24 12:19:08.328,60,16,
2022-01-24 12:19:08.352,60,17,
2022-01-24 12:19:08.373,60,412,
2022-01-24 12:19:08.397,60,17,
2022-01-24 12:19:08.427,60,17,
2022-01-24 12:19:08.443,60,17,
2022-01-24 12:19:08.467,60,399,
2022-01-24 12:19:08.492,60,17,
2022-01-24 12:19:08.512,60,17,
2022-01-24 12:19:08.533,60,17,
2022-01-24 12:19:08.557,60,16,
2022-01-24 12:19:08.582,60,384,
2022-01-24 12:19:08.606,60,17,
2022-01-24 12:19:08.626,60,16,
2022-01-24 12:19:08.647,60,17,
2022-01-24 12:19:08.672,60,409,
2022-01-24 12:19:08.697,60,17,
2022-01-24 12:19:08.717,60,17,
2022-01-24 12:19:08.741,60,17,
2022-01-24 12:19:08.762,60,417,
2022-01-24 12:19:08.787,60,17,
2022-01-24 12:19:08.811,60,16,
2022-01-24 12:19:08.832,60,16,
2022-01-24 12:19:08.856,60,413,
2022-01-24 12:19:08.881,60,17,
2022-01-24 12:19:08.901,60,17,
2022-01-24 12:19:08.926,60,16,
2022-01-24 12:19:08.947,60,406,
2022-01-24 12:19:08.971,60,16,
2022-01-24 12:19:08.991,60,16,
2022-01-24 12:19:09.016,60,16,
2022-01-24 12:19:09.041,60,16,
2022-01-24 12:19:09.061,60,415,
2022-01-24 12:19:09.086,60,17,
2022-01-24 12:19:09.109,60,17,
2022-01-24 12:19:09.130,60,16,
2022-01-24 12:19:09.155,60,402,
2022-01-24 12:19:09.180,60,17,
2022-01-24 12:19:09.201,60,16,
2022-01-24 12:19:09.225,60,16,
2022-01-24 12:19:09.245,60,409,
2022-01-24 12:19:09.270,60,17,
2022-01-24 12:19:09.291,60,16,
2022-01-24 12:19:09.315,60,17,
2022-01-24 12:19:09.340,60,424,
2022-01-24 12:19:09.360,60,16,
2022-01-24 12:19:09.385,60,16,
2022-01-24 12:19:09.405,60,16,
2022-01-24 12:19:09.430,60,414,
2022-01-24 12:19:09.454,60,17,
2022-01-24 12:19:09.475,60,17,
2022-01-24 12:19:09.499,60,17,
2022-01-24 12:19:09.520,60,392,
2022-01-24 12:19:09.544,60,17,
2022-01-24 12:19:09.569,60,17,
2022-01-24 12:19:09.590,60,17,
2022-01-24 12:19:09.614,60,16,
2022-01-24 12:19:09.635,60,412,
2022-01-24 12:19:09.659,60,17,
2022-01-24 12:19:09.684,60,17,
2022-01-24 12:19:09.704,60,16,
2022-01-24 12:19:09.729,60,405,
2022-01-24 12:19:09.753,60,16,
2022-01-24 12:19:09.773,60,17,
2022-01-24 12:19:09.798,60,17,
2022-01-24 12:19:09.819,60,414,
2022-01-24 12:19:09.843,60,17,
2022-01-24 12:19:09.864,60,17,
2022-01-24 12:19:09.888,60,16,
2022-01-24 12:19:09.913,60,406,
2022-01-24 12:19:09.933,60,17,
2022-01-24 12:19:09.958,60,16,
2022-01-24 12:19:09.979,60,16,
2022-01-24 12:19:10.003,60,410,
2022-01-24 12:19:10.028,60,16,
2022-01-24 12:19:10.048,60,16,
2022-01-24 12:19:10.073,60,17,
2022-01-24 12:19:10.093,60,414,
2022-01-24 12:19:10.118,60,16,
2022-01-24 12:19:10.142,60,17,
2022-01-24 12:19:10.163,60,17,
2022-01-24 12:19:10.187,60,16,
2022-01-24 12:19:10.208,60,411,
2022-01-24 12:19:10.233,60,17,
2022-01-24 12:19:10.257,60,17,
2022-01-24 12:19:10.278,60,17,
2022-01-24 12:19:10.302,60,414,
2022-01-24 12:19:10.326,60,17,
2022-01-24 12:19:10.347,60,16,
2022-01-24 12:19:10.372,60,16,
2022-01-24 12:19:10.392,60,415,
2022-01-24 12:19:10.417,60,17,
2022-01-24 12:19:10.438,60,17,
2022-01-24 12:19:10.462,60,16,
2022-01-24 12:19:10.486,60,419,
2022-01-24 12:19:10.511,60,17,
2022-01-24 12:19:10.531,60,16,
2022-01-24 12:19:10.552,60,17,
2022-01-24 12:19:10.576,60,425,
2022-01-24 12:19:10.601,60,17,
2022-01-24 12:19:10.622,60,16,
2022-01-24 12:19:10.646,60,16,
2022-01-24 12:19:10.667,60,412,
2022-01-24 12:19:10.691,60,17,
2022-01-24 12:19:10.716,60,17,
2022-01-24 12:19:10.737,60,16,
2022-01-24 12:19:10.761,60,16,
2022-01-24 12:19:10.781,60,403,
2022-01-24 12:19:10.805,60,17,
2022-01-24 12:19:10.830,60,17,
2022-01-24 12:19:10.851,60,17,
2022-01-24 12:19:10.875,60,407,
2022-01-24 12:19:10.900,60,16,
2022-01-24 12:19:10.920,60,17,
2022-01-24 12:19:10.945,60,16,
2022-01-24 12:19:10.965,60,403,
2022-01-24 12:19:10.990,60,17,
2022-01-24 12:19:11.015,60,16,
2022-01-24 12:19:11.035,60,17,
2022-01-24 12:19:11.060,60,422,
2022-01-24 12:19:11.084,60,17,
2022-01-24 12:19:11.105,60,17,
2022-01-24 12:19:11.129,60,16,
2022-01-24 12:19:11.150,60,417,
2022-01-24 12:19:11.175,60,17,
2022-01-24 12:19:11.195,60,16,
2022-01-24 12:19:11.219,60,16,
2022-01-24 12:19:11.244,60,406,
2022-01-24 12:19:11.265,60,17,
2022-01-24 12:19:11.289,60,17,
2022-01-24 12:19:11.310,60,16,
2022-01-24 12:19:11.334,60,242,
2022-01-24 12:19:11.359,60,17,
2022-01-24 12:19:11.380,60,17,
2022-01-24 12:19:11.404,60,17,
2022-01-24 12:19:11.429,60,16,
2022-01-24 12:19:11.449,60,396,
2022-01-24 12:19:11.474,60,16,
2022-01-24 12:19:11.494,60,16,
2022-01-24 12:19:11.518,60,17,
2022-01-24 12:19:11.539,60,408,
2022-01-24 12:19:11.564,60,16,
2022-01-24 12:19:11.588,60,17,
2022-01-24 12:19:11.609,60,16,
2022-01-24 12:19:11.633,60,425,
2022-01-24 12:19:11.658,60,16,
2022-01-24 12:19:11.679,60,17,
2022-01-24 12:19:11.703,60,16,
2022-01-24 12:19:11.723,60,413,
2022-01-24 12:19:11.748,60,17,
2022-01-24 12:19:11.769,60,17,
2022-01-24 12:19:11.793,60,17,
2022-01-24 12:19:11.817,60,411,
2022-01-24 12:19:11.838,60,17,
2022-01-24 12:19:11.863,60,16,
2022-01-24 12:19:11.883,60,17,
2022-01-24 12:19:11.908,60,16,
2022-01-24 12:19:11.932,60,386,
2022-01-24 12:19:11.953,60,17,
2022-01-24 12:19:11.977,60,16,
2022-01-24 12:19:11.997,60,17,
2022-01-24 12:19:12.022,60,412,
2022-01-24 12:19:12.047,60,17,
2022-01-24 12:19:12.067,60,17,
2022-01-24 12:19:12.092,60,16,
2022-01-24 12:19:12.112,60,399,
2022-01-24 12:19:12.137,60,17,
2022-01-24 12:19:12.162,60,17,
2022-01-24 12:19:12.182,60,17,
2022-01-24 12:19:12.207,60,391,
2022-01-24 12:19:12.231,60,17,
2022-01-24 12:19:12.252,60,17,
2022-01-24 12:19:12.276,60,16,
2022-01-24 12:19:12.297,60,417,
2022-01-24 12:19:12.322,60,17,
2022-01-24 12:19:12.342,60,17,
2022-01-24 12:19:12.366,60,16,
2022-01-24 12:19:12.391,60,410,
2022-01-24 12:19:12.416,60,17,
2022-01-24 12:19:12.436,60,17,
2022-01-24 12:19:12.456,60,17,
2022-01-24 12:19:12.481,60,16,
2022-01-24 12:19:12.506,60,401,
2022-01-24 12:19:12.530,60,16,
2022-01-24 12:19:12.551,60,16,
2022-01-24 12:19:12.571,60,17,
2022-01-24 12:19:12.596,60,402,
2022-01-24 12:19:12.620,60,17,
2022-01-24 12:19:12.641,60,17,
2022-01-24 12:19:12.665,60,17,
2022-01-24 12:19:12.686,60,414,
2022-01-24 12:19:12.710,60,17,
2022-01-24 12:19:12.735,60,17,
2022-01-24 12:19:12.756,60,17,
2022-01-24 12:19:12.780,60,413,
2022-01-24 12:19:12.804,60,17,
2022-01-24 12:19:12.825,60,17,
2022-01-24 12:19:12.851,60,17,
2022-01-24 12:19:12.870,60,416,
2022-01-24 12:19:12.895,60,16,
2022-01-24 12:19:12.920,60,17,
2022-01-24 12:19:12.940,60,17,
2022-01-24 12:19:12.964,60,418,
2022-01-24 12:19:12.989,60,17,
2022-01-24 12:19:13.009,70,16,
2022-01-24 12:19:13.034,70,17,
2022-01-24 12:19:13.054,70,401,
2022-01-24 12:19:13.079,70,392,
2022-01-24 12:19:13.103,70,17,
2022-01-24 12:19:13.124,70,17,
2022-01-24 12:19:13.148,70,374,
2022-01-24 12:19:13.169,70,399,
2022-01-24 12:19:13.194,70,17,
2022-01-24 12:19:13.214,70,17,
2022-01-24 12:19:13.239,70,16,
2022-01-24 12:19:13.264,70,392,
2022-01-24 12:19:13.284,70,17,
2022-01-24 12:19:13.309,70,17,
2022-01-24 12:19:13.329,70,16,
2022-01-24 12:19:13.354,70,394,
2022-01-24 12:19:13.378,70,16,
2022-01-24 12:19:13.398,70,16,
2022-01-24 12:19:13.432,70,17,
2022-01-24 12:19:13.445,70,424,
2022-01-24 12:19:13.468,70,16,
2022-01-24 12:19:13.493,70,17,
2022-01-24 12:19:13.513,70,16,
2022-01-24 12:19:13.538,70,414,
2022-01-24 12:19:13.563,70,17,
2022-01-24 12:19:13.583,70,17,
2022-01-24 12:19:13.608,70,17,
2022-01-24 12:19:13.628,70,406,
2022-01-24 12:19:13.652,70,17,
2022-01-24 12:19:13.673,70,17,
2022-01-24 12:19:13.698,70,17,
2022-01-24 12:19:13.722,70,398,
2022-01-24 12:19:13.743,70,351,
2022-01-24 12:19:13.767,70,16,
2022-01-24 12:19:13.788,70,17,
2022-01-24 12:19:13.812,70,364,
2022-01-24 12:19:13.837,70,389,
2022-01-24 12:19:13.862,70,17,
2022-01-24 12:19:13.882,70,16,
2022-01-24 12:19:13.902,70,16,
2022-01-24 12:19:13.927,70,396,
2022-01-24 12:19:13.952,70,17,
2022-01-24 12:19:13.972,70,17,
2022-01-24 12:19:13.997,70,16,
2022-01-24 12:19:14.017,70,375,
2022-01-24 12:19:14.041,70,16,
2022-01-24 12:19:14.066,70,17,
2022-01-24 12:19:14.087,70,17,
2022-01-24 12:19:14.111,70,386,
2022-01-24 12:19:14.136,70,16,
2022-01-24 12:19:14.156,70,17,
2022-01-24 12:19:14.181,70,16,
2022-01-24 12:19:14.201,70,403,
2022-01-24 12:19:14.226,70,17,
2022-01-24 12:19:14.251,70,17,
2022-01-24 12:19:14.271,70,17,
2022-01-24 12:19:14.296,70,394,
2022-01-24 12:19:14.320,70,17,
2022-01-24 12:19:14.341,70,16,
2022-01-24 12:19:14.364,70,17,
2022-01-24 12:19:14.386,70,397,
2022-01-24 12:19:14.410,70,17,
2022-01-24 12:19:14.433,70,17,
2022-01-24 12:19:14.455,70,17,
2022-01-24 12:19:14.480,70,358,
2022-01-24 12:19:14.500,70,369,
2022-01-24 12:19:14.525,70,17,
2022-01-24 12:19:14.546,70,17,
2022-01-24 12:19:14.570,70,16,
2022-01-24 12:19:14.595,70,383,
2022-01-24 12:19:14.615,70,17,
2022-01-24 12:19:14.640,70,17,
2022-01-24 12:19:14.660,70,16,
2022-01-24 12:19:14.685,70,395,
2022-01-24 12:19:14.710,70,16,
2022-01-24 12:19:14.730,70,17,
2022-01-24 12:19:14.754,70,17,
2022-01-24 12:19:14.775,70,396,
2022-01-24 12:19:14.800,70,17,
2022-01-24 12:19:14.824,70,16,
2022-01-24 12:19:14.845,70,16,
2022-01-24 12:19:14.869,70,401,
2022-01-24 12:19:14.893,70,16,
2022-01-24 12:19:14.914,70,17,
2022-01-24 12:19:14.941,70,17,
2022-01-24 12:19:14.959,70,390,
2022-01-24 12:19:14.984,70,17,
2022-01-24 12:19:15.004,70,16,
2022-01-24 12:19:15.029,70,17,
2022-01-24 12:19:15.053,70,433,
2022-01-24 12:19:15.074,70,17,
2022-01-24 12:19:15.098,70,16,
2022-01-24 12:19:15.119,70,17,
2022-01-24 12:19:15.144,70,16,
2022-01-24 12:19:15.168,70,401,
2022-01-24 12:19:15.189,70,16,
2022-01-24 12:19:15.212,70,17,
2022-01-24 12:19:15.233,70,17,
2022-01-24 12:19:15.258,70,401,
2022-01-24 12:19:15.283,70,16,
2022-01-24 12:19:15.303,70,17,
2022-01-24 12:19:15.328,70,16,
2022-01-24 12:19:15.348,70,411,
2022-01-24 12:19:15.373,70,17,
2022-01-24 12:19:15.397,70,16,
2022-01-24 12:19:15.418,70,17,
2022-01-24 12:19:15.444,70,402,
2022-01-24 12:19:15.467,70,16,
2022-01-24 12:19:15.488,70,17,
2022-01-24 12:19:15.512,70,16,
2022-01-24 12:19:15.532,70,409,
2022-01-24 12:19:15.557,70,16,
2022-01-24 12:19:15.578,70,16,
2022-01-24 12:19:15.602,70,16,
2022-01-24 12:19:15.627,70,410,
2022-01-24 12:19:15.651,70,17,
2022-01-24 12:19:15.671,70,16,
2022-01-24 12:19:15.692,70,16,
2022-01-24 12:19:15.717,70,16,
2022-01-24 12:19:15.742,70,395,
2022-01-24 12:19:15.766,70,16,
2022-01-24 12:19:15.786,70,17,
2022-01-24 12:19:15.807,70,17,
2022-01-24 12:19:15.832,70,396,
2022-01-24 12:19:15.856,70,17,
2022-01-24 12:19:15.876,70,17,
2022-01-24 12:19:15.901,70,17,
2022-01-24 12:19:15.925,70,403,
2022-01-24 12:19:15.946,70,16,
2022-01-24 12:19:15.971,70,16,
2022-01-24 12:19:15.991,70,16,
2022-01-24 12:19:16.016,70,406,
2022-01-24 12:19:16.041,70,17,
2022-01-24 12:19:16.061,70,17,
2022-01-24 12:19:16.086,70,16,
2022-01-24 12:19:16.106,70,416,
2022-01-24 12:19:16.131,70,17,
2022-01-24 12:19:16.155,70,17,
2022-01-24 12:19:16.176,70,17,
2022-01-24 12:19:16.200,70,406,
2022-01-24 12:19:16.225,70,17,
2022-01-24 12:19:16.245,70,17,
2022-01-24 12:19:16.269,70,17,
2022-01-24 12:19:16.290,70,16,
2022-01-24 12:19:16.315,70,412,
2022-01-24 12:19:16.339,70,17,
2022-01-24 12:19:16.359,70,16,
2022-01-24 12:19:16.384,70,17,
2022-01-24 12:19:16.405,70,395,
2022-01-24 12:19:16.428,70,16,
2022-01-24 12:19:16.449,70,17,
2022-01-24 12:19:16.474,70,17,
2022-01-24 12:19:16.499,70,386,
2022-01-24 12:19:16.519,70,16,
2022-01-24 12:19:16.543,70,17,
2022-01-24 12:19:16.564,70,17,
2022-01-24 12:19:16.589,70,401,
2022-01-24 12:19:16.614,70,16,
2022-01-24 12:19:16.634,70,17,
2022-01-24 12:19:16.658,70,16,
2022-01-24 12:19:16.679,70,407,
2022-01-24 12:19:16.704,70,17,
2022-01-24 12:19:16.728,70,17,
2022-01-24 12:19:16.749,70,16,
2022-01-24 12:19:16.774,70,396,
2022-01-24 12:19:16.798,70,17,
2022-01-24 12:19:16.819,70,16,
2022-01-24 12:19:16.843,70,16,
2022-01-24 12:19:16.863,70,16,
2022-01-24 12:19:16.888,70,396,
2022-01-24 12:19:16.913,70,17,
2022-01-24 12:19:16.933,70,16,
2022-01-24 12:19:16.963,70,17,
2022-01-24 12:19:16.978,70,413,
2022-01-24 12:19:17.003,70,17,
2022-01-24 12:19:17.024,70,17,
2022-01-24 12:19:17.048,70,16,
2022-01-24 12:19:17.073,70,424,
2022-01-24 12:19:17.093,70,17,
2022-01-24 12:19:17.118,70,17,
2022-01-24 12:19:17.138,70,17,
2022-01-24 12:19:17.163,70,413,
2022-01-24 12:19:17.187,70,16,
2022-01-24 12:19:17.208,70,16,
2022-01-24 12:19:17.232,70,16,
2022-01-24 12:19:17.253,70,411,
2022-01-24 12:19:17.277,70,17,
2022-01-24 12:19:17.302,70,16,
2022-01-24 12:19:17.323,70,17,
2022-01-24 12:19:17.347,70,421,
2022-01-24 12:19:17.371,70,364,
2022-01-24 12:19:17.391,70,17,
2022-01-24 12:19:17.417,70,16,
2022-01-24 12:19:17.437,70,236,
2022-01-24 12:19:17.462,70,405,
2022-01-24 12:19:17.486,70,17,
2022-01-24 12:19:17.506,70,16,
2022-01-24 12:19:17.531,70,16,
2022-01-24 12:19:17.552,70,392,
2022-01-24 12:19:17.576,70,17,
2022-01-24 12:19:17.601,70,17,
2022-01-24 12:19:17.622,70,17,
2022-01-24 12:19:17.646,70,405,
2022-01-24 12:19:17.671,70,16,
2022-01-24 12:19:17.691,70,16,
2022-01-24 12:19:17.716,70,17,
2022-01-24 12:19:17.736,70,406,
2022-01-24 12:19:17.761,70,17,
2022-01-24 12:19:17.780,70,17,
2022-01-24 12:19:17.806,70,17,
2022-01-24 12:19:17.830,70,400,
2022-01-24 12:19:17.851,70,17,
2022-01-24 12:19:17.875,70,16,
2022-01-24 12:19:17.896,70,17,
2022-01-24 12:19:17.920,70,414,
2022-01-24 12:19:17.945,70,17,
2022-01-24 12:19:17.965,70,16,
2022-01-24 12:19:17.990,70,16,
2022-01-24 12:19:18.010,70,414,
2022-01-24 12:19:18.035,70,17,
2022-01-24 12:19:18.059,70,17,
2022-01-24 12:19:18.080,70,17,
2022-01-24 12:19:18.105,70,16,
2022-01-24 12:19:18.125,70,383,
2022-01-24 12:19:18.149,70,17,
2022-01-24 12:19:18.174,70,17,
2022-01-24 12:19:18.195,70,16,
2022-01-24 12:19:18.219,70,392,
2022-01-24 12:19:18.244,70,16,
2022-01-24 12:19:18.265,70,16,
2022-01-24 12:19:18.289,70,17,
2022-01-24 12:19:18.309,70,413,
2022-01-24 12:19:18.334,70,17,
2022-01-24 12:19:18.354,70,16,
2022-01-24 12:19:18.379,70,16,
2022-01-24 12:19:18.404,70,421,
2022-01-24 12:19:18.424,70,16,
2022-01-24 12:19:18.448,70,17,
2022-01-24 12:19:18.469,70,17,
2022-01-24 12:19:18.494,70,409,
2022-01-24 12:19:18.518,70,17,
2022-01-24 12:19:18.538,70,16,
2022-01-24 12:19:18.563,70,16,
2022-01-24 12:19:18.584,70,384,
2022-01-24 12:19:18.608,70,17,
2022-01-24 12:19:18.633,70,16,
2022-01-24 12:19:18.653,70,16,
2022-01-24 12:19:18.678,70,217,
2022-01-24 12:19:18.703,70,389,
2022-01-24 12:19:18.722,70,17,
2022-01-24 12:19:18.748,70,17,
2022-01-24 12:19:18.768,70,16,
2022-01-24 12:19:18.792,70,394,
2022-01-24 12:19:18.817,70,17,
2022-01-24 12:19:18.838,70,17,
2022-01-24 12:19:18.862,70,17,
2022-01-24 12:19:18.883,70,401,
2022-01-24 12:19:18.907,70,17,
2022-01-24 12:19:18.928,70,17,
2022-01-24 12:19:18.954,70,17,
2022-01-24 12:19:18.977,70,401,
2022-01-24 12:19:19.002,70,17,
2022-01-24 12:19:19.021,70,16,
2022-01-24 12:19:19.043,70,17,
2022-01-24 12:19:19.067,70,418,
2022-01-24 12:19:19.092,70,16,
2022-01-24 12:19:19.112,70,16,
2022-01-24 12:19:19.137,70,16,
2022-01-24 12:19:19.161,70,417,
2022-01-24 12:19:19.182,70,17,
2022-01-24 12:19:19.207,70,17,
2022-01-24 12:19:19.227,70,16,
2022-01-24 12:19:19.252,70,403,
2022-01-24 12:19:19.276,70,17,
2022-01-24 12:19:19.297,70,17,
2022-01-24 12:19:19.321,70,17,
2022-01-24 12:19:19.342,70,16,
2022-01-24 12:19:19.366,70,386,
2022-01-24 12:19:19.390,70,16,
2022-01-24 12:19:19.411,70,17,
2022-01-24 12:19:19.441,70,16,
