2022-01-12 20:20:41.603,140,0.00
2022-01-12 20:20:41.633,140,0.00
2022-01-12 20:20:41.655,140,0.00
2022-01-12 20:20:41.676,140,0.00
2022-01-12 20:20:41.700,140,0.35
2022-01-12 20:20:41.725,140,0.35
2022-01-12 20:20:41.745,140,1.05
2022-01-12 20:20:41.770,140,1.76
2022-01-12 20:20:41.790,140,2.81
2022-01-12 20:20:41.815,140,4.22
2022-01-12 20:20:41.840,140,5.63
2022-01-12 20:20:41.860,140,7.73
2022-01-12 20:20:41.885,140,10.55
2022-01-12 20:20:41.910,140,13.01
2022-01-12 20:20:41.930,140,15.82
2022-01-12 20:20:41.954,140,19.34
2022-01-12 20:20:41.975,140,23.20
2022-01-12 20:20:41.999,140,27.07
2022-01-12 20:20:42.024,140,31.29
2022-01-12 20:20:42.045,140,35.51
2022-01-12 20:20:42.070,140,40.08
2022-01-12 20:20:42.093,140,44.65
2022-01-12 20:20:42.132,140,48.87
2022-01-12 20:20:42.144,140,52.73
2022-01-12 20:20:42.159,140,57.30
2022-01-12 20:20:42.184,140,61.17
2022-01-12 20:20:42.209,140,65.04
2022-01-12 20:20:42.229,140,68.55
2022-01-12 20:20:42.254,140,72.07
2022-01-12 20:20:42.277,140,74.88
2022-01-12 20:20:42.298,140,77.34
2022-01-12 20:20:42.350,140,80.16
2022-01-12 20:20:42.351,140,82.27
2022-01-12 20:20:42.368,140,84.37
2022-01-12 20:20:42.393,140,86.13
2022-01-12 20:20:42.414,140,87.89
2022-01-12 20:20:42.438,140,88.95
2022-01-12 20:20:42.463,140,90.00
2022-01-12 20:20:42.483,140,91.05
2022-01-12 20:20:42.508,140,91.76
2022-01-12 20:20:42.528,140,92.46
2022-01-12 20:20:42.552,140,92.46
2022-01-12 20:20:42.578,140,92.81
2022-01-12 20:20:42.597,140,92.81
2022-01-12 20:20:42.622,140,93.16
2022-01-12 20:20:42.642,140,93.16
2022-01-12 20:20:42.667,140,93.16
2022-01-12 20:20:42.692,140,92.46
2022-01-12 20:20:42.712,140,92.46
2022-01-12 20:20:42.736,140,91.76
2022-01-12 20:20:42.762,140,91.41
2022-01-12 20:20:42.782,140,91.05
2022-01-12 20:20:42.806,140,90.35
2022-01-12 20:20:42.827,140,89.65
2022-01-12 20:20:42.852,140,88.95
2022-01-12 20:20:42.876,140,88.24
2022-01-12 20:20:42.897,140,87.54
2022-01-12 20:20:42.922,140,86.84
2022-01-12 20:20:42.945,140,86.13
2022-01-12 20:20:42.966,140,85.08
2022-01-12 20:20:42.991,140,84.02
2022-01-12 20:20:43.011,140,82.97
2022-01-12 20:20:43.036,140,82.27
2022-01-12 20:20:43.060,140,81.21
2022-01-12 20:20:43.081,140,80.16
2022-01-12 20:20:43.105,140,79.10
2022-01-12 20:20:43.130,140,78.05
2022-01-12 20:20:43.150,140,76.99
2022-01-12 20:20:43.175,140,75.94
2022-01-12 20:20:43.196,140,74.88
2022-01-12 20:20:43.220,140,73.83
2022-01-12 20:20:43.245,140,72.42
2022-01-12 20:20:43.306,140,71.72
2022-01-12 20:20:43.307,140,70.31
2022-01-12 20:20:43.316,140,69.61
2022-01-12 20:20:43.334,140,68.55
2022-01-12 20:20:43.360,140,67.50
2022-01-12 20:20:43.380,140,66.80
2022-01-12 20:20:43.405,140,65.74
2022-01-12 20:20:43.428,140,65.04
2022-01-12 20:20:43.450,140,64.34
2022-01-12 20:20:43.474,140,63.63
2022-01-12 20:20:43.495,140,62.93
2022-01-12 20:20:43.519,140,62.58
2022-01-12 20:20:43.543,140,61.88
2022-01-12 20:20:43.564,140,61.52
2022-01-12 20:20:43.589,140,61.17
2022-01-12 20:20:43.613,140,60.82
2022-01-12 20:20:43.634,140,60.82
2022-01-12 20:20:43.658,140,60.82
2022-01-12 20:20:43.682,140,60.47
2022-01-12 20:20:43.704,140,60.47
2022-01-12 20:20:43.728,140,60.47
2022-01-12 20:20:43.748,140,60.82
2022-01-12 20:20:43.773,140,60.82
2022-01-12 20:20:43.798,140,61.17
2022-01-12 20:20:43.818,140,61.17
2022-01-12 20:20:43.843,140,61.52
2022-01-12 20:20:43.863,140,61.88
2022-01-12 20:20:43.888,140,61.88
2022-01-12 20:20:43.912,140,62.23
2022-01-12 20:20:43.933,140,62.58
2022-01-12 20:20:43.957,140,62.93
2022-01-12 20:20:43.978,140,62.93
2022-01-12 20:20:44.003,140,63.63
2022-01-12 20:20:44.027,140,63.98
2022-01-12 20:20:44.047,140,64.34
2022-01-12 20:20:44.072,140,64.69
2022-01-12 20:20:44.097,140,64.69
2022-01-12 20:20:44.136,140,65.39
2022-01-12 20:20:44.148,140,65.39
2022-01-12 20:20:44.162,140,66.09
2022-01-12 20:20:44.187,140,66.09
2022-01-12 20:20:44.212,140,66.45
2022-01-12 20:20:44.231,140,66.80
2022-01-12 20:20:44.257,140,66.80
2022-01-12 20:20:44.281,140,66.80
2022-01-12 20:20:44.302,140,67.15
2022-01-12 20:20:44.356,140,67.50
2022-01-12 20:20:44.356,140,67.50
2022-01-12 20:20:44.371,140,67.50
2022-01-12 20:20:44.395,140,67.50
2022-01-12 20:20:44.415,140,67.85
2022-01-12 20:20:44.441,140,67.85
2022-01-12 20:20:44.465,140,67.85
2022-01-12 20:20:44.486,140,68.20
2022-01-12 20:20:44.510,140,67.85
2022-01-12 20:20:44.531,140,67.85
2022-01-12 20:20:44.555,140,67.85
2022-01-12 20:20:44.580,140,67.85
2022-01-12 20:20:44.601,140,67.85
2022-01-12 20:20:44.625,140,67.85
2022-01-12 20:20:44.646,140,67.85
2022-01-12 20:20:44.670,140,67.50
2022-01-12 20:20:44.695,140,67.50
2022-01-12 20:20:44.715,140,67.50
2022-01-12 20:20:44.740,140,67.50
2022-01-12 20:20:44.764,140,67.50
2022-01-12 20:20:44.785,140,67.15
2022-01-12 20:20:44.810,140,67.15
2022-01-12 20:20:44.830,140,66.80
2022-01-12 20:20:44.855,140,66.80
2022-01-12 20:20:44.879,140,66.80
2022-01-12 20:20:44.900,140,66.80
2022-01-12 20:20:44.924,140,66.45
2022-01-12 20:20:44.949,140,66.45
2022-01-12 20:20:44.969,140,66.45
2022-01-12 20:20:44.995,140,66.09
2022-01-12 20:20:45.014,140,66.09
2022-01-12 20:20:45.039,140,66.09
2022-01-12 20:20:45.063,140,65.74
2022-01-12 20:20:45.084,140,65.74
2022-01-12 20:20:45.108,140,65.74
2022-01-12 20:20:45.142,140,65.39
2022-01-12 20:20:45.154,140,65.74
2022-01-12 20:20:45.177,140,65.39
2022-01-12 20:20:45.199,140,65.39
2022-01-12 20:20:45.222,140,65.39
2022-01-12 20:20:45.248,140,65.39
2022-01-12 20:20:45.347,140,65.39
2022-01-12 20:20:45.347,140,65.39
2022-01-12 20:20:45.350,140,65.04
2022-01-12 20:20:45.350,140,65.39
2022-01-12 20:20:45.362,140,65.04
2022-01-12 20:20:45.382,140,65.04
2022-01-12 20:20:45.407,140,65.04
2022-01-12 20:20:45.432,140,65.39
2022-01-12 20:20:45.452,140,65.04
2022-01-12 20:20:45.477,140,65.04
2022-01-12 20:20:45.497,140,64.69
2022-01-12 20:20:45.522,140,65.04
2022-01-12 20:20:45.547,140,64.69
2022-01-12 20:20:45.567,140,65.04
2022-01-12 20:20:45.592,140,65.04
2022-01-12 20:20:45.616,140,65.04
2022-01-12 20:20:45.637,140,65.04
2022-01-12 20:20:45.662,140,65.04
2022-01-12 20:20:45.683,140,65.04
2022-01-12 20:20:45.706,140,65.04
2022-01-12 20:20:45.730,140,65.04
2022-01-12 20:20:45.751,140,65.39
2022-01-12 20:20:45.776,140,65.39
2022-01-12 20:20:45.801,140,65.04
2022-01-12 20:20:45.821,140,65.04
2022-01-12 20:20:45.845,140,65.04
2022-01-12 20:20:45.866,140,65.39
2022-01-12 20:20:45.891,140,65.39
2022-01-12 20:20:45.915,140,65.39
2022-01-12 20:20:45.935,140,65.39
2022-01-12 20:20:45.963,140,65.39
2022-01-12 20:20:45.981,140,65.04
2022-01-12 20:20:46.005,140,65.39
2022-01-12 20:20:46.030,140,65.39
2022-01-12 20:20:46.050,140,65.39
2022-01-12 20:20:46.075,140,65.39
2022-01-12 20:20:46.100,140,65.39
2022-01-12 20:20:46.138,140,65.04
2022-01-12 20:20:46.149,140,65.39
2022-01-12 20:20:46.165,140,65.39
2022-01-12 20:20:46.189,140,65.39
2022-01-12 20:20:46.213,140,65.39
2022-01-12 20:20:46.234,90,65.39
2022-01-12 20:20:46.347,90,65.39
2022-01-12 20:20:46.347,60,65.39
2022-01-12 20:20:46.348,60,65.04
2022-01-12 20:20:46.350,60,64.69
2022-01-12 20:20:46.357,60,63.98
2022-01-12 20:20:46.374,60,62.93
2022-01-12 20:20:46.399,60,61.88
2022-01-12 20:20:46.420,60,60.12
2022-01-12 20:20:46.444,60,58.01
2022-01-12 20:20:46.464,60,55.55
2022-01-12 20:20:46.489,60,53.09
2022-01-12 20:20:46.513,60,49.92
2022-01-12 20:20:46.534,60,47.11
2022-01-12 20:20:46.558,60,43.59
2022-01-12 20:20:46.579,60,39.73
2022-01-12 20:20:46.604,60,35.86
2022-01-12 20:20:46.628,60,32.34
2022-01-12 20:20:46.649,60,28.12
2022-01-12 20:20:46.673,60,24.61
2022-01-12 20:20:46.694,60,21.09
2022-01-12 20:20:46.718,60,17.58
2022-01-12 20:20:46.743,60,14.06
2022-01-12 20:20:46.763,60,11.25
2022-01-12 20:20:46.788,60,8.44
2022-01-12 20:20:46.808,60,5.98
2022-01-12 20:20:46.833,60,4.57
2022-01-12 20:20:46.853,60,2.46
2022-01-12 20:20:46.878,60,1.76
2022-01-12 20:20:46.902,60,1.41
2022-01-12 20:20:46.923,60,1.41
2022-01-12 20:20:46.947,60,2.11
2022-01-12 20:20:46.968,60,2.81
2022-01-12 20:20:46.992,60,4.22
2022-01-12 20:20:47.017,60,5.98
2022-01-12 20:20:47.038,60,8.09
2022-01-12 20:20:47.062,60,10.20
2022-01-12 20:20:47.086,60,12.66
2022-01-12 20:20:47.107,60,15.12
2022-01-12 20:20:47.142,60,17.58
2022-01-12 20:20:47.153,60,20.39
2022-01-12 20:20:47.177,60,22.85
2022-01-12 20:20:47.202,60,24.96
2022-01-12 20:20:47.222,60,27.42
2022-01-12 20:20:47.247,60,29.18
2022-01-12 20:20:47.347,60,30.94
2022-01-12 20:20:47.347,60,32.34
2022-01-12 20:20:47.350,60,33.40
2022-01-12 20:20:47.350,60,34.10
2022-01-12 20:20:47.361,60,34.45
2022-01-12 20:20:47.385,60,34.80
2022-01-12 20:20:47.406,60,34.80
2022-01-12 20:20:47.431,60,34.10
2022-01-12 20:20:47.451,60,33.40
2022-01-12 20:20:47.476,60,32.34
2022-01-12 20:20:47.500,60,31.29
2022-01-12 20:20:47.521,60,29.88
2022-01-12 20:20:47.545,60,28.48
2022-01-12 20:20:47.565,60,27.07
2022-01-12 20:20:47.590,60,25.31
2022-01-12 20:20:47.614,60,23.91
2022-01-12 20:20:47.635,60,22.15
2022-01-12 20:20:47.660,60,20.74
2022-01-12 20:20:47.683,60,18.98
2022-01-12 20:20:47.705,60,17.58
2022-01-12 20:20:47.729,60,16.52
2022-01-12 20:20:47.750,60,15.12
2022-01-12 20:20:47.775,60,14.06
2022-01-12 20:20:47.795,60,13.01
2022-01-12 20:20:47.819,60,12.66
2022-01-12 20:20:47.844,60,12.30
2022-01-12 20:20:47.865,60,11.95
2022-01-12 20:20:47.889,60,11.95
2022-01-12 20:20:47.910,60,11.95
2022-01-12 20:20:47.936,60,12.30
2022-01-12 20:20:47.959,60,12.66
2022-01-12 20:20:47.979,60,13.36
2022-01-12 20:20:48.004,60,14.06
2022-01-12 20:20:48.029,60,15.12
2022-01-12 20:20:48.049,60,16.17
2022-01-12 20:20:48.074,60,17.23
2022-01-12 20:20:48.094,60,17.93
2022-01-12 20:20:48.119,60,19.34
2022-01-12 20:20:48.148,60,20.04
2022-01-12 20:20:48.163,60,21.09
2022-01-12 20:20:48.188,60,22.15
2022-01-12 20:20:48.209,60,22.85
2022-01-12 20:20:48.233,60,23.55
2022-01-12 20:20:48.258,60,24.26
2022-01-12 20:20:48.278,60,24.96
2022-01-12 20:20:48.303,60,24.96
2022-01-12 20:20:48.351,60,25.31
2022-01-12 20:20:48.351,60,25.31
2022-01-12 20:20:48.372,60,25.31
2022-01-12 20:20:48.393,60,25.31
2022-01-12 20:20:48.418,60,24.96
2022-01-12 20:20:48.438,60,24.96
2022-01-12 20:20:48.462,60,24.61
2022-01-12 20:20:48.487,60,24.26
2022-01-12 20:20:48.508,60,23.55
2022-01-12 20:20:48.532,60,23.20
2022-01-12 20:20:48.553,60,22.85
2022-01-12 20:20:48.578,60,22.15
2022-01-12 20:20:48.602,60,21.80
2022-01-12 20:20:48.623,60,21.45
2022-01-12 20:20:48.671,60,21.09
2022-01-12 20:20:48.672,60,20.74
2022-01-12 20:20:48.692,60,20.39
2022-01-12 20:20:48.716,60,20.04
2022-01-12 20:20:48.737,60,19.69
2022-01-12 20:20:48.762,60,19.69
2022-01-12 20:20:48.787,60,19.34
2022-01-12 20:20:48.807,60,19.34
2022-01-12 20:20:48.831,60,19.34
2022-01-12 20:20:48.851,60,19.34
2022-01-12 20:20:48.877,60,19.34
2022-01-12 20:20:48.902,60,19.34
2022-01-12 20:20:48.922,60,19.34
2022-01-12 20:20:48.947,60,19.34
2022-01-12 20:20:48.966,60,19.69
2022-01-12 20:20:48.991,60,19.69
2022-01-12 20:20:49.015,60,20.04
2022-01-12 20:20:49.037,60,20.04
2022-01-12 20:20:49.061,60,20.04
2022-01-12 20:20:49.081,60,20.04
2022-01-12 20:20:49.106,60,20.39
2022-01-12 20:20:49.140,60,20.39
2022-01-12 20:20:49.151,60,20.74
2022-01-12 20:20:49.175,60,20.74
2022-01-12 20:20:49.196,60,20.74
2022-01-12 20:20:49.221,60,21.09
2022-01-12 20:20:49.245,60,21.09
2022-01-12 20:20:49.354,60,21.09
2022-01-12 20:20:49.355,60,21.09
2022-01-12 20:20:49.358,60,21.09
2022-01-12 20:20:49.358,60,21.09
2022-01-12 20:20:49.371,60,21.45
2022-01-12 20:20:49.381,60,21.09
2022-01-12 20:20:49.405,60,21.09
2022-01-12 20:20:49.429,60,21.09
2022-01-12 20:20:49.450,60,21.09
2022-01-12 20:20:49.474,60,21.09
2022-01-12 20:20:49.495,60,21.09
2022-01-12 20:20:49.519,60,21.09
2022-01-12 20:20:49.544,60,21.09
2022-01-12 20:20:49.565,60,21.09
2022-01-12 20:20:49.590,60,21.09
2022-01-12 20:20:49.610,60,21.09
2022-01-12 20:20:49.634,60,21.09
2022-01-12 20:20:49.658,60,21.09
2022-01-12 20:20:49.685,60,21.09
2022-01-12 20:20:49.703,60,21.09
2022-01-12 20:20:49.725,60,21.09
2022-01-12 20:20:49.749,60,21.09
2022-01-12 20:20:49.774,60,21.09
2022-01-12 20:20:49.794,60,21.09
2022-01-12 20:20:49.819,60,21.09
2022-01-12 20:20:49.839,60,21.09
2022-01-12 20:20:49.864,60,21.09
2022-01-12 20:20:49.888,60,21.09
2022-01-12 20:20:49.909,60,21.09
2022-01-12 20:20:49.933,60,21.09
2022-01-12 20:20:49.954,60,21.09
2022-01-12 20:20:49.978,60,21.09
2022-01-12 20:20:50.002,60,21.09
2022-01-12 20:20:50.023,60,21.09
2022-01-12 20:20:50.048,60,21.09
2022-01-12 20:20:50.068,60,21.09
2022-01-12 20:20:50.093,60,21.09
2022-01-12 20:20:50.118,60,21.09
2022-01-12 20:20:50.147,60,21.09
2022-01-12 20:20:50.163,60,21.09
2022-01-12 20:20:50.187,60,21.09
2022-01-12 20:20:50.208,60,21.09
2022-01-12 20:20:50.233,60,21.09
2022-01-12 20:20:50.253,60,21.09
2022-01-12 20:20:50.353,60,21.09
2022-01-12 20:20:50.354,60,21.09
2022-01-12 20:20:50.356,60,21.09
2022-01-12 20:20:50.356,60,21.09
2022-01-12 20:20:50.367,60,21.09
2022-01-12 20:20:50.392,60,21.09
2022-01-12 20:20:50.417,60,21.09
2022-01-12 20:20:50.437,60,21.09
2022-01-12 20:20:50.461,60,21.09
2022-01-12 20:20:50.482,60,21.09
2022-01-12 20:20:50.507,60,21.09
2022-01-12 20:20:50.531,60,21.09
2022-01-12 20:20:50.552,60,21.09
2022-01-12 20:20:50.576,60,21.09
2022-01-12 20:20:50.597,60,21.09
2022-01-12 20:20:50.621,60,21.09
2022-01-12 20:20:50.646,60,21.09
2022-01-12 20:20:50.666,60,21.09
2022-01-12 20:20:50.691,60,21.09
2022-01-12 20:20:50.712,60,21.09
2022-01-12 20:20:50.736,60,21.09
2022-01-12 20:20:50.760,60,21.09
2022-01-12 20:20:50.781,60,21.09
2022-01-12 20:20:50.806,60,21.09
2022-01-12 20:20:50.826,60,21.09
2022-01-12 20:20:50.851,60,21.09
2022-01-12 20:20:50.875,60,21.09
2022-01-12 20:20:50.896,70,21.09
2022-01-12 20:20:50.920,70,21.09
2022-01-12 20:20:50.945,70,21.09
2022-01-12 20:20:50.968,70,21.09
2022-01-12 20:20:50.990,70,21.09
2022-01-12 20:20:51.011,70,21.09
2022-01-12 20:20:51.035,70,21.45
2022-01-12 20:20:51.060,70,21.45
2022-01-12 20:20:51.080,70,21.45
2022-01-12 20:20:51.105,70,21.80
2022-01-12 20:20:51.143,70,21.80
2022-01-12 20:20:51.153,70,22.15
2022-01-12 20:20:51.174,70,22.15
2022-01-12 20:20:51.194,70,22.50
2022-01-12 20:20:51.219,70,22.85
2022-01-12 20:20:51.239,70,22.85
2022-01-12 20:20:51.352,70,23.20
2022-01-12 20:20:51.352,70,23.55
2022-01-12 20:20:51.352,70,23.91
2022-01-12 20:20:51.356,70,24.26
2022-01-12 20:20:51.365,70,24.26
2022-01-12 20:20:51.379,70,24.61
2022-01-12 20:20:51.403,70,24.96
2022-01-12 20:20:51.424,70,24.96
2022-01-12 20:20:51.449,70,24.96
2022-01-12 20:20:51.469,70,25.31
2022-01-12 20:20:51.494,70,25.31
2022-01-12 20:20:51.518,70,25.31
2022-01-12 20:20:51.539,70,25.66
2022-01-12 20:20:51.564,70,25.66
2022-01-12 20:20:51.583,70,25.66
2022-01-12 20:20:51.608,70,26.02
2022-01-12 20:20:51.633,70,26.02
2022-01-12 20:20:51.653,70,26.02
2022-01-12 20:20:51.688,70,25.66
2022-01-12 20:20:51.703,70,26.02
2022-01-12 20:20:51.723,70,26.02
2022-01-12 20:20:51.748,70,26.02
2022-01-12 20:20:51.768,70,26.02
2022-01-12 20:20:51.793,70,25.66
2022-01-12 20:20:51.818,70,25.66
2022-01-12 20:20:51.838,70,25.66
2022-01-12 20:20:51.862,70,25.66
2022-01-12 20:20:51.883,70,25.66
2022-01-12 20:20:51.908,70,25.66
2022-01-12 20:20:51.932,70,25.66
2022-01-12 20:20:51.952,70,25.31
2022-01-12 20:20:51.977,70,25.31
2022-01-12 20:20:51.997,70,25.31
2022-01-12 20:20:52.022,70,25.31
2022-01-12 20:20:52.047,70,25.31
2022-01-12 20:20:52.067,70,25.31
2022-01-12 20:20:52.091,70,25.31
2022-01-12 20:20:52.113,70,25.31
2022-01-12 20:20:52.143,70,25.31
2022-01-12 20:20:52.161,70,25.31
2022-01-12 20:20:52.181,70,25.31
2022-01-12 20:20:52.207,70,25.31
2022-01-12 20:20:52.231,70,25.31
2022-01-12 20:20:52.251,70,25.31
2022-01-12 20:20:52.349,70,25.31
2022-01-12 20:20:52.350,70,25.31
2022-01-12 20:20:52.351,70,25.31
2022-01-12 20:20:52.351,70,25.31
2022-01-12 20:20:52.366,70,25.66
2022-01-12 20:20:52.390,70,25.31
2022-01-12 20:20:52.411,70,25.31
2022-01-12 20:20:52.436,70,25.31
2022-01-12 20:20:52.460,70,25.31
2022-01-12 20:20:52.481,70,25.66
2022-01-12 20:20:52.506,70,25.66
2022-01-12 20:20:52.526,70,25.66
2022-01-12 20:20:52.551,70,25.66
2022-01-12 20:20:52.574,70,25.66
2022-01-12 20:20:52.595,70,25.66
2022-01-12 20:20:52.620,70,25.66
2022-01-12 20:20:52.640,70,25.66
2022-01-12 20:20:52.665,70,25.66
2022-01-12 20:20:52.691,70,25.66
2022-01-12 20:20:52.710,70,25.66
2022-01-12 20:20:52.734,70,25.66
2022-01-12 20:20:52.755,70,25.66
2022-01-12 20:20:52.780,70,25.66
2022-01-12 20:20:52.804,70,25.66
2022-01-12 20:20:52.825,70,25.66
2022-01-12 20:20:52.850,70,25.66
2022-01-12 20:20:52.874,70,25.66
2022-01-12 20:20:52.895,70,25.66
2022-01-12 20:20:52.919,70,25.66
2022-01-12 20:20:52.940,70,25.66
2022-01-12 20:20:52.965,70,25.66
2022-01-12 20:20:52.988,70,25.66
2022-01-12 20:20:53.009,70,25.66
2022-01-12 20:20:53.033,70,25.66
2022-01-12 20:20:53.054,70,25.66
2022-01-12 20:20:53.079,70,25.66
2022-01-12 20:20:53.103,70,25.66
2022-01-12 20:20:53.124,70,25.66
2022-01-12 20:20:53.154,70,25.66
2022-01-12 20:20:53.169,70,25.66
2022-01-12 20:20:53.194,70,25.66
2022-01-12 20:20:53.218,70,25.66
2022-01-12 20:20:53.239,70,25.66
2022-01-12 20:20:53.350,70,25.66
2022-01-12 20:20:53.350,70,25.66
2022-01-12 20:20:53.350,70,25.66
2022-01-12 20:20:53.352,70,25.66
2022-01-12 20:20:53.360,70,25.66
2022-01-12 20:20:53.377,70,25.66
2022-01-12 20:20:53.398,70,25.66
2022-01-12 20:20:53.423,70,25.66
2022-01-12 20:20:53.447,70,25.66
2022-01-12 20:20:53.468,70,25.66
2022-01-12 20:20:53.492,70,25.66
2022-01-12 20:20:53.519,70,25.66
2022-01-12 20:20:53.538,70,25.66
2022-01-12 20:20:53.562,70,25.66
2022-01-12 20:20:53.583,70,25.66
2022-01-12 20:20:53.607,70,25.66
2022-01-12 20:20:53.631,70,25.66
2022-01-12 20:20:53.652,70,25.66
2022-01-12 20:20:53.677,70,25.66
2022-01-12 20:20:53.697,70,25.66
2022-01-12 20:20:53.722,70,26.02
2022-01-12 20:20:53.747,70,25.66
2022-01-12 20:20:53.766,70,26.02
2022-01-12 20:20:53.792,70,25.66
2022-01-12 20:20:53.812,70,25.66
2022-01-12 20:20:53.836,70,26.02
2022-01-12 20:20:53.861,70,25.66
2022-01-12 20:20:53.882,70,26.02
2022-01-12 20:20:53.906,70,25.66
2022-01-12 20:20:53.927,70,25.66
2022-01-12 20:20:53.952,70,25.66
2022-01-12 20:20:53.975,70,25.66
2022-01-12 20:20:53.997,70,25.66
2022-01-12 20:20:54.021,70,25.66
2022-01-12 20:20:54.042,70,25.66
2022-01-12 20:20:54.066,70,25.66
2022-01-12 20:20:54.091,70,25.66
2022-01-12 20:20:54.111,70,25.66
2022-01-12 20:20:54.145,70,25.66
2022-01-12 20:20:54.160,70,25.66
2022-01-12 20:20:54.180,70,25.66
2022-01-12 20:20:54.205,70,25.66
2022-01-12 20:20:54.227,70,25.66
2022-01-12 20:20:54.250,70,25.66
2022-01-12 20:20:54.355,70,25.66
2022-01-12 20:20:54.355,70,25.66
2022-01-12 20:20:54.358,70,25.66
2022-01-12 20:20:54.358,70,25.66
2022-01-12 20:20:54.366,70,25.66
2022-01-12 20:20:54.389,70,25.66
2022-01-12 20:20:54.410,70,25.66
2022-01-12 20:20:54.434,70,25.66
2022-01-12 20:20:54.455,70,25.66
2022-01-12 20:20:54.480,70,25.66
2022-01-12 20:20:54.504,70,25.66
2022-01-12 20:20:54.525,70,25.66
2022-01-12 20:20:54.549,70,25.66
2022-01-12 20:20:54.570,70,25.66
2022-01-12 20:20:54.594,70,25.66
2022-01-12 20:20:54.619,70,25.66
2022-01-12 20:20:54.639,70,25.66
2022-01-12 20:20:54.664,70,25.66
2022-01-12 20:20:54.688,70,25.66
2022-01-12 20:20:54.708,70,25.66
2022-01-12 20:20:54.734,70,25.66
2022-01-12 20:20:54.754,70,25.66
2022-01-12 20:20:54.778,70,25.66
2022-01-12 20:20:54.803,70,26.02
2022-01-12 20:20:54.823,70,25.66
2022-01-12 20:20:54.848,70,25.66
2022-01-12 20:20:54.869,70,25.66
2022-01-12 20:20:54.893,70,25.66
2022-01-12 20:20:54.918,70,25.66
2022-01-12 20:20:54.939,70,25.66
2022-01-12 20:20:54.963,70,25.66
2022-01-12 20:20:54.984,70,25.66
2022-01-12 20:20:55.009,70,25.66
2022-01-12 20:20:55.033,70,25.66
2022-01-12 20:20:55.053,70,25.66
2022-01-12 20:20:55.078,70,26.02
2022-01-12 20:20:55.098,70,25.66
2022-01-12 20:20:55.123,70,26.02
2022-01-12 20:20:55.154,70,25.66
2022-01-12 20:20:55.168,70,25.66
2022-01-12 20:20:55.192,70,25.66
2022-01-12 20:20:55.212,70,25.66
2022-01-12 20:20:55.237,70,25.66
2022-01-12 20:20:55.353,70,26.02
2022-01-12 20:20:55.353,70,25.66
2022-01-12 20:20:55.353,70,25.66
2022-01-12 20:20:55.355,70,26.02
2022-01-12 20:20:55.356,70,25.66
2022-01-12 20:20:55.376,70,25.66
2022-01-12 20:20:55.397,70,25.66
2022-01-12 20:20:55.422,70,26.02
2022-01-12 20:20:55.446,70,25.66
2022-01-12 20:20:55.466,70,25.66
2022-01-12 20:20:55.491,70,26.02
2022-01-12 20:20:55.511,70,25.66
2022-01-12 20:20:55.536,70,26.02
2022-01-12 20:20:55.560,70,26.02
2022-01-12 20:20:55.581,70,26.02
2022-01-12 20:20:55.606,70,25.66
2022-01-12 20:20:55.626,70,26.02
2022-01-12 20:20:55.651,70,25.66
2022-01-12 20:20:55.676,70,25.66
2022-01-12 20:20:55.696,70,25.66
2022-01-12 20:20:55.721,70,26.02
2022-01-12 20:20:55.741,70,25.66
2022-01-12 20:20:55.766,70,25.66
2022-01-12 20:20:55.790,70,25.66
2022-01-12 20:20:55.811,70,25.66
2022-01-12 20:20:55.836,70,26.02
2022-01-12 20:20:55.856,70,25.66
2022-01-12 20:20:55.880,70,26.02
2022-01-12 20:20:55.905,70,26.02
2022-01-12 20:20:55.925,70,25.66
2022-01-12 20:20:55.950,70,26.02
2022-01-12 20:20:55.972,70,25.66
2022-01-12 20:20:55.995,70,25.66
2022-01-12 20:20:56.020,70,26.02
2022-01-12 20:20:56.040,70,26.02
2022-01-12 20:20:56.065,70,25.66
2022-01-12 20:20:56.089,70,25.66
2022-01-12 20:20:56.110,70,26.02
2022-01-12 20:20:56.149,70,25.66
2022-01-12 20:20:56.162,70,25.66
2022-01-12 20:20:56.179,70,26.02
2022-01-12 20:20:56.204,70,25.66
2022-01-12 20:20:56.224,70,26.02
2022-01-12 20:20:56.249,70,25.66
2022-01-12 20:20:56.354,70,25.66
2022-01-12 20:20:56.355,70,25.66
2022-01-12 20:20:56.358,70,26.02
2022-01-12 20:20:56.358,70,25.66
2022-01-12 20:20:56.363,70,25.66
2022-01-12 20:20:56.384,70,25.66
2022-01-12 20:20:56.409,70,25.66
2022-01-12 20:20:56.433,90,25.66
2022-01-12 20:20:56.453,90,25.66
2022-01-12 20:20:56.478,90,25.66
2022-01-12 20:20:56.499,90,26.02
2022-01-12 20:20:56.523,90,26.02
2022-01-12 20:20:56.549,90,26.02
2022-01-12 20:20:56.568,90,26.02
2022-01-12 20:20:56.593,90,26.37
2022-01-12 20:20:56.613,90,26.72
2022-01-12 20:20:56.638,90,27.07
2022-01-12 20:20:56.662,90,27.42
2022-01-12 20:20:56.689,90,27.77
2022-01-12 20:20:56.707,90,28.48
2022-01-12 20:20:56.732,90,28.83
2022-01-12 20:20:56.753,90,29.53
2022-01-12 20:20:56.777,90,29.88
2022-01-12 20:20:56.798,90,30.59
2022-01-12 20:20:56.823,90,31.29
2022-01-12 20:20:56.847,90,31.99
2022-01-12 20:20:56.867,90,32.70
2022-01-12 20:20:56.893,90,33.40
2022-01-12 20:20:56.913,90,33.75
2022-01-12 20:20:56.937,90,34.45
2022-01-12 20:20:56.962,90,34.80
2022-01-12 20:20:56.982,90,35.16
2022-01-12 20:20:57.007,90,35.51
2022-01-12 20:20:57.028,90,35.86
2022-01-12 20:20:57.052,90,36.21
2022-01-12 20:20:57.076,90,36.56
2022-01-12 20:20:57.098,90,36.56
2022-01-12 20:20:57.122,90,36.91
2022-01-12 20:20:57.152,90,36.91
2022-01-12 20:20:57.167,90,36.56
2022-01-12 20:20:57.190,90,36.56
2022-01-12 20:20:57.211,90,36.21
2022-01-12 20:20:57.236,90,36.21
2022-01-12 20:20:57.256,90,35.86
2022-01-12 20:20:57.354,90,35.51
2022-01-12 20:20:57.354,90,35.16
2022-01-12 20:20:57.356,90,35.16
2022-01-12 20:20:57.356,90,34.80
2022-01-12 20:20:57.375,90,34.45
2022-01-12 20:20:57.395,90,34.10
2022-01-12 20:20:57.420,90,34.10
2022-01-12 20:20:57.440,90,33.75
2022-01-12 20:20:57.465,90,33.40
2022-01-12 20:20:57.490,90,33.40
2022-01-12 20:20:57.510,90,33.05
2022-01-12 20:20:57.535,90,33.05
2022-01-12 20:20:57.555,90,32.70
2022-01-12 20:20:57.580,90,32.70
2022-01-12 20:20:57.605,90,32.70
2022-01-12 20:20:57.625,90,32.70
2022-01-12 20:20:57.650,90,32.34
2022-01-12 20:20:57.670,90,32.34
2022-01-12 20:20:57.695,90,32.70
2022-01-12 20:20:57.719,90,32.70
2022-01-12 20:20:57.740,90,32.70
2022-01-12 20:20:57.765,90,32.70
2022-01-12 20:20:57.785,90,33.05
2022-01-12 20:20:57.810,90,33.05
2022-01-12 20:20:57.834,90,33.40
2022-01-12 20:20:57.855,90,33.40
2022-01-12 20:20:57.879,90,33.40
2022-01-12 20:20:57.904,90,33.75
2022-01-12 20:20:57.924,90,33.75
2022-01-12 20:20:57.948,90,33.75
2022-01-12 20:20:57.969,90,33.75
2022-01-12 20:20:57.994,90,34.10
2022-01-12 20:20:58.018,90,34.10
2022-01-12 20:20:58.039,90,34.10
2022-01-12 20:20:58.063,90,34.10
2022-01-12 20:20:58.084,90,34.10
2022-01-12 20:20:58.109,90,34.10
2022-01-12 20:20:58.147,90,34.45
2022-01-12 20:20:58.156,90,34.45
2022-01-12 20:20:58.178,90,34.45
2022-01-12 20:20:58.199,90,34.10
2022-01-12 20:20:58.223,90,34.45
2022-01-12 20:20:58.247,90,34.45
2022-01-12 20:20:58.349,90,34.45
2022-01-12 20:20:58.350,90,34.45
2022-01-12 20:20:58.350,90,34.45
2022-01-12 20:20:58.352,90,34.45
2022-01-12 20:20:58.362,90,34.45
2022-01-12 20:20:58.383,90,34.45
2022-01-12 20:20:58.408,90,34.45
2022-01-12 20:20:58.432,90,34.45
2022-01-12 20:20:58.453,90,34.10
2022-01-12 20:20:58.477,90,34.10
2022-01-12 20:20:58.498,90,34.45
2022-01-12 20:20:58.522,90,34.10
2022-01-12 20:20:58.546,90,34.10
2022-01-12 20:20:58.567,90,34.45
2022-01-12 20:20:58.591,90,34.10
2022-01-12 20:20:58.612,90,34.45
2022-01-12 20:20:58.636,90,34.45
2022-01-12 20:20:58.662,90,34.45
2022-01-12 20:20:58.682,90,34.10
2022-01-12 20:20:58.706,90,34.10
2022-01-12 20:20:58.727,90,34.10
2022-01-12 20:20:58.751,90,34.10
2022-01-12 20:20:58.776,90,34.10
2022-01-12 20:20:58.797,90,34.10
2022-01-12 20:20:58.821,90,34.45
2022-01-12 20:20:58.846,90,34.45
2022-01-12 20:20:58.867,90,34.45
2022-01-12 20:20:58.890,90,34.45
2022-01-12 20:20:58.912,90,34.45
2022-01-12 20:20:58.936,90,34.45
2022-01-12 20:20:58.960,90,34.10
2022-01-12 20:20:58.980,90,34.45
2022-01-12 20:20:59.006,90,34.45
2022-01-12 20:20:59.026,90,34.45
2022-01-12 20:20:59.051,90,34.45
2022-01-12 20:20:59.075,90,34.45
2022-01-12 20:20:59.096,90,34.45
2022-01-12 20:20:59.121,90,34.45
2022-01-12 20:20:59.150,90,34.45
2022-01-12 20:20:59.165,90,34.45
2022-01-12 20:20:59.190,90,34.45
2022-01-12 20:20:59.211,90,34.45
2022-01-12 20:20:59.235,90,34.45
2022-01-12 20:20:59.255,90,34.45
2022-01-12 20:20:59.354,90,34.10
2022-01-12 20:20:59.354,90,34.45
2022-01-12 20:20:59.356,90,34.10
2022-01-12 20:20:59.356,90,34.45
2022-01-12 20:20:59.374,90,34.10
2022-01-12 20:20:59.395,90,34.10
2022-01-12 20:20:59.419,90,34.45
2022-01-12 20:20:59.439,90,34.45
2022-01-12 20:20:59.464,90,34.10
2022-01-12 20:20:59.488,90,34.10
2022-01-12 20:20:59.510,90,34.10
2022-01-12 20:20:59.534,90,34.10
2022-01-12 20:20:59.555,90,34.10
2022-01-12 20:20:59.579,90,34.45
2022-01-12 20:20:59.604,90,34.45
2022-01-12 20:20:59.623,90,34.10
2022-01-12 20:20:59.648,90,34.10
2022-01-12 20:20:59.668,90,34.10
2022-01-12 20:20:59.693,90,34.10
2022-01-12 20:20:59.718,90,34.10
2022-01-12 20:20:59.738,90,34.10
2022-01-12 20:20:59.763,90,34.10
2022-01-12 20:20:59.788,90,34.10
2022-01-12 20:20:59.808,90,34.10
2022-01-12 20:20:59.832,90,34.10
2022-01-12 20:20:59.853,90,34.10
2022-01-12 20:20:59.877,90,34.10
2022-01-12 20:20:59.903,90,34.45
2022-01-12 20:20:59.923,90,34.10
2022-01-12 20:20:59.948,90,34.10
2022-01-12 20:20:59.968,90,34.10
2022-01-12 20:20:59.993,90,34.45
2022-01-12 20:21:00.017,90,34.45
2022-01-12 20:21:00.037,90,34.45
2022-01-12 20:21:00.062,90,34.45
2022-01-12 20:21:00.083,90,34.45
2022-01-12 20:21:00.108,90,34.45
2022-01-12 20:21:00.150,90,34.45
2022-01-12 20:21:00.161,90,34.80
2022-01-12 20:21:00.177,90,34.80
2022-01-12 20:21:00.197,90,34.45
2022-01-12 20:21:00.222,90,34.80
2022-01-12 20:21:00.247,90,34.80
2022-01-12 20:21:00.355,90,34.80
2022-01-12 20:21:00.355,90,34.80
2022-01-12 20:21:00.355,90,34.45
2022-01-12 20:21:00.357,90,34.80
2022-01-12 20:21:00.366,90,34.80
2022-01-12 20:21:00.382,90,34.45
2022-01-12 20:21:00.406,90,34.80
2022-01-12 20:21:00.431,90,34.45
2022-01-12 20:21:00.452,90,34.45
2022-01-12 20:21:00.476,90,34.45
2022-01-12 20:21:00.497,90,34.45
2022-01-12 20:21:00.520,90,34.45
2022-01-12 20:21:00.545,90,34.45
2022-01-12 20:21:00.566,90,34.45
2022-01-12 20:21:00.590,90,34.45
2022-01-12 20:21:00.611,90,34.10
2022-01-12 20:21:00.635,90,34.10
2022-01-12 20:21:00.660,90,34.10
2022-01-12 20:21:00.680,90,34.10
2022-01-12 20:21:00.705,90,34.10
2022-01-12 20:21:00.726,90,34.10
2022-01-12 20:21:00.751,90,34.10
2022-01-12 20:21:00.775,90,34.10
2022-01-12 20:21:00.796,90,34.10
2022-01-12 20:21:00.820,90,34.10
2022-01-12 20:21:00.845,90,34.10
2022-01-12 20:21:00.864,90,34.45
2022-01-12 20:21:00.889,90,34.45
2022-01-12 20:21:00.910,90,34.45
2022-01-12 20:21:00.934,90,34.45
2022-01-12 20:21:00.959,90,34.10
2022-01-12 20:21:00.980,90,34.45
2022-01-12 20:21:01.004,90,34.45
2022-01-12 20:21:01.025,90,34.45
2022-01-12 20:21:01.050,140,34.45
2022-01-12 20:21:01.074,140,34.45
2022-01-12 20:21:01.095,140,34.80
2022-01-12 20:21:01.118,140,34.80
2022-01-12 20:21:01.152,140,35.16
2022-01-12 20:21:01.164,140,35.51
2022-01-12 20:21:01.189,140,36.21
2022-01-12 20:21:01.209,140,36.91
2022-01-12 20:21:01.234,140,37.97
2022-01-12 20:21:01.258,140,39.38
2022-01-12 20:21:01.353,140,40.43
2022-01-12 20:21:01.353,140,42.19
2022-01-12 20:21:01.356,140,43.95
2022-01-12 20:21:01.356,140,45.35
2022-01-12 20:21:01.373,140,47.11
2022-01-12 20:21:01.393,140,49.22
2022-01-12 20:21:01.418,140,51.33
2022-01-12 20:21:01.443,140,53.09
2022-01-12 20:21:01.463,140,55.20
2022-01-12 20:21:01.487,140,57.30
2022-01-12 20:21:01.509,140,59.06
2022-01-12 20:21:01.533,140,60.47
2022-01-12 20:21:01.557,140,62.23
2022-01-12 20:21:01.578,140,64.34
2022-01-12 20:21:01.602,140,65.74
2022-01-12 20:21:01.627,140,67.50
2022-01-12 20:21:01.647,140,68.55
2022-01-12 20:21:01.671,140,69.61
2022-01-12 20:21:01.696,140,70.66
2022-01-12 20:21:01.717,140,71.72
2022-01-12 20:21:01.742,140,72.07
2022-01-12 20:21:01.762,140,72.77
2022-01-12 20:21:01.786,140,73.12
2022-01-12 20:21:01.807,140,73.48
2022-01-12 20:21:01.831,140,73.12
2022-01-12 20:21:01.856,140,73.48
2022-01-12 20:21:01.877,140,73.48
2022-01-12 20:21:01.901,140,73.48
2022-01-12 20:21:01.925,140,73.12
2022-01-12 20:21:01.946,140,72.42
2022-01-12 20:21:01.971,140,72.07
2022-01-12 20:21:01.991,140,71.72
2022-01-12 20:21:02.016,140,71.37
2022-01-12 20:21:02.041,140,71.02
2022-01-12 20:21:02.061,140,70.31
2022-01-12 20:21:02.086,140,69.61
2022-01-12 20:21:02.110,140,69.26
2022-01-12 20:21:02.130,140,68.55
2022-01-12 20:21:02.158,140,68.20
2022-01-12 20:21:02.175,140,67.50
2022-01-12 20:21:02.200,140,67.15
2022-01-12 20:21:02.225,140,66.45
2022-01-12 20:21:02.245,140,66.09
2022-01-12 20:21:02.355,140,65.39
2022-01-12 20:21:02.355,140,65.04
2022-01-12 20:21:02.355,140,64.69
2022-01-12 20:21:02.358,140,64.34
2022-01-12 20:21:02.368,140,63.98
2022-01-12 20:21:02.385,140,63.28
2022-01-12 20:21:02.409,140,62.93
2022-01-12 20:21:02.429,140,62.58
2022-01-12 20:21:02.454,140,62.23
2022-01-12 20:21:02.474,140,61.88
2022-01-12 20:21:02.499,140,61.88
2022-01-12 20:21:02.524,140,61.52
2022-01-12 20:21:02.544,140,61.52
2022-01-12 20:21:02.569,140,61.17
2022-01-12 20:21:02.594,140,61.17
2022-01-12 20:21:02.614,140,61.17
2022-01-12 20:21:02.639,140,61.17
2022-01-12 20:21:02.659,140,61.17
2022-01-12 20:21:02.683,140,61.17
2022-01-12 20:21:02.708,140,61.17
2022-01-12 20:21:02.729,140,61.52
2022-01-12 20:21:02.753,140,61.88
2022-01-12 20:21:02.778,140,61.88
2022-01-12 20:21:02.798,140,62.23
2022-01-12 20:21:02.823,140,62.23
2022-01-12 20:21:02.844,140,62.23
2022-01-12 20:21:02.867,140,62.23
2022-01-12 20:21:02.892,140,62.58
2022-01-12 20:21:02.913,140,62.93
2022-01-12 20:21:02.937,140,62.93
2022-01-12 20:21:02.962,140,63.28
2022-01-12 20:21:02.983,140,63.63
2022-01-12 20:21:03.007,140,63.63
2022-01-12 20:21:03.028,140,63.98
2022-01-12 20:21:03.052,140,63.98
2022-01-12 20:21:03.077,140,64.34
2022-01-12 20:21:03.097,140,64.69
2022-01-12 20:21:03.121,140,64.69
2022-01-12 20:21:03.151,140,64.69
2022-01-12 20:21:03.166,140,64.69
2022-01-12 20:21:03.191,140,65.04
2022-01-12 20:21:03.212,140,65.04
2022-01-12 20:21:03.237,140,65.39
2022-01-12 20:21:03.261,140,65.04
2022-01-12 20:21:03.358,140,65.04
2022-01-12 20:21:03.358,140,65.04
2022-01-12 20:21:03.361,140,65.04
2022-01-12 20:21:03.361,140,65.04
2022-01-12 20:21:03.376,140,65.04
2022-01-12 20:21:03.396,140,64.69
2022-01-12 20:21:03.420,140,64.69
2022-01-12 20:21:03.445,140,64.69
2022-01-12 20:21:03.466,140,64.69
2022-01-12 20:21:03.490,140,64.69
2022-01-12 20:21:03.511,140,64.69
2022-01-12 20:21:03.536,140,64.69
2022-01-12 20:21:03.559,140,64.34
2022-01-12 20:21:03.581,140,64.34
2022-01-12 20:21:03.604,140,63.98
2022-01-12 20:21:03.625,140,63.98
2022-01-12 20:21:03.650,140,63.98
2022-01-12 20:21:03.675,140,63.98
2022-01-12 20:21:03.697,140,63.98
2022-01-12 20:21:03.720,140,63.63
2022-01-12 20:21:03.745,140,63.63
2022-01-12 20:21:03.765,140,63.63
2022-01-12 20:21:03.790,140,63.63
2022-01-12 20:21:03.809,140,63.28
2022-01-12 20:21:03.834,140,63.28
2022-01-12 20:21:03.859,140,63.28
2022-01-12 20:21:03.879,140,63.28
2022-01-12 20:21:03.904,140,63.28
2022-01-12 20:21:03.929,140,62.93
2022-01-12 20:21:03.949,140,63.28
2022-01-12 20:21:03.974,140,63.28
2022-01-12 20:21:03.995,140,62.93
2022-01-12 20:21:04.019,140,62.93
2022-01-12 20:21:04.045,140,62.93
2022-01-12 20:21:04.064,140,62.93
2022-01-12 20:21:04.088,140,62.93
2022-01-12 20:21:04.109,140,62.93
2022-01-12 20:21:04.134,140,62.93
2022-01-12 20:21:04.164,140,62.93
2022-01-12 20:21:04.179,140,62.93
2022-01-12 20:21:04.203,140,62.93
2022-01-12 20:21:04.228,140,62.93
2022-01-12 20:21:04.248,140,62.93
2022-01-12 20:21:04.372,140,62.93
2022-01-12 20:21:04.373,140,62.93
2022-01-12 20:21:04.373,140,62.93
2022-01-12 20:21:04.375,140,62.93
2022-01-12 20:21:04.375,140,62.93
2022-01-12 20:21:04.387,140,62.93
2022-01-12 20:21:04.411,140,62.93
2022-01-12 20:21:04.432,140,62.93
2022-01-12 20:21:04.457,140,62.93
2022-01-12 20:21:04.478,140,62.93
2022-01-12 20:21:04.502,140,63.28
2022-01-12 20:21:04.527,140,63.28
2022-01-12 20:21:04.547,140,63.28
2022-01-12 20:21:04.572,140,63.28
2022-01-12 20:21:04.593,140,63.28
2022-01-12 20:21:04.617,140,63.28
2022-01-12 20:21:04.641,140,63.28
2022-01-12 20:21:04.662,140,63.28
2022-01-12 20:21:04.686,140,63.28
2022-01-12 20:21:04.711,140,63.28
2022-01-12 20:21:04.732,140,63.28
2022-01-12 20:21:04.756,140,63.28
2022-01-12 20:21:04.777,140,62.93
2022-01-12 20:21:04.801,140,62.93
2022-01-12 20:21:04.826,140,62.93
2022-01-12 20:21:04.846,140,62.93
2022-01-12 20:21:04.871,140,62.93
2022-01-12 20:21:04.897,140,62.93
2022-01-12 20:21:04.916,140,62.58
2022-01-12 20:21:04.940,140,62.58
2022-01-12 20:21:04.961,140,62.58
2022-01-12 20:21:04.985,140,62.58
2022-01-12 20:21:05.010,140,62.58
2022-01-12 20:21:05.030,140,62.23
2022-01-12 20:21:05.055,140,62.23
2022-01-12 20:21:05.080,140,62.23
2022-01-12 20:21:05.100,140,62.23
2022-01-12 20:21:05.125,140,62.23
2022-01-12 20:21:05.158,140,62.23
2022-01-12 20:21:05.170,140,62.23
2022-01-12 20:21:05.194,140,62.23
2022-01-12 20:21:05.215,140,62.23
2022-01-12 20:21:05.239,140,62.23
2022-01-12 20:21:05.260,140,62.58
2022-01-12 20:21:05.359,140,62.58
2022-01-12 20:21:05.359,140,62.58
2022-01-12 20:21:05.363,140,62.58
2022-01-12 20:21:05.363,140,62.58
2022-01-12 20:21:05.379,140,62.58
2022-01-12 20:21:05.399,140,62.93
2022-01-12 20:21:05.424,140,62.93
2022-01-12 20:21:05.444,140,63.28
2022-01-12 20:21:05.468,140,63.28
2022-01-12 20:21:05.494,140,63.28
2022-01-12 20:21:05.513,140,63.28
2022-01-12 20:21:05.538,140,63.28
2022-01-12 20:21:05.562,140,63.63
2022-01-12 20:21:05.583,140,63.63
2022-01-12 20:21:05.608,140,63.63
2022-01-12 20:21:05.629,140,63.63
2022-01-12 20:21:05.653,140,63.63
2022-01-12 20:21:05.678,140,63.63
2022-01-12 20:21:05.702,140,63.63
2022-01-12 20:21:05.723,140,63.63
2022-01-12 20:21:05.743,140,63.98
2022-01-12 20:21:05.767,140,63.98
2022-01-12 20:21:05.793,140,63.63
2022-01-12 20:21:05.813,140,63.63
2022-01-12 20:21:05.837,140,63.98
2022-01-12 20:21:05.862,140,63.98
2022-01-12 20:21:05.882,140,63.98
2022-01-12 20:21:05.907,140,63.63
2022-01-12 20:21:05.927,140,63.63
2022-01-12 20:21:05.952,140,63.63
2022-01-12 20:21:05.978,140,63.63
2022-01-12 20:21:05.997,140,63.63
2022-01-12 20:21:06.022,140,63.63
2022-01-12 20:21:06.046,140,63.63
2022-01-12 20:21:06.068,140,63.28
2022-01-12 20:21:06.091,140,63.28
2022-01-12 20:21:06.112,140,63.28
2022-01-12 20:21:06.158,140,63.28
2022-01-12 20:21:06.167,140,63.28
2022-01-12 20:21:06.182,140,63.28
2022-01-12 20:21:06.206,140,63.28
2022-01-12 20:21:06.231,140,63.28
2022-01-12 20:21:06.251,140,62.93
2022-01-12 20:21:06.358,140,63.28
2022-01-12 20:21:06.358,140,63.28
2022-01-12 20:21:06.359,140,63.28
2022-01-12 20:21:06.362,140,62.93
2022-01-12 20:21:06.370,140,62.93
2022-01-12 20:21:06.390,140,62.93
2022-01-12 20:21:06.411,140,62.93
2022-01-12 20:21:06.435,140,62.93
2022-01-12 20:21:06.460,140,62.93
2022-01-12 20:21:06.480,140,63.28
2022-01-12 20:21:06.505,140,62.93
2022-01-12 20:21:06.530,140,62.93
2022-01-12 20:21:06.550,140,62.93
2022-01-12 20:21:06.575,140,62.93
2022-01-12 20:21:06.595,70,62.93
2022-01-12 20:21:06.619,70,63.28
2022-01-12 20:21:06.644,70,62.58
2022-01-12 20:21:06.664,70,62.23
2022-01-12 20:21:06.689,70,61.88
2022-01-12 20:21:06.709,70,61.17
2022-01-12 20:21:06.734,70,60.12
2022-01-12 20:21:06.758,70,59.06
2022-01-12 20:21:06.779,70,57.30
2022-01-12 20:21:06.804,70,55.55
2022-01-12 20:21:06.824,70,53.44
2022-01-12 20:21:06.849,70,51.33
2022-01-12 20:21:06.874,70,48.87
2022-01-12 20:21:06.894,70,45.70
2022-01-12 20:21:06.919,70,42.54
2022-01-12 20:21:06.943,70,39.38
2022-01-12 20:21:06.964,70,36.21
2022-01-12 20:21:06.988,70,33.05
2022-01-12 20:21:07.009,70,30.23
2022-01-12 20:21:07.033,70,27.42
2022-01-12 20:21:07.058,70,24.26
2022-01-12 20:21:07.079,70,21.80
2022-01-12 20:21:07.103,70,19.34
2022-01-12 20:21:07.124,70,16.87
2022-01-12 20:21:07.158,70,14.77
2022-01-12 20:21:07.172,70,13.01
2022-01-12 20:21:07.193,70,11.60
2022-01-12 20:21:07.217,70,10.55
2022-01-12 20:21:07.238,70,10.20
2022-01-12 20:21:07.263,70,9.84
2022-01-12 20:21:07.363,70,9.84
2022-01-12 20:21:07.364,70,10.20
2022-01-12 20:21:07.367,70,10.90
2022-01-12 20:21:07.367,70,12.30
2022-01-12 20:21:07.377,70,13.71
2022-01-12 20:21:07.402,70,15.12
2022-01-12 20:21:07.423,70,16.52
2022-01-12 20:21:07.447,70,18.63
2022-01-12 20:21:07.467,70,20.04
2022-01-12 20:21:07.492,70,22.15
2022-01-12 20:21:07.516,70,24.26
2022-01-12 20:21:07.537,70,26.02
2022-01-12 20:21:07.562,70,27.77
2022-01-12 20:21:07.586,70,29.18
2022-01-12 20:21:07.607,70,30.94
2022-01-12 20:21:07.631,70,32.34
2022-01-12 20:21:07.652,70,33.40
2022-01-12 20:21:07.676,70,34.45
2022-01-12 20:21:07.701,70,35.16
2022-01-12 20:21:07.721,70,35.51
2022-01-12 20:21:07.746,70,35.86
2022-01-12 20:21:07.767,70,35.86
2022-01-12 20:21:07.791,70,35.86
2022-01-12 20:21:07.817,70,35.16
2022-01-12 20:21:07.836,70,34.80
2022-01-12 20:21:07.861,70,34.10
2022-01-12 20:21:07.881,70,33.05
2022-01-12 20:21:07.906,70,31.99
2022-01-12 20:21:07.931,70,30.94
2022-01-12 20:21:07.951,70,29.88
2022-01-12 20:21:07.975,70,28.83
2022-01-12 20:21:07.996,70,27.77
2022-01-12 20:21:08.021,70,26.72
2022-01-12 20:21:08.045,70,25.31
2022-01-12 20:21:08.065,70,24.26
2022-01-12 20:21:08.090,70,23.55
2022-01-12 20:21:08.111,70,22.50
2022-01-12 20:21:08.135,70,21.80
2022-01-12 20:21:08.165,70,21.45
2022-01-12 20:21:08.180,70,20.74
2022-01-12 20:21:08.205,70,20.04
2022-01-12 20:21:08.230,70,20.04
2022-01-12 20:21:08.250,70,20.04
2022-01-12 20:21:08.274,70,20.04
2022-01-12 20:21:08.354,70,20.04
2022-01-12 20:21:08.354,70,20.04
2022-01-12 20:21:08.356,70,20.39
2022-01-12 20:21:08.364,70,21.09
2022-01-12 20:21:08.389,70,21.45
2022-01-12 20:21:08.409,70,21.80
2022-01-12 20:21:08.434,70,22.50
2022-01-12 20:21:08.459,70,22.85
2022-01-12 20:21:08.479,70,23.55
2022-01-12 20:21:08.504,70,24.26
2022-01-12 20:21:08.524,70,24.61
2022-01-12 20:21:08.548,70,25.31
2022-01-12 20:21:08.573,70,25.66
2022-01-12 20:21:08.593,70,26.37
2022-01-12 20:21:08.618,70,26.72
2022-01-12 20:21:08.639,70,27.07
2022-01-12 20:21:08.663,70,27.42
2022-01-12 20:21:08.688,70,27.42
2022-01-12 20:21:08.709,70,27.77
2022-01-12 20:21:08.733,70,28.12
2022-01-12 20:21:08.754,70,28.12
2022-01-12 20:21:08.778,70,27.77
2022-01-12 20:21:08.803,70,27.77
2022-01-12 20:21:08.823,70,27.77
2022-01-12 20:21:08.848,70,27.77
2022-01-12 20:21:08.872,70,27.42
2022-01-12 20:21:08.893,70,27.42
2022-01-12 20:21:08.918,70,27.42
2022-01-12 20:21:08.938,70,27.07
2022-01-12 20:21:08.962,70,26.72
2022-01-12 20:21:08.988,70,26.37
2022-01-12 20:21:09.007,70,26.37
2022-01-12 20:21:09.032,70,26.02
2022-01-12 20:21:09.053,70,26.02
2022-01-12 20:21:09.077,70,25.66
2022-01-12 20:21:09.102,70,25.31
2022-01-12 20:21:09.122,70,24.96
2022-01-12 20:21:09.160,70,24.96
2022-01-12 20:21:09.172,70,24.96
2022-01-12 20:21:09.192,70,24.96
2022-01-12 20:21:09.217,70,24.96
2022-01-12 20:21:09.236,70,24.96
2022-01-12 20:21:09.261,70,24.96
2022-01-12 20:21:09.363,70,24.96
2022-01-12 20:21:09.363,70,24.96
2022-01-12 20:21:09.368,70,24.96
2022-01-12 20:21:09.368,70,24.96
2022-01-12 20:21:09.378,70,24.96
2022-01-12 20:21:09.396,70,24.96
2022-01-12 20:21:09.421,70,25.31
2022-01-12 20:21:09.446,70,25.31
2022-01-12 20:21:09.466,70,25.31
2022-01-12 20:21:09.491,70,25.31
2022-01-12 20:21:09.511,70,25.66
2022-01-12 20:21:09.536,70,25.66
2022-01-12 20:21:09.560,70,25.31
2022-01-12 20:21:09.581,70,25.66
2022-01-12 20:21:09.605,70,25.66
2022-01-12 20:21:09.631,70,25.66
2022-01-12 20:21:09.650,70,25.66
2022-01-12 20:21:09.675,70,26.02
2022-01-12 20:21:09.696,70,25.66
2022-01-12 20:21:09.720,70,25.66
2022-01-12 20:21:09.745,70,26.02
2022-01-12 20:21:09.765,70,25.66
2022-01-12 20:21:09.790,70,25.66
2022-01-12 20:21:09.811,70,25.66
2022-01-12 20:21:09.835,70,25.66
2022-01-12 20:21:09.860,70,26.02
2022-01-12 20:21:09.880,70,25.66
2022-01-12 20:21:09.904,70,25.66
2022-01-12 20:21:09.925,70,25.66
2022-01-12 20:21:09.950,70,25.66
2022-01-12 20:21:09.974,70,25.66
2022-01-12 20:21:09.995,70,25.66
2022-01-12 20:21:10.019,70,25.66
2022-01-12 20:21:10.040,70,25.66
2022-01-12 20:21:10.064,70,25.66
2022-01-12 20:21:10.089,70,25.66
2022-01-12 20:21:10.109,70,25.66
2022-01-12 20:21:10.134,70,25.66
2022-01-12 20:21:10.162,70,25.66
2022-01-12 20:21:10.179,70,25.66
2022-01-12 20:21:10.203,70,25.66
2022-01-12 20:21:10.224,70,25.66
2022-01-12 20:21:10.249,70,25.66
2022-01-12 20:21:10.273,70,25.66
2022-01-12 20:21:10.362,70,25.66
2022-01-12 20:21:10.362,70,25.66
2022-01-12 20:21:10.366,70,25.66
2022-01-12 20:21:10.372,70,25.66
2022-01-12 20:21:10.388,70,25.66
2022-01-12 20:21:10.408,70,25.66
2022-01-12 20:21:10.433,70,25.66
2022-01-12 20:21:10.453,70,25.66
2022-01-12 20:21:10.478,70,25.66
2022-01-12 20:21:10.502,70,25.66
2022-01-12 20:21:10.523,70,25.66
2022-01-12 20:21:10.548,70,25.66
2022-01-12 20:21:10.568,70,25.66
2022-01-12 20:21:10.593,70,25.66
2022-01-12 20:21:10.617,70,25.66
2022-01-12 20:21:10.638,70,25.66
2022-01-12 20:21:10.662,70,25.66
2022-01-12 20:21:10.682,70,25.66
2022-01-12 20:21:10.707,70,25.66
2022-01-12 20:21:10.732,70,25.66
2022-01-12 20:21:10.752,70,25.66
2022-01-12 20:21:10.777,70,25.66
2022-01-12 20:21:10.797,70,25.66
2022-01-12 20:21:10.822,70,25.66
2022-01-12 20:21:10.846,70,25.66
2022-01-12 20:21:10.867,70,25.66
2022-01-12 20:21:10.892,70,25.66
2022-01-12 20:21:10.916,70,25.66
2022-01-12 20:21:10.937,70,25.66
2022-01-12 20:21:10.962,70,25.66
2022-01-12 20:21:10.986,70,25.66
2022-01-12 20:21:11.007,70,25.66
2022-01-12 20:21:11.031,70,25.66
2022-01-12 20:21:11.052,70,25.66
2022-01-12 20:21:11.076,70,25.66
2022-01-12 20:21:11.097,70,25.66
2022-01-12 20:21:11.121,70,25.66
2022-01-12 20:21:11.164,70,25.66
2022-01-12 20:21:11.173,70,25.66
2022-01-12 20:21:11.190,70,25.66
2022-01-12 20:21:11.211,60,26.02
2022-01-12 20:21:11.235,60,25.66
2022-01-12 20:21:11.260,60,25.66
2022-01-12 20:21:11.362,60,25.66
2022-01-12 20:21:11.362,60,25.66
2022-01-12 20:21:11.362,60,25.66
2022-01-12 20:21:11.366,60,25.66
2022-01-12 20:21:11.375,60,25.31
2022-01-12 20:21:11.395,60,25.31
2022-01-12 20:21:11.420,60,24.96
2022-01-12 20:21:11.440,60,24.96
2022-01-12 20:21:11.465,60,24.96
2022-01-12 20:21:11.490,60,24.61
2022-01-12 20:21:11.510,60,24.26
2022-01-12 20:21:11.535,60,24.26
2022-01-12 20:21:11.559,60,23.91
2022-01-12 20:21:11.580,60,23.55
2022-01-12 20:21:11.604,60,23.55
2022-01-12 20:21:11.625,60,22.85
2022-01-12 20:21:11.650,60,22.85
2022-01-12 20:21:11.673,60,22.85
2022-01-12 20:21:11.694,60,22.85
2022-01-12 20:21:11.718,60,22.50
2022-01-12 20:21:11.739,60,22.15
2022-01-12 20:21:11.764,60,22.15
2022-01-12 20:21:11.789,60,22.15
2022-01-12 20:21:11.809,60,22.15
2022-01-12 20:21:11.833,60,22.15
2022-01-12 20:21:11.854,60,21.80
2022-01-12 20:21:11.879,60,21.80
2022-01-12 20:21:11.903,60,21.80
2022-01-12 20:21:11.924,60,21.80
2022-01-12 20:21:11.948,60,21.80
2022-01-12 20:21:11.969,60,21.80
2022-01-12 20:21:11.994,60,21.80
2022-01-12 20:21:12.018,60,21.80
2022-01-12 20:21:12.039,60,21.80
2022-01-12 20:21:12.063,60,21.45
2022-01-12 20:21:12.088,60,21.45
2022-01-12 20:21:12.108,60,21.80
2022-01-12 20:21:12.133,60,21.80
2022-01-12 20:21:12.164,60,21.45
2022-01-12 20:21:12.178,60,21.80
2022-01-12 20:21:12.202,60,21.80
2022-01-12 20:21:12.223,60,21.80
2022-01-12 20:21:12.247,60,21.80
2022-01-12 20:21:12.268,60,21.45
2022-01-12 20:21:12.363,60,21.80
2022-01-12 20:21:12.363,60,21.80
2022-01-12 20:21:12.365,60,21.80
2022-01-12 20:21:12.366,60,21.80
2022-01-12 20:21:12.382,60,21.45
2022-01-12 20:21:12.406,60,21.80
2022-01-12 20:21:12.431,60,21.80
2022-01-12 20:21:12.452,60,21.80
2022-01-12 20:21:12.476,60,21.80
2022-01-12 20:21:12.498,60,21.80
2022-01-12 20:21:12.521,60,21.80
2022-01-12 20:21:12.548,60,21.80
2022-01-12 20:21:12.566,60,21.80
2022-01-12 20:21:12.591,60,21.45
2022-01-12 20:21:12.611,60,21.45
2022-01-12 20:21:12.636,60,21.45
2022-01-12 20:21:12.661,60,21.45
2022-01-12 20:21:12.681,60,21.45
2022-01-12 20:21:12.711,60,21.45
2022-01-12 20:21:12.730,60,21.45
2022-01-12 20:21:12.751,60,21.45
2022-01-12 20:21:12.776,60,21.45
2022-01-12 20:21:12.796,60,21.45
2022-01-12 20:21:12.821,60,21.45
2022-01-12 20:21:12.846,60,21.45
2022-01-12 20:21:12.866,60,21.45
2022-01-12 20:21:12.891,60,21.45
2022-01-12 20:21:12.911,60,21.45
2022-01-12 20:21:12.936,60,21.45
2022-01-12 20:21:12.960,60,21.45
2022-01-12 20:21:12.981,60,21.45
2022-01-12 20:21:13.005,60,21.45
2022-01-12 20:21:13.026,60,21.80
2022-01-12 20:21:13.050,60,21.45
2022-01-12 20:21:13.075,60,21.45
2022-01-12 20:21:13.095,60,21.45
2022-01-12 20:21:13.119,60,21.45
2022-01-12 20:21:13.140,60,21.45
2022-01-12 20:21:13.173,60,21.80
2022-01-12 20:21:13.190,60,21.80
2022-01-12 20:21:13.210,60,21.80
2022-01-12 20:21:13.235,60,21.45
2022-01-12 20:21:13.255,60,21.80
2022-01-12 20:21:13.280,60,21.80
2022-01-12 20:21:13.341,60,21.80
2022-01-12 20:21:13.341,60,21.45
2022-01-12 20:21:13.351,60,21.80
2022-01-12 20:21:13.374,60,21.80
2022-01-12 20:21:13.394,60,21.80
2022-01-12 20:21:13.419,60,21.80
2022-01-12 20:21:13.439,60,21.80
2022-01-12 20:21:13.463,60,21.80
2022-01-12 20:21:13.488,60,21.80
2022-01-12 20:21:13.509,60,21.80
2022-01-12 20:21:13.533,60,21.80
2022-01-12 20:21:13.553,60,21.45
2022-01-12 20:21:13.578,60,21.45
2022-01-12 20:21:13.603,60,21.80
2022-01-12 20:21:13.623,60,21.80
2022-01-12 20:21:13.648,60,21.80
2022-01-12 20:21:13.668,60,21.80
2022-01-12 20:21:13.693,60,21.45
2022-01-12 20:21:13.718,60,21.80
2022-01-12 20:21:13.738,60,21.80
2022-01-12 20:21:13.763,60,21.45
2022-01-12 20:21:13.783,60,21.80
2022-01-12 20:21:13.808,60,21.80
2022-01-12 20:21:13.833,60,21.45
2022-01-12 20:21:13.853,60,21.80
2022-01-12 20:21:13.878,60,21.80
2022-01-12 20:21:13.898,60,21.45
2022-01-12 20:21:13.922,60,21.80
2022-01-12 20:21:13.946,60,21.80
2022-01-12 20:21:13.967,60,21.45
2022-01-12 20:21:13.992,60,21.80
2022-01-12 20:21:14.016,60,21.45
2022-01-12 20:21:14.037,60,21.45
2022-01-12 20:21:14.062,60,21.45
2022-01-12 20:21:14.083,60,21.45
2022-01-12 20:21:14.107,60,21.45
2022-01-12 20:21:14.132,60,21.80
2022-01-12 20:21:14.164,60,21.80
2022-01-12 20:21:14.177,60,21.45
2022-01-12 20:21:14.196,60,21.80
2022-01-12 20:21:14.221,60,21.80
2022-01-12 20:21:14.246,60,21.45
2022-01-12 20:21:14.267,60,21.45
2022-01-12 20:21:14.360,60,21.45
2022-01-12 20:21:14.360,60,21.45
2022-01-12 20:21:14.363,60,21.45
2022-01-12 20:21:14.363,60,21.80
2022-01-12 20:21:14.382,60,21.45
2022-01-12 20:21:14.406,60,21.45
2022-01-12 20:21:14.426,60,21.45
2022-01-12 20:21:14.451,60,21.45
2022-01-12 20:21:14.476,60,21.80
2022-01-12 20:21:14.496,60,21.45
2022-01-12 20:21:14.521,60,21.45
2022-01-12 20:21:14.541,60,21.80
2022-01-12 20:21:14.565,60,21.80
2022-01-12 20:21:14.590,60,21.80
2022-01-12 20:21:14.610,60,21.80
2022-01-12 20:21:14.635,60,21.80
2022-01-12 20:21:14.660,60,21.80
2022-01-12 20:21:14.680,60,21.80
2022-01-12 20:21:14.715,60,21.80
2022-01-12 20:21:14.731,60,21.80
2022-01-12 20:21:14.750,60,21.80
2022-01-12 20:21:14.775,60,21.80
2022-01-12 20:21:14.794,60,21.80
2022-01-12 20:21:14.820,60,21.80
2022-01-12 20:21:14.840,60,21.80
2022-01-12 20:21:14.865,60,21.45
2022-01-12 20:21:14.889,60,21.80
2022-01-12 20:21:14.910,60,21.80
2022-01-12 20:21:14.934,60,21.45
2022-01-12 20:21:14.955,60,21.45
2022-01-12 20:21:14.979,60,21.80
2022-01-12 20:21:15.004,60,21.80
2022-01-12 20:21:15.024,60,21.45
2022-01-12 20:21:15.049,60,21.80
2022-01-12 20:21:15.069,60,21.45
2022-01-12 20:21:15.094,60,21.80
2022-01-12 20:21:15.119,60,21.80
2022-01-12 20:21:15.139,60,21.45
2022-01-12 20:21:15.169,60,21.45
2022-01-12 20:21:15.188,60,21.80
2022-01-12 20:21:15.209,60,21.45
2022-01-12 20:21:15.233,60,21.80
2022-01-12 20:21:15.253,60,21.80
2022-01-12 20:21:15.278,60,21.45
2022-01-12 20:21:15.363,60,21.80
2022-01-12 20:21:15.364,60,21.80
2022-01-12 20:21:15.366,60,21.45
2022-01-12 20:21:15.371,60,21.80
2022-01-12 20:21:15.393,60,21.80
2022-01-12 20:21:15.417,60,21.45
2022-01-12 20:21:15.437,60,21.80
2022-01-12 20:21:15.462,60,21.80
2022-01-12 20:21:15.482,60,21.80
2022-01-12 20:21:15.507,60,21.80
2022-01-12 20:21:15.532,60,21.80
2022-01-12 20:21:15.552,60,21.45
2022-01-12 20:21:15.577,60,21.80
2022-01-12 20:21:15.598,60,21.80
2022-01-12 20:21:15.622,60,21.80
2022-01-12 20:21:15.646,60,21.80
2022-01-12 20:21:15.668,60,21.80
2022-01-12 20:21:15.692,60,21.80
2022-01-12 20:21:15.713,60,21.80
2022-01-12 20:21:15.737,60,21.80
2022-01-12 20:21:15.762,60,21.80
2022-01-12 20:21:15.782,60,21.80
2022-01-12 20:21:15.806,60,21.80
2022-01-12 20:21:15.831,60,21.80
2022-01-12 20:21:15.852,60,21.80
2022-01-12 20:21:15.876,60,21.80
2022-01-12 20:21:15.896,60,21.80
2022-01-12 20:21:15.921,60,21.80
2022-01-12 20:21:15.946,60,21.80
2022-01-12 20:21:15.966,60,21.45
2022-01-12 20:21:15.991,60,21.45
2022-01-12 20:21:16.011,60,21.45
2022-01-12 20:21:16.036,60,21.45
2022-01-12 20:21:16.060,60,21.45
2022-01-12 20:21:16.081,60,21.80
2022-01-12 20:21:16.105,60,21.45
2022-01-12 20:21:16.126,60,21.45
2022-01-12 20:21:16.167,60,21.80
2022-01-12 20:21:16.180,60,21.45
2022-01-12 20:21:16.196,60,21.80
2022-01-12 20:21:16.220,60,21.80
2022-01-12 20:21:16.241,60,21.45
2022-01-12 20:21:16.266,60,21.80
2022-01-12 20:21:16.364,60,21.80
2022-01-12 20:21:16.364,60,21.80
2022-01-12 20:21:16.366,60,21.80
2022-01-12 20:21:16.366,60,21.80
2022-01-12 20:21:16.379,60,21.45
2022-01-12 20:21:16.405,60,21.80
2022-01-12 20:21:16.425,60,21.80
2022-01-12 20:21:16.449,60,21.80
2022-01-12 20:21:16.474,60,21.80
2022-01-12 20:21:16.495,60,21.80
2022-01-12 20:21:16.520,60,21.45
2022-01-12 20:21:16.540,60,21.80
2022-01-12 20:21:16.564,60,21.45
2022-01-12 20:21:16.589,60,21.45
2022-01-12 20:21:16.610,60,21.80
2022-01-12 20:21:16.635,60,21.45
2022-01-12 20:21:16.654,60,21.45
2022-01-12 20:21:16.679,60,21.80
2022-01-12 20:21:16.717,60,21.80
2022-01-12 20:21:16.728,60,21.80
