2022-01-04 20:58:29.394,70,260,247.85
2022-01-04 20:58:29.395,60,247.15,
2022-01-04 20:58:29.395,60,246.45,
2022-01-04 20:58:29.396,60,245.74,
2022-01-04 20:58:29.396,60,245.04,
2022-01-04 20:58:29.396,60,244.34,
2022-01-04 20:58:29.396,60,243.63,
2022-01-04 20:58:29.396,60,242.93,
2022-01-04 20:58:29.396,60,2422,
2022-01-04 20:58:29.396,60,251.02,
2022-01-04 20:58:29.396,60,250.31,
2022-01-04 20:58:29.396,60,249.61,
2022-01-04 20:58:29.396,60,248.91,
2022-01-04 20:58:29.397,60,247.85,
2022-01-04 20:58:29.397,60,247.15,
2022-01-04 20:58:29.397,60,246.45,
2022-01-04 20:58:29.397,60,245.74,
2022-01-04 20:58:29.397,60,245.04,
2022-01-04 20:58:29.397,60,244.34,
2022-01-04 20:58:29.397,60,243.63,
2022-01-04 20:58:29.397,60,242.93,
2022-01-04 20:58:29.397,60,2422,
2022-01-04 20:58:29.397,60,251.02,
2022-01-04 20:58:29.398,60,250.31,
2022-01-04 20:58:29.398,60,249.61,
2022-01-04 20:58:29.398,60,248.91,
2022-01-04 20:58:29.398,60,247.85,
2022-01-04 20:58:29.398,60,247.15,
2022-01-04 20:58:29.398,60,246.45,
2022-01-04 20:58:29.398,60,245.74,
2022-01-04 20:58:29.398,60,245.04,
2022-01-04 20:58:29.398,60,244.34,
2022-01-04 20:58:29.398,60,243.63,
2022-01-04 20:58:29.399,60,242.93,
2022-01-04 20:58:29.399,60,24270,220.43
2022-01-04 20:58:29.405,70,220.43,
2022-01-04 20:58:29.413,70,220.43,
2022-01-04 20:58:29.426,70,220.43,
2022-01-04 20:58:29.434,70,220.43,
2022-01-04 20:58:29.446,70,220.08,
2022-01-04 20:58:29.459,70,220.43,
2022-01-04 20:58:29.467,70,220.43,
2022-01-04 20:58:29.479,70,220.43,
2022-01-04 20:58:29.487,70,220.08,
2022-01-04 20:58:29.499,70,220.08,
2022-01-04 20:58:29.507,70,220.08,
2022-01-04 20:58:29.520,70,220.08,
2022-01-04 20:58:29.528,70,220.08,
2022-01-04 20:58:29.540,70,220.43,
2022-01-04 20:58:29.548,70,220.08,
2022-01-04 20:58:29.561,70,220.08,
2022-01-04 20:58:29.573,70,220.08,
2022-01-04 20:58:29.581,70,220.43,
2022-01-04 20:58:29.593,70,220.43,
2022-01-04 20:58:29.602,70,220.43,
2022-01-04 20:58:29.614,70,220.43,
2022-01-04 20:58:29.622,70,220.43,
2022-01-04 20:58:29.634,70,220.43,
2022-01-04 20:58:29.643,70,220.43,
2022-01-04 20:58:29.655,70,220.43,
2022-01-04 20:58:29.663,70,220.78,
2022-01-04 20:58:29.675,70,220.78,
2022-01-04 20:58:29.684,70,221.13,
2022-01-04 20:58:29.696,70,221.48,
2022-01-04 20:58:29.708,70,221.84,
2022-01-04 20:58:29.716,70,221.84,
2022-01-04 20:58:29.729,70,221.84,
2022-01-04 20:58:29.737,70,222.54,
2022-01-04 20:58:29.749,70,222.89,
2022-01-04 20:58:29.757,70,222.89,
2022-01-04 20:58:29.770,70,223.24,
2022-01-04 20:58:29.778,70,223.59,
2022-01-04 20:58:29.791,70,224.30,
2022-01-04 20:58:29.798,70,224.65,
2022-01-04 20:58:29.811,70,225.00,
2022-01-04 20:58:29.818,70,225.70,
2022-01-04 20:58:29.831,70,226.05,
2022-01-04 20:58:29.843,70,226.76,
2022-01-04 20:58:29.851,70,227.46,
2022-01-04 20:58:29.863,70,228.16,
2022-01-04 20:58:29.872,70,228.52,
2022-01-04 20:58:29.885,70,229.22,
2022-01-04 20:58:29.893,70,229.92,
2022-01-04 20:58:29.905,70,230.27,
2022-01-04 20:58:29.913,70,231.33,
2022-01-04 20:58:29.926,70,232.03,
2022-01-04 20:58:29.934,70,232.73,
2022-01-04 20:58:29.946,70,233.09,
2022-01-04 20:58:29.958,70,234.14,
2022-01-04 20:58:29.966,70,234.84,
2022-01-04 20:58:29.979,70,235.55,
2022-01-04 20:58:29.987,70,236.25,
2022-01-04 20:58:29.999,70,236.95,
2022-01-04 20:58:30.008,70,237.66,
2022-01-04 20:58:30.020,70,238.36,
2022-01-04 20:58:30.028,70,239.06,
2022-01-04 20:58:30.040,70,240.12,
2022-01-04 20:58:30.048,70,240.47,
2022-01-04 20:58:30.060,70,241.17,
2022-01-04 20:58:30.069,70,241.88,
2022-01-04 20:58:30.081,70,242.23,
2022-01-04 20:58:30.093,70,242.93,
2022-01-04 20:58:30.102,70,243.63,
2022-01-04 20:58:30.114,70,244.34,
2022-01-04 20:58:30.122,70,244.69,
2022-01-04 20:58:30.134,70,245.39,
2022-01-04 20:58:30.143,70,245.74,
2022-01-04 20:58:30.155,70,246.09,
2022-01-04 20:58:30.163,70,246.45,
2022-01-04 20:58:30.175,70,247.15,
2022-01-04 20:58:30.184,70,247.85,
2022-01-04 20:58:30.196,70,247.85,
2022-01-04 20:58:30.208,70,248.20,
2022-01-04 20:58:30.216,70,248.20,
2022-01-04 20:58:30.228,70,248.91,
2022-01-04 20:58:30.237,70,248.91,
2022-01-04 20:58:30.249,70,249.26,
2022-01-04 20:58:30.257,70,249.61,
2022-01-04 20:58:30.269,70,249.61,
2022-01-04 20:58:30.278,70,249.61,
2022-01-04 20:58:30.290,70,249.61,
2022-01-04 20:58:30.298,70,249.61,
2022-01-04 20:58:30.310,70,249.61,
2022-01-04 20:58:30.318,70,249.61,
2022-01-04 20:58:30.330,70,249.61,
2022-01-04 20:58:30.343,70,249.61,
2022-01-04 20:58:30.352,70,249.61,
2022-01-04 20:58:30.364,70,249.26,
2022-01-04 20:58:30.372,70,249.26,
2022-01-04 20:58:30.384,70,248.91,
2022-01-04 20:58:30.393,70,248.91,
2022-01-04 20:58:30.405,70,248.55,
2022-01-04 20:58:30.413,70,248.20,
2022-01-04 20:58:30.425,70,248.20,
2022-01-04 20:58:30.433,70,247.85,
2022-01-04 20:58:30.446,70,247.85,
2022-01-04 20:58:30.457,70,247.50,
2022-01-04 20:58:30.466,70,247.50,
2022-01-04 20:58:30.478,70,247.15,
2022-01-04 20:58:30.486,70,246.80,
2022-01-04 20:58:30.499,70,246.45,
2022-01-04 20:58:30.507,70,246.09,
2022-01-04 20:58:30.519,70,246.09,
2022-01-04 20:58:30.527,70,245.74,
2022-01-04 20:58:30.539,70,245.39,
2022-01-04 20:58:30.548,70,245.39,
2022-01-04 20:58:30.560,70,245.04,
2022-01-04 20:58:30.568,70,244.69,
2022-01-04 20:58:30.580,70,244.69,
2022-01-04 20:58:30.593,70,244.34,
2022-01-04 20:58:30.601,70,244.34,
2022-01-04 20:58:30.614,70,243.98,
2022-01-04 20:58:30.622,70,243.63,
2022-01-04 20:58:30.634,70,243.63,
2022-01-04 20:58:30.642,70,243.63,
2022-01-04 20:58:30.654,70,243.63,
2022-01-04 20:58:30.663,70,243.28,
2022-01-04 20:58:30.676,70,243.28,
2022-01-04 20:58:30.683,70,243.28,
2022-01-04 20:58:30.696,70,242.93,
2022-01-04 20:58:30.704,70,242.93,
2022-01-04 20:58:30.716,70,242.93,
2022-01-04 20:58:30.728,70,242.93,
2022-01-04 20:58:30.737,70,242.93,
2022-01-04 20:58:30.748,70,242.93,
2022-01-04 20:58:30.757,70,242.93,
2022-01-04 20:58:30.769,70,242.93,
2022-01-04 20:58:30.777,70,242.58,
2022-01-04 20:58:30.790,70,242.58,
2022-01-04 20:58:30.798,70,242.93,
2022-01-04 20:58:30.810,70,242.93,
2022-01-04 20:58:30.818,70,242.93,
2022-01-04 20:58:30.830,70,242.93,
2022-01-04 20:58:30.843,70,242.93,
2022-01-04 20:58:30.851,70,243.28,
2022-01-04 20:58:30.863,70,243.28,
2022-01-04 20:58:30.871,70,243.28,
2022-01-04 20:58:30.884,70,243.28,
2022-01-04 20:58:30.892,70,243.63,
2022-01-04 20:58:30.904,70,243.98,
2022-01-04 20:58:30.912,70,243.63,
2022-01-04 20:58:30.924,70,243.98,
2022-01-04 20:58:30.932,70,243.98,
2022-01-04 20:58:30.945,70,243.98,
2022-01-04 20:58:30.953,70,244.34,
2022-01-04 20:58:30.965,70,244.34,
2022-01-04 20:58:30.978,70,244.34,
2022-01-04 20:58:30.986,70,244.69,
2022-01-04 20:58:30.998,70,245.04,
2022-01-04 20:58:31.006,70,245.04,
2022-01-04 20:58:31.019,70,245.04,
2022-01-04 20:58:31.027,70,245.04,
2022-01-04 20:58:31.039,70,245.04,
2022-01-04 20:58:31.047,70,245.39,
2022-01-04 20:58:31.060,70,245.39,
2022-01-04 20:58:31.068,70,245.39,
2022-01-04 20:58:31.080,70,245.74,
2022-01-04 20:58:31.093,70,245.74,
2022-01-04 20:58:31.100,70,245.74,
2022-01-04 20:58:31.113,70,245.74,
2022-01-04 20:58:31.121,70,246.09,
2022-01-04 20:58:31.133,70,245.74,
2022-01-04 20:58:31.141,70,246.09,
2022-01-04 20:58:31.154,70,246.09,
2022-01-04 20:58:31.162,70,245.74,
2022-01-04 20:58:31.175,70,246.09,
2022-01-04 20:58:31.183,70,246.45,
2022-01-04 20:58:31.195,70,246.09,
2022-01-04 20:58:31.203,70,246.45,
2022-01-04 20:58:31.216,70,246.45,
2022-01-04 20:58:31.227,70,246.45,
2022-01-04 20:58:31.235,70,246.09,
2022-01-04 20:58:31.248,70,246.09,
2022-01-04 20:58:31.256,70,246.45,
2022-01-04 20:58:31.268,70,246.09,
2022-01-04 20:58:31.277,70,246.09,
2022-01-04 20:58:31.289,70,246.09,
2022-01-04 20:58:31.297,70,246.09,
2022-01-04 20:58:31.310,70,246.45,
2022-01-04 20:58:31.318,70,246.09,
2022-01-04 20:58:31.330,70,246.09,
2022-01-04 20:58:31.338,70,246.09,
2022-01-04 20:58:31.351,70,245.74,
2022-01-04 20:58:31.362,70,246.09,
2022-01-04 20:58:31.374,70,246.09,
2022-01-04 20:58:31.383,70,245.74,
2022-01-04 20:58:31.391,70,245.74,
2022-01-04 20:58:31.404,70,245.74,
2022-01-04 20:58:31.412,70,245.74,
2022-01-04 20:58:31.424,70,245.74,
2022-01-04 20:58:31.433,70,245.39,
2022-01-04 20:58:31.445,70,245.74,
2022-01-04 20:58:31.453,70,245.74,
2022-01-04 20:58:31.465,70,245.74,
2022-01-04 20:58:31.478,70,245.74,
2022-01-04 20:58:31.485,70,245.39,
2022-01-04 20:58:31.498,70,245.74,
2022-01-04 20:58:31.506,70,245.39,
2022-01-04 20:58:31.518,70,245.39,
2022-01-04 20:58:31.526,70,245.39,
2022-01-04 20:58:31.539,70,245.39,
2022-01-04 20:58:31.547,70,245.39,
2022-01-04 20:58:31.560,70,245.39,
2022-01-04 20:58:31.567,70,245.04,
2022-01-04 20:58:31.580,70,245.39,
2022-01-04 20:58:31.588,70,245.39,
2022-01-04 20:58:31.600,70,245.39,
2022-01-04 20:58:31.613,70,245.39,
2022-01-04 20:58:31.621,70,245.39,
2022-01-04 20:58:31.634,70,245.39,
2022-01-04 20:58:31.641,70,245.04,
2022-01-04 20:58:31.653,70,245.39,
2022-01-04 20:58:31.662,70,245.39,
2022-01-04 20:58:31.674,70,245.04,
2022-01-04 20:58:31.682,70,245.39,
2022-01-04 20:58:31.694,70,245.04,
2022-01-04 20:58:31.702,70,245.04,
2022-01-04 20:58:31.715,70,245.39,
2022-01-04 20:58:31.728,70,245.39,
2022-01-04 20:58:31.736,70,245.39,
2022-01-04 20:58:31.748,70,245.04,
2022-01-04 20:58:31.756,70,245.04,
2022-01-04 20:58:31.772,70,245.39,
2022-01-04 20:58:31.781,70,245.39,
2022-01-04 20:58:31.789,70,245.39,
2022-01-04 20:58:31.797,70,245.39,
2022-01-04 20:58:31.809,70,245.39,
2022-01-04 20:58:31.818,70,245.39,
2022-01-04 20:58:31.830,70,245.39,
2022-01-04 20:58:31.838,70,245.39,
2022-01-04 20:58:31.850,70,245.39,
2022-01-04 20:58:31.863,70,245.39,
2022-01-04 20:58:31.871,70,245.39,
2022-01-04 20:58:31.883,70,245.39,
2022-01-04 20:58:31.891,70,245.39,
2022-01-04 20:58:31.903,70,245.39,
2022-01-04 20:58:31.912,70,245.39,
2022-01-04 20:58:31.924,70,245.39,
2022-01-04 20:58:31.932,70,245.74,
2022-01-04 20:58:31.944,70,245.39,
2022-01-04 20:58:31.952,70,245.39,
2022-01-04 20:58:31.965,70,245.39,
2022-01-04 20:58:31.973,70,245.39,
2022-01-04 20:58:31.986,70,245.39,
2022-01-04 20:58:31.998,70,245.39,
2022-01-04 20:58:32.006,70,245.74,
2022-01-04 20:58:32.018,70,245.39,
2022-01-04 20:58:32.027,70,245.39,
2022-01-04 20:58:32.039,70,245.74,
2022-01-04 20:58:32.047,70,245.39,
2022-01-04 20:58:32.059,70,245.74,
2022-01-04 20:58:32.068,70,245.74,
2022-01-04 20:58:32.079,70,245.39,
2022-01-04 20:58:32.088,70,245.39,
2022-01-04 20:58:32.101,70,245.39,
2022-01-04 20:58:32.113,70,245.39,
2022-01-04 20:58:32.121,70,245.39,
2022-01-04 20:58:32.133,70,245.39,
2022-01-04 20:58:32.141,70,245.39,
2022-01-04 20:58:32.153,70,245.39,
2022-01-04 20:58:32.161,70,245.39,
2022-01-04 20:58:32.173,70,245.39,
2022-01-04 20:58:32.182,70,245.39,
2022-01-04 20:58:32.194,70,245.74,
2022-01-04 20:58:32.202,70,245.39,
2022-01-04 20:58:32.215,70,245.39,
2022-01-04 20:58:32.223,70,245.39,
2022-01-04 20:58:32.236,70,245.39,
2022-01-04 20:58:32.248,70,245.39,
2022-01-04 20:58:32.256,70,245.39,
2022-01-04 20:58:32.268,70,245.39,
2022-01-04 20:58:32.277,70,245.39,
2022-01-04 20:58:32.288,70,245.39,
2022-01-04 20:58:32.296,70,245.39,
2022-01-04 20:58:32.309,70,245.39,
2022-01-04 20:58:32.318,70,245.39,
2022-01-04 20:58:32.330,70,245.39,
2022-01-04 20:58:32.339,70,245.39,
2022-01-04 20:58:32.350,70,245.39,
2022-01-04 20:58:32.362,70,245.39,
2022-01-04 20:58:32.371,70,245.74,
2022-01-04 20:58:32.383,70,245.39,
2022-01-04 20:58:32.391,70,245.39,
2022-01-04 20:58:32.403,70,245.39,
2022-01-04 20:58:32.412,70,245.39,
2022-01-04 20:58:32.424,70,245.39,
2022-01-04 20:58:32.432,70,245.39,
2022-01-04 20:58:32.444,70,245.39,
2022-01-04 20:58:32.452,70,245.39,
2022-01-04 20:58:32.465,70,245.39,
2022-01-04 20:58:32.473,70,245.39,
2022-01-04 20:58:32.485,70,245.39,
2022-01-04 20:58:32.497,70,245.39,
2022-01-04 20:58:32.506,70,245.39,
2022-01-04 20:58:32.518,120,245.39,
2022-01-04 20:58:32.526,120,245.39,
2022-01-04 20:58:32.538,120,245.39,
2022-01-04 20:58:32.551,120,245.39,
2022-01-04 20:58:32.563,120,245.74,
2022-01-04 20:58:32.576,120,245.74,
2022-01-04 20:58:32.584,120,245.74,
2022-01-04 20:58:32.596,120,246.09,
2022-01-04 20:58:32.608,120,246.45,
2022-01-04 20:58:32.620,120,246.45,
2022-01-04 20:58:32.633,120,246.80,
2022-01-04 20:58:32.641,120,247.15,
2022-01-04 20:58:32.653,120,247.15,
2022-01-04 20:58:32.665,120,247.85,
2022-01-04 20:58:32.677,120,248.20,
2022-01-04 20:58:32.690,120,248.55,
2022-01-04 20:58:32.698,120,248.91,
2022-01-04 20:58:32.710,120,249.61,
2022-01-04 20:58:32.722,120,249.96,
2022-01-04 20:58:32.735,120,251.02,
2022-01-04 20:58:32.748,120,251.72,
2022-01-04 20:58:32.756,120,252.42,
2022-01-04 20:58:32.768,120,253.13,
2022-01-04 20:58:32.780,120,253.83,
2022-01-04 20:58:32.793,120,254.88,
2022-01-04 20:58:32.805,120,255.94,
2022-01-04 20:58:32.813,120,256.99,
2022-01-04 20:58:32.825,120,257.70,
2022-01-04 20:58:32.838,120,258.40,
2022-01-04 20:58:32.850,120,259.80,
2022-01-04 20:58:32.858,120,260.51,
2022-01-04 20:58:32.870,120,261.56,
2022-01-04 20:58:32.882,120,262.62,
2022-01-04 20:58:32.894,120,263.67,
2022-01-04 20:58:32.907,120,264.73,
2022-01-04 20:58:32.915,120,265.78,
2022-01-04 20:58:32.928,120,266.84,
2022-01-04 20:58:32.940,120,267.89,
2022-01-04 20:58:32.952,120,268.95,
2022-01-04 20:58:32.964,120,270.00,
2022-01-04 20:58:32.972,120,271.05,
2022-01-04 20:58:32.984,120,272.11,
2022-01-04 20:58:32.997,120,272.81,
2022-01-04 20:58:33.009,120,273.87,
2022-01-04 20:58:33.022,120,274.57,
2022-01-04 20:58:33.029,120,275.63,
2022-01-04 20:58:33.042,120,276.33,
2022-01-04 20:58:33.054,120,277.38,
2022-01-04 20:58:33.067,120,278.09,
2022-01-04 20:58:33.079,120,278.79,
2022-01-04 20:58:33.087,120,279.49,
2022-01-04 20:58:33.099,120,280.20,
2022-01-04 20:58:33.112,120,280.55,
2022-01-04 20:58:33.124,120,281.60,
2022-01-04 20:58:33.136,120,281.60,
2022-01-04 20:58:33.145,120,282.30,
2022-01-04 20:58:33.157,120,282.66,
2022-01-04 20:58:33.169,120,283.01,
2022-01-04 20:58:33.182,120,283.71,
2022-01-04 20:58:33.194,120,283.71,
2022-01-04 20:58:33.201,120,284.06,
2022-01-04 20:58:33.214,120,284.06,
2022-01-04 20:58:33.226,120,284.41,
2022-01-04 20:58:33.239,120,284.41,
2022-01-04 20:58:33.251,120,284.41,
2022-01-04 20:58:33.260,120,284.41,
2022-01-04 20:58:33.272,120,284.77,
2022-01-04 20:58:33.284,120,284.77,
2022-01-04 20:58:33.296,120,284.41,
2022-01-04 20:58:33.305,120,284.77,
2022-01-04 20:58:33.317,120,284.06,
2022-01-04 20:58:33.329,120,284.06,
2022-01-04 20:58:33.341,120,284.06,
2022-01-04 20:58:33.353,120,283.71,
2022-01-04 20:58:33.361,120,283.36,
2022-01-04 20:58:33.374,120,283.36,
2022-01-04 20:58:33.386,120,283.01,
2022-01-04 20:58:33.398,120,283.01,
2022-01-04 20:58:33.411,120,282.66,
2022-01-04 20:58:33.419,120,281.95,
2022-01-04 20:58:33.432,120,281.95,
2022-01-04 20:58:33.444,120,281.25,
2022-01-04 20:58:33.455,120,280.90,
2022-01-04 20:58:33.468,120,280.90,
2022-01-04 20:58:33.476,120,280.20,
2022-01-04 20:58:33.488,120,279.84,
2022-01-04 20:58:33.500,120,279.49,
2022-01-04 20:58:33.513,120,278.79,
2022-01-04 20:58:33.525,120,278.44,
2022-01-04 20:58:33.534,120,278.09,
2022-01-04 20:58:33.546,120,277.73,
2022-01-04 20:58:33.559,120,277.38,
2022-01-04 20:58:33.570,120,277.03,
2022-01-04 20:58:33.583,120,276.33,
2022-01-04 20:58:33.591,120,275.98,
2022-01-04 20:58:33.603,120,275.27,
2022-01-04 20:58:33.616,120,274.92,
2022-01-04 20:58:33.628,120,274.57,
2022-01-04 20:58:33.641,120,274.22,
2022-01-04 20:58:33.649,120,273.87,
2022-01-04 20:58:33.661,120,273.52,
2022-01-04 20:58:33.673,120,272.81,
2022-01-04 20:58:33.685,120,272.46,
2022-01-04 20:58:33.697,120,272.11,
2022-01-04 20:58:33.706,120,271.76,
2022-01-04 20:58:33.718,120,271.76,
2022-01-04 20:58:33.730,120,271.05,
2022-01-04 20:58:33.742,120,270.70,
2022-01-04 20:58:33.750,120,270.70,
2022-01-04 20:58:33.763,120,270.00,
2022-01-04 20:58:33.775,120,270.00,
2022-01-04 20:58:33.787,120,270.00,
2022-01-04 20:58:33.800,120,269.65,
2022-01-04 20:58:33.808,120,269.30,
2022-01-04 20:58:33.820,120,269.30,
2022-01-04 20:58:33.833,120,268.95,
2022-01-04 20:58:33.844,120,268.59,
2022-01-04 20:58:33.858,120,268.59,
2022-01-04 20:58:33.866,120,268.24,
2022-01-04 20:58:33.878,120,268.24,
2022-01-04 20:58:33.890,120,268.24,
2022-01-04 20:58:33.903,120,267.89,
2022-01-04 20:58:33.915,120,268.24,
2022-01-04 20:58:33.923,120,267.89,
2022-01-04 20:58:33.935,120,267.89,
2022-01-04 20:58:33.948,120,267.89,
2022-01-04 20:58:33.960,120,267.89,
2022-01-04 20:58:33.973,120,267.89,
2022-01-04 20:58:33.980,120,267.89,
2022-01-04 20:58:33.993,120,267.89,
2022-01-04 20:58:34.006,120,268.24,
2022-01-04 20:58:34.017,120,267.89,
2022-01-04 20:58:34.029,120,268.24,
2022-01-04 20:58:34.037,120,268.24,
2022-01-04 20:58:34.050,120,268.59,
2022-01-04 20:58:34.062,120,268.59,
2022-01-04 20:58:34.074,120,268.59,
2022-01-04 20:58:34.086,120,268.95,
2022-01-04 20:58:34.094,120,268.95,
2022-01-04 20:58:34.107,120,268.95,
2022-01-04 20:58:34.120,120,268.95,
2022-01-04 20:58:34.132,120,269.30,
2022-01-04 20:58:34.144,120,269.30,
2022-01-04 20:58:34.153,120,269.65,
2022-01-04 20:58:34.165,120,270.00,
2022-01-04 20:58:34.177,120,270.00,
2022-01-04 20:58:34.189,120,270.00,
2022-01-04 20:58:34.202,120,270.35,
2022-01-04 20:58:34.209,120,270.35,
2022-01-04 20:58:34.222,120,270.70,
2022-01-04 20:58:34.234,120,270.70,
2022-01-04 20:58:34.246,120,271.05,
2022-01-04 20:58:34.255,120,271.05,
2022-01-04 20:58:34.266,120,271.05,
2022-01-04 20:58:34.280,120,271.41,
2022-01-04 20:58:34.292,120,271.76,
2022-01-04 20:58:34.303,120,271.76,
2022-01-04 20:58:34.312,120,272.11,
2022-01-04 20:58:34.324,120,272.11,
2022-01-04 20:58:34.336,120,272.11,
2022-01-04 20:58:34.349,120,272.46,
2022-01-04 20:58:34.361,120,272.46,
2022-01-04 20:58:34.369,120,272.46,
2022-01-04 20:58:34.382,120,272.46,
2022-01-04 20:58:34.394,120,272.81,
2022-01-04 20:58:34.406,120,272.81,
2022-01-04 20:58:34.419,120,272.81,
2022-01-04 20:58:34.427,120,272.81,
2022-01-04 20:58:34.439,120,272.81,
2022-01-04 20:58:34.451,120,272.81,
2022-01-04 20:58:34.463,120,273.16,
2022-01-04 20:58:34.475,120,273.16,
2022-01-04 20:58:34.484,120,273.16,
2022-01-04 20:58:34.496,120,273.16,
2022-01-04 20:58:34.508,120,273.52,
2022-01-04 20:58:34.520,120,273.16,
2022-01-04 20:58:34.533,120,273.16,
2022-01-04 20:58:34.541,120,273.16,
2022-01-04 20:58:34.553,120,273.52,
2022-01-04 20:58:34.565,120,273.16,
2022-01-04 20:58:34.578,120,273.16,
2022-01-04 20:58:34.590,120,273.16,
2022-01-04 20:58:34.598,120,273.16,
2022-01-04 20:58:34.611,120,273.16,
2022-01-04 20:58:34.623,120,273.16,
2022-01-04 20:58:34.635,120,273.16,
2022-01-04 20:58:34.647,120,273.16,
2022-01-04 20:58:34.656,120,273.16,
2022-01-04 20:58:34.668,120,273.16,
2022-01-04 20:58:34.680,120,273.16,
2022-01-04 20:58:34.693,120,273.16,
2022-01-04 20:58:34.701,120,272.81,
2022-01-04 20:58:34.713,120,272.81,
2022-01-04 20:58:34.725,120,272.81,
2022-01-04 20:58:34.738,120,272.81,
2022-01-04 20:58:34.750,120,272.81,
2022-01-04 20:58:34.758,120,272.81,
2022-01-04 20:58:34.771,120,272.81,
2022-01-04 20:58:34.783,120,272.46,
2022-01-04 20:58:34.796,120,272.46,
2022-01-04 20:58:34.808,120,272.46,
2022-01-04 20:58:34.816,120,272.46,
2022-01-04 20:58:34.828,120,272.46,
2022-01-04 20:58:34.840,120,272.46,
2022-01-04 20:58:34.853,120,272.11,
2022-01-04 20:58:34.865,120,272.11,
2022-01-04 20:58:34.873,120,272.11,
2022-01-04 20:58:34.885,120,272.11,
2022-01-04 20:58:34.897,120,272.11,
2022-01-04 20:58:34.909,120,272.11,
2022-01-04 20:58:34.922,120,272.11,
2022-01-04 20:58:34.930,120,272.11,
2022-01-04 20:58:34.943,120,271.76,
2022-01-04 20:58:34.955,120,271.76,
2022-01-04 20:58:34.968,120,272.11,
2022-01-04 20:58:34.980,120,271.76,
2022-01-04 20:58:34.988,120,272.11,
2022-01-04 20:58:35.000,120,271.76,
2022-01-04 20:58:35.012,120,271.76,
2022-01-04 20:58:35.025,120,271.76,
2022-01-04 20:58:35.037,120,271.76,
2022-01-04 20:58:35.045,120,271.76,
2022-01-04 20:58:35.058,120,271.76,
2022-01-04 20:58:35.070,120,271.76,
2022-01-04 20:58:35.082,120,271.76,
2022-01-04 20:58:35.094,120,271.76,
2022-01-04 20:58:35.103,120,271.76,
2022-01-04 20:58:35.115,120,271.76,
2022-01-04 20:58:35.127,120,271.76,
2022-01-04 20:58:35.139,120,271.76,
2022-01-04 20:58:35.151,120,271.76,
2022-01-04 20:58:35.160,120,271.41,
2022-01-04 20:58:35.172,120,271.76,
2022-01-04 20:58:35.185,120,271.41,
2022-01-04 20:58:35.197,120,271.41,
2022-01-04 20:58:35.205,120,271.76,
2022-01-04 20:58:35.217,120,271.76,
2022-01-04 20:58:35.230,120,271.41,
2022-01-04 20:58:35.242,120,271.76,
2022-01-04 20:58:35.254,120,271.76,
2022-01-04 20:58:35.262,120,271.76,
2022-01-04 20:58:35.275,120,271.76,
2022-01-04 20:58:35.286,120,271.41,
2022-01-04 20:58:35.298,120,271.76,
2022-01-04 20:58:35.311,120,271.76,
2022-01-04 20:58:35.320,120,271.76,
2022-01-04 20:58:35.334,120,271.76,
2022-01-04 20:58:35.345,120,271.76,
2022-01-04 20:58:35.357,120,271.76,
2022-01-04 20:58:35.369,120,271.76,
2022-01-04 20:58:35.378,120,271.76,
2022-01-04 20:58:35.389,120,271.76,
2022-01-04 20:58:35.401,120,272.11,
2022-01-04 20:58:35.413,120,271.76,
2022-01-04 20:58:35.425,120,272.11,
2022-01-04 20:58:35.434,120,271.76,
2022-01-04 20:58:35.447,120,271.76,
2022-01-04 20:58:35.459,120,271.76,
2022-01-04 20:58:35.470,120,271.76,
2022-01-04 20:58:35.484,120,272.11,
2022-01-04 20:58:35.492,120,272.11,
2022-01-04 20:58:35.504,120,271.76,
2022-01-04 20:58:35.516,120,272.11,
2022-01-04 20:58:35.528,120,272.11,
2022-01-04 20:58:35.541,120,272.11,
2022-01-04 20:58:35.549,120,272.11,
2022-01-04 20:58:35.561,120,272.11,
2022-01-04 20:58:35.574,120,271.76,
2022-01-04 20:58:35.586,120,271.76,
2022-01-04 20:58:35.598,120,272.11,
2022-01-04 20:58:35.607,120,271.76,
2022-01-04 20:58:35.619,120,271.76,
2022-01-04 20:58:35.631,120,271.76,
2022-01-04 20:58:35.643,120,271.76,
2022-01-04 20:58:35.652,120,272.11,
2022-01-04 20:58:35.664,120,271.76,
2022-01-04 20:58:35.676,120,271.76,
2022-01-04 20:58:35.688,120,271.76,
2022-01-04 20:58:35.701,120,271.76,
2022-01-04 20:58:35.709,120,271.76,
2022-01-04 20:58:35.720,120,271.76,
2022-01-04 20:58:35.733,120,271.76,
2022-01-04 20:58:35.745,120,271.76,
2022-01-04 20:58:35.758,120,272.11,
2022-01-04 20:58:35.766,120,272.11,
2022-01-04 20:58:35.778,120,272.11,
2022-01-04 20:58:35.791,120,272.11,
2022-01-04 20:58:35.803,120,271.76,
2022-01-04 20:58:35.815,120,271.76,
2022-01-04 20:58:35.824,120,271.76,
2022-01-04 20:58:35.836,120,271.76,
2022-01-04 20:58:35.848,120,272.11,
2022-01-04 20:58:35.860,120,271.76,
2022-01-04 20:58:35.872,120,271.76,
2022-01-04 20:58:35.881,120,271.76,
2022-01-04 20:58:35.893,120,271.76,
2022-01-04 20:58:35.905,120,272.11,
2022-01-04 20:58:35.918,120,271.76,
2022-01-04 20:58:35.930,120,271.76,
2022-01-04 20:58:35.938,120,271.76,
2022-01-04 20:58:35.950,90,271.76,
2022-01-04 20:58:35.962,90,271.76,
2022-01-04 20:58:35.970,90,271.76,
2022-01-04 20:58:35.983,90,271.76,
2022-01-04 20:58:35.991,90,271.76,
2022-01-04 20:58:36.003,90,271.76,
2022-01-04 20:58:36.011,90,271.41,
2022-01-04 20:58:36.024,90,271.41,
2022-01-04 20:58:36.032,90,271.41,
2022-01-04 20:58:36.044,90,271.41,
2022-01-04 20:58:36.056,90,271.05,
2022-01-04 20:58:36.065,90,271.05,
2022-01-04 20:58:36.077,90,270.70,
2022-01-04 20:58:36.085,90,270.70,
2022-01-04 20:58:36.097,90,270.70,
2022-01-04 20:58:36.106,90,270.35,
2022-01-04 20:58:36.118,90,270.00,
2022-01-04 20:58:36.126,90,269.65,
2022-01-04 20:58:36.138,90,269.30,
2022-01-04 20:58:36.147,90,269.30,
2022-01-04 20:58:36.159,90,268.95,
2022-01-04 20:58:36.171,90,268.59,
2022-01-04 20:58:36.180,90,267.89,
2022-01-04 20:58:36.192,90,267.54,
2022-01-04 20:58:36.200,90,267.19,
2022-01-04 20:58:36.213,90,266.48,
2022-01-04 20:58:36.221,90,266.13,
2022-01-04 20:58:36.233,90,265.43,
2022-01-04 20:58:36.241,90,265.08,
2022-01-04 20:58:36.254,90,264.73,
2022-01-04 20:58:36.262,90,264.02,
2022-01-04 20:58:36.274,90,263.67,
2022-01-04 20:58:36.282,90,263.32,
2022-01-04 20:58:36.294,90,262.62,
2022-01-04 20:58:36.307,90,261.91,
2022-01-04 20:58:36.315,90,261.56,
2022-01-04 20:58:36.327,90,260.51,
2022-01-04 20:58:36.336,90,260.16,
2022-01-04 20:58:36.348,90,259.80,
2022-01-04 20:58:36.356,90,259.10,
2022-01-04 20:58:36.368,90,258.40,
2022-01-04 20:58:36.376,90,258.05,
2022-01-04 20:58:36.388,90,257.34,
2022-01-04 20:58:36.397,90,256.64,
2022-01-04 20:58:36.409,90,256.29,
2022-01-04 20:58:36.421,90,255.23,
2022-01-04 20:58:36.429,90,254.88,
2022-01-04 20:58:36.442,90,254.53,
2022-01-04 20:58:36.450,90,254.18,
2022-01-04 20:58:36.462,90,253.48,
2022-01-04 20:58:36.471,90,253.13,
2022-01-04 20:58:36.483,90,252.77,
2022-01-04 20:58:36.491,90,252.07,
2022-01-04 20:58:36.503,90,251.72,
2022-01-04 20:58:36.511,90,251.37,
2022-01-04 20:58:36.524,90,251.02,
2022-01-04 20:58:36.532,90,250.66,
2022-01-04 20:58:36.544,90,250.31,
2022-01-04 20:58:36.558,90,250.31,
2022-01-04 20:58:36.568,90,249.96,
2022-01-04 20:58:36.577,90,249.96,
2022-01-04 20:58:36.585,90,249.61,
2022-01-04 20:58:36.597,90,249.61,
2022-01-04 20:58:36.606,90,249.26,
2022-01-04 20:58:36.617,90,249.26,
2022-01-04 20:58:36.626,90,248.91,
2022-01-04 20:58:36.638,90,249.26,
2022-01-04 20:58:36.648,90,248.91,
2022-01-04 20:58:36.659,90,248.91,
2022-01-04 20:58:36.667,90,249.26,
2022-01-04 20:58:36.679,90,249.26,
2022-01-04 20:58:36.692,90,249.26,
2022-01-04 20:58:36.701,90,249.26,
2022-01-04 20:58:36.712,90,249.61,
2022-01-04 20:58:36.720,90,249.61,
2022-01-04 20:58:36.733,90,249.96,
2022-01-04 20:58:36.741,90,249.96,
2022-01-04 20:58:36.753,90,250.31,
2022-01-04 20:58:36.761,90,250.66,
2022-01-04 20:58:36.774,90,250.66,
2022-01-04 20:58:36.782,90,250.66,
2022-01-04 20:58:36.794,90,251.02,
2022-01-04 20:58:36.806,90,251.37,
2022-01-04 20:58:36.815,90,252.07,
2022-01-04 20:58:36.827,90,252.07,
2022-01-04 20:58:36.835,90,252.42,
2022-01-04 20:58:36.847,90,252.77,
2022-01-04 20:58:36.855,90,253.13,
2022-01-04 20:58:36.867,90,253.13,
2022-01-04 20:58:36.876,90,253.48,
2022-01-04 20:58:36.888,90,253.83,
2022-01-04 20:58:36.897,90,254.18,
2022-01-04 20:58:36.909,90,254.53,
2022-01-04 20:58:36.917,90,254.88,
2022-01-04 20:58:36.929,90,255.23,
2022-01-04 20:58:36.942,90,255.59,
2022-01-04 20:58:36.950,90,255.59,
2022-01-04 20:58:36.962,90,255.94,
2022-01-04 20:58:36.971,90,256.29,
2022-01-04 20:58:36.983,90,256.64,
2022-01-04 20:58:36.991,90,256.64,
2022-01-04 20:58:37.003,90,256.99,
2022-01-04 20:58:37.011,90,256.99,
2022-01-04 20:58:37.024,90,257.70,
2022-01-04 20:58:37.032,90,257.34,
2022-01-04 20:58:37.044,90,257.70,
2022-01-04 20:58:37.056,90,258.05,
2022-01-04 20:58:37.064,90,258.05,
2022-01-04 20:58:37.077,90,258.40,
2022-01-04 20:58:37.085,90,258.40,
2022-01-04 20:58:37.097,90,258.40,
2022-01-04 20:58:37.105,90,258.40,
2022-01-04 20:58:37.118,90,258.75,
2022-01-04 20:58:37.126,90,258.40,
2022-01-04 20:58:37.138,90,258.40,
2022-01-04 20:58:37.146,90,258.75,
2022-01-04 20:58:37.158,90,258.75,
2022-01-04 20:58:37.166,90,258.75,
2022-01-04 20:58:37.179,90,258.75,
2022-01-04 20:58:37.191,90,258.75,
2022-01-04 20:58:37.199,90,258.40,
2022-01-04 20:58:37.211,90,258.75,
2022-01-04 20:58:37.219,90,258.75,
2022-01-04 20:58:37.232,90,258.40,
2022-01-04 20:58:37.240,90,258.40,
2022-01-04 20:58:37.253,90,258.40,
2022-01-04 20:58:37.261,90,258.05,
2022-01-04 20:58:37.273,90,258.05,
2022-01-04 20:58:37.282,90,257.70,
2022-01-04 20:58:37.294,90,257.70,
2022-01-04 20:58:37.302,90,257.70,
2022-01-04 20:58:37.314,90,257.70,
2022-01-04 20:58:37.326,90,257.34,
2022-01-04 20:58:37.335,90,257.34,
2022-01-04 20:58:37.347,90,256.99,
2022-01-04 20:58:37.355,90,256.99,
2022-01-04 20:58:37.368,90,256.99,
2022-01-04 20:58:37.376,90,256.64,
2022-01-04 20:58:37.388,90,256.64,
2022-01-04 20:58:37.396,90,256.29,
2022-01-04 20:58:37.408,90,256.29,
2022-01-04 20:58:37.417,90,256.29,
2022-01-04 20:58:37.429,90,255.94,
2022-01-04 20:58:37.441,90,255.59,
2022-01-04 20:58:37.449,90,255.59,
2022-01-04 20:58:37.461,90,255.23,
2022-01-04 20:58:37.470,90,255.23,
2022-01-04 20:58:37.482,90,255.23,
2022-01-04 20:58:37.490,90,255.23,
2022-01-04 20:58:37.503,90,255.23,
2022-01-04 20:58:37.511,90,254.88,
2022-01-04 20:58:37.523,90,254.88,
2022-01-04 20:58:37.531,90,254.88,
2022-01-04 20:58:37.544,90,254.53,
2022-01-04 20:58:37.552,90,254.53,
2022-01-04 20:58:37.564,90,254.53,
2022-01-04 20:58:37.577,90,254.18,
2022-01-04 20:58:37.585,90,254.18,
2022-01-04 20:58:37.597,90,254.53,
2022-01-04 20:58:37.605,90,254.18,
2022-01-04 20:58:37.618,90,254.18,
2022-01-04 20:58:37.626,90,254.18,
2022-01-04 20:58:37.638,90,253.83,
2022-01-04 20:58:37.646,90,253.83,
2022-01-04 20:58:37.658,90,254.18,
2022-01-04 20:58:37.667,90,254.18,
2022-01-04 20:58:37.679,90,254.18,
2022-01-04 20:58:37.691,90,253.83,
2022-01-04 20:58:37.699,90,254.18,
2022-01-04 20:58:37.711,90,253.83,
2022-01-04 20:58:37.720,90,254.18,
2022-01-04 20:58:37.732,90,253.83,
2022-01-04 20:58:37.740,90,254.18,
2022-01-04 20:58:37.753,90,254.18,
2022-01-04 20:58:37.761,90,254.18,
2022-01-04 20:58:37.773,90,254.18,
2022-01-04 20:58:37.781,90,254.18,
2022-01-04 20:58:37.794,90,254.53,
2022-01-04 20:58:37.802,90,254.53,
2022-01-04 20:58:37.814,90,254.53,
2022-01-04 20:58:37.826,90,254.53,
2022-01-04 20:58:37.835,90,254.53,
2022-01-04 20:58:37.847,90,254.53,
2022-01-04 20:58:37.854,90,254.53,
2022-01-04 20:58:37.867,90,254.88,
2022-01-04 20:58:37.875,90,254.88,
2022-01-04 20:58:37.887,90,254.88,
2022-01-04 20:58:37.896,90,254.88,
2022-01-04 20:58:37.908,90,254.88,
2022-01-04 20:58:37.917,90,254.88,
2022-01-04 20:58:37.929,90,255.23,
2022-01-04 20:58:37.937,90,255.23,
2022-01-04 20:58:37.949,90,255.23,
2022-01-04 20:58:37.961,90,255.23,
2022-01-04 20:58:37.970,90,255.23,
2022-01-04 20:58:37.982,90,255.23,
2022-01-04 20:58:37.990,90,255.23,
2022-01-04 20:58:38.003,90,255.23,
2022-01-04 20:58:38.010,90,255.23,
2022-01-04 20:58:38.023,90,254.88,
2022-01-04 20:58:38.031,90,255.23,
2022-01-04 20:58:38.043,90,255.23,
2022-01-04 20:58:38.051,90,255.23,
2022-01-04 20:58:38.064,90,255.23,
2022-01-04 20:58:38.076,90,255.23,
2022-01-04 20:58:38.084,90,255.23,
2022-01-04 20:58:38.097,90,255.23,
2022-01-04 20:58:38.105,90,255.23,
2022-01-04 20:58:38.117,90,255.23,
2022-01-04 20:58:38.125,90,255.23,
2022-01-04 20:58:38.138,90,255.23,
2022-01-04 20:58:38.146,90,255.23,
2022-01-04 20:58:38.158,90,255.23,
2022-01-04 20:58:38.166,90,255.23,
2022-01-04 20:58:38.179,90,255.23,
2022-01-04 20:58:38.188,90,254.88,
2022-01-04 20:58:38.200,90,255.23,
2022-01-04 20:58:38.211,90,255.23,
2022-01-04 20:58:38.220,90,255.23,
2022-01-04 20:58:38.232,90,255.23,
2022-01-04 20:58:38.240,90,255.23,
2022-01-04 20:58:38.252,90,254.88,
2022-01-04 20:58:38.261,90,255.23,
2022-01-04 20:58:38.273,90,255.23,
2022-01-04 20:58:38.281,90,255.23,
2022-01-04 20:58:38.293,90,254.88,
2022-01-04 20:58:38.301,90,255.23,
2022-01-04 20:58:38.314,90,255.23,
2022-01-04 20:58:38.326,90,254.88,
2022-01-04 20:58:38.334,90,255.23,
2022-01-04 20:58:38.347,90,255.23,
2022-01-04 20:58:38.355,90,254.88,
2022-01-04 20:58:38.366,90,255.23,
2022-01-04 20:58:38.375,90,255.23,
2022-01-04 20:58:38.387,90,255.23,
2022-01-04 20:58:38.396,90,255.23,
2022-01-04 20:58:38.408,90,255.23,
2022-01-04 20:58:38.416,90,254.88,
2022-01-04 20:58:38.428,90,255.23,
2022-01-04 20:58:38.436,90,254.88,
2022-01-04 20:58:38.448,90,255.23,
2022-01-04 20:58:38.461,90,255.23,
2022-01-04 20:58:38.469,90,255.23,
2022-01-04 20:58:38.481,90,255.23,
2022-01-04 20:58:38.489,90,255.23,
2022-01-04 20:58:38.502,90,254.88,
2022-01-04 20:58:38.510,90,255.23,
2022-01-04 20:58:38.522,90,254.88,
2022-01-04 20:58:38.531,90,255.23,
2022-01-04 20:58:38.543,90,254.88,
2022-01-04 20:58:38.551,90,254.88,
2022-01-04 20:58:38.563,90,255.23,
2022-01-04 20:58:38.576,90,255.23,
2022-01-04 20:58:38.584,90,255.23,
2022-01-04 20:58:38.596,90,254.88,
2022-01-04 20:58:38.605,90,255.23,
2022-01-04 20:58:38.617,90,254.88,
2022-01-04 20:58:38.625,90,255.23,
2022-01-04 20:58:38.637,90,255.23,
2022-01-04 20:58:38.645,90,255.23,
2022-01-04 20:58:38.658,90,254.88,
2022-01-04 20:58:38.666,90,254.88,
2022-01-04 20:58:38.678,90,255.23,
2022-01-04 20:58:38.687,90,254.88,
2022-01-04 20:58:38.699,90,254.88,
2022-01-04 20:58:38.711,90,254.88,
2022-01-04 20:58:38.719,90,254.88,
2022-01-04 20:58:38.732,90,254.88,
2022-01-04 20:58:38.740,90,255.23,
2022-01-04 20:58:38.752,90,255.23,
2022-01-04 20:58:38.760,90,254.88,
2022-01-04 20:58:38.772,90,255.23,
2022-01-04 20:58:38.781,90,255.23,
2022-01-04 20:58:38.793,90,254.88,
2022-01-04 20:58:38.801,90,254.88,
2022-01-04 20:58:38.813,90,254.88,
2022-01-04 20:58:38.822,90,254.88,
2022-01-04 20:58:38.834,90,254.88,
2022-01-04 20:58:38.846,90,255.23,
2022-01-04 20:58:38.854,90,254.88,
2022-01-04 20:58:38.866,90,254.88,
2022-01-04 20:58:38.874,90,254.88,
2022-01-04 20:58:38.887,90,254.88,
2022-01-04 20:58:38.895,90,254.88,
2022-01-04 20:58:38.908,90,254.88,
2022-01-04 20:58:38.916,90,254.88,
2022-01-04 20:58:38.928,90,254.88,
2022-01-04 20:58:38.936,90,254.88,
2022-01-04 20:58:38.949,90,254.88,
2022-01-04 20:58:38.961,90,254.88,
2022-01-04 20:58:38.969,90,254.88,
2022-01-04 20:58:38.981,90,255.23,
2022-01-04 20:58:38.989,90,254.88,
2022-01-04 20:58:39.002,90,254.88,
2022-01-04 20:58:39.010,90,254.88,
2022-01-04 20:58:39.022,90,254.88,
2022-01-04 20:58:39.031,90,254.88,
2022-01-04 20:58:39.043,90,254.88,
2022-01-04 20:58:39.051,90,254.88,
2022-01-04 20:58:39.063,90,254.88,
2022-01-04 20:58:39.072,100,254.88,
2022-01-04 20:58:39.084,100,254.88,
2022-01-04 20:58:39.096,100,254.88,
2022-01-04 20:58:39.108,100,254.88,
2022-01-04 20:58:39.121,100,254.88,
2022-01-04 20:58:39.128,100,255.23,
2022-01-04 20:58:39.141,100,254.88,
2022-01-04 20:58:39.153,100,255.23,
2022-01-04 20:58:39.166,100,254.88,
2022-01-04 20:58:39.177,100,255.23,
2022-01-04 20:58:39.186,100,255.23,
2022-01-04 20:58:39.198,100,255.23,
2022-01-04 20:58:39.210,100,255.23,
2022-01-04 20:58:39.222,100,255.59,
2022-01-04 20:58:39.235,100,255.59,
2022-01-04 20:58:39.244,100,255.94,
2022-01-04 20:58:39.255,100,255.94,
2022-01-04 20:58:39.268,100,255.94,
2022-01-04 20:58:39.280,100,255.94,
2022-01-04 20:58:39.292,100,256.29,
2022-01-04 20:58:39.301,100,256.64,
2022-01-04 20:58:39.313,100,256.64,
2022-01-04 20:58:39.325,100,256.99,
2022-01-04 20:58:39.337,100,256.99,
2022-01-04 20:58:39.349,100,257.34,
2022-01-04 20:58:39.358,100,257.34,
2022-01-04 20:58:39.371,100,257.70,
2022-01-04 20:58:39.383,100,257.70,
2022-01-04 20:58:39.394,100,258.05,
2022-01-04 20:58:39.407,100,258.05,
2022-01-04 20:58:39.415,100,258.05,
2022-01-04 20:58:39.427,100,258.40,
2022-01-04 20:58:39.440,100,258.40,
2022-01-04 20:58:39.453,100,258.75,
2022-01-04 20:58:39.465,100,259.10,
2022-01-04 20:58:39.472,100,259.10,
2022-01-04 20:58:39.485,100,259.10,
2022-01-04 20:58:39.498,100,259.80,
2022-01-04 20:58:39.510,100,259.80,
2022-01-04 20:58:39.518,100,259.80,
2022-01-04 20:58:39.530,100,259.80,
2022-01-04 20:58:39.542,100,260.16,
2022-01-04 20:58:39.555,100,260.16,
2022-01-04 20:58:39.567,100,260.51,
2022-01-04 20:58:39.575,100,260.51,
2022-01-04 20:58:39.587,100,260.51,
2022-01-04 20:58:39.600,100,260.51,
2022-01-04 20:58:39.612,100,260.86,
2022-01-04 20:58:39.624,100,260.86,
2022-01-04 20:58:39.632,100,261.21,
2022-01-04 20:58:39.644,100,260.86,
2022-01-04 20:58:39.658,100,260.86,
2022-01-04 20:58:39.670,100,260.86,
2022-01-04 20:58:39.682,100,261.21,
2022-01-04 20:58:39.691,100,261.21,
2022-01-04 20:58:39.702,100,261.21,
2022-01-04 20:58:39.715,100,261.21,
2022-01-04 20:58:39.727,100,261.21,
2022-01-04 20:58:39.739,100,261.21,
2022-01-04 20:58:39.747,100,261.56,
2022-01-04 20:58:39.760,100,261.21,
2022-01-04 20:58:39.771,100,261.21,
2022-01-04 20:58:39.784,100,261.21,
2022-01-04 20:58:39.796,100,261.21,
2022-01-04 20:58:39.805,100,261.21,
2022-01-04 20:58:39.817,100,261.21,
2022-01-04 20:58:39.829,100,261.21,
2022-01-04 20:58:39.841,100,261.21,
2022-01-04 20:58:39.854,100,260.86,
2022-01-04 20:58:39.861,100,260.86,
2022-01-04 20:58:39.875,100,260.86,
2022-01-04 20:58:39.887,100,260.86,
2022-01-04 20:58:39.899,100,260.86,
2022-01-04 20:58:39.911,100,260.86,
2022-01-04 20:58:39.919,100,260.51,
2022-01-04 20:58:39.932,100,260.51,
2022-01-04 20:58:39.944,100,260.51,
2022-01-04 20:58:39.956,100,260.51,
2022-01-04 20:58:39.964,100,260.51,
2022-01-04 20:58:39.977,100,260.51,
2022-01-04 20:58:39.989,100,260.16,
2022-01-04 20:58:40.001,100,260.16,
2022-01-04 20:58:40.013,100,260.16,
2022-01-04 20:58:40.022,100,260.16,
2022-01-04 20:58:40.034,100,260.16,
2022-01-04 20:58:40.046,100,260.16,
2022-01-04 20:58:40.059,100,259.80,
2022-01-04 20:58:40.071,100,259.80,
2022-01-04 20:58:40.079,100,259.80,
2022-01-04 20:58:40.091,100,260.16,
2022-01-04 20:58:40.104,100,259.80,
2022-01-04 20:58:40.116,100,259.80,
2022-01-04 20:58:40.127,100,259.80,
2022-01-04 20:58:40.136,100,259.80,
2022-01-04 20:58:40.149,100,259.80,
2022-01-04 20:58:40.161,100,259.80,
2022-01-04 20:58:40.173,100,259.45,
2022-01-04 20:58:40.186,100,259.80,
2022-01-04 20:58:40.194,100,259.80,
2022-01-04 20:58:40.206,100,259.80,
2022-01-04 20:58:40.219,100,259.80,
2022-01-04 20:58:40.231,100,259.80,
2022-01-04 20:58:40.243,100,259.80,
2022-01-04 20:58:40.251,100,259.80,
2022-01-04 20:58:40.263,100,259.45,
2022-01-04 20:58:40.275,100,259.80,
2022-01-04 20:58:40.287,100,259.80,
2022-01-04 20:58:40.300,100,259.80,
2022-01-04 20:58:40.308,100,259.80,
2022-01-04 20:58:40.320,100,259.80,
2022-01-04 20:58:40.333,100,259.45,
2022-01-04 20:58:40.344,100,259.80,
2022-01-04 20:58:40.357,100,259.80,
2022-01-04 20:58:40.366,100,259.80,
2022-01-04 20:58:40.378,100,259.80,
2022-01-04 20:58:40.394,100,259.80,
2022-01-04 20:58:40.402,100,259.45,
2022-01-04 20:58:40.414,100,259.80,
2022-01-04 20:58:40.423,100,259.80,
2022-01-04 20:58:40.435,100,259.80,
2022-01-04 20:58:40.447,100,259.80,
2022-01-04 20:58:40.460,100,259.80,
2022-01-04 20:58:40.468,100,259.80,
2022-01-04 20:58:40.480,100,259.80,
2022-01-04 20:58:40.493,100,259.45,
2022-01-04 20:58:40.505,100,259.80,
2022-01-04 20:58:40.517,100,259.80,
2022-01-04 20:58:40.525,100,259.80,
2022-01-04 20:58:40.537,100,259.80,
2022-01-04 20:58:40.550,100,259.80,
2022-01-04 20:58:40.563,100,259.80,
2022-01-04 20:58:40.574,100,259.80,
2022-01-04 20:58:40.583,100,259.80,
2022-01-04 20:58:40.595,100,259.80,
2022-01-04 20:58:40.607,100,259.80,
2022-01-04 20:58:40.619,100,259.80,
2022-01-04 20:58:40.632,100,259.80,
2022-01-04 20:58:40.640,100,259.80,
2022-01-04 20:58:40.652,100,259.80,
2022-01-04 20:58:40.665,100,259.80,
2022-01-04 20:58:40.677,100,259.80,
2022-01-04 20:58:40.689,100,259.80,
2022-01-04 20:58:40.698,100,259.80,
2022-01-04 20:58:40.711,100,260.16,
2022-01-04 20:58:40.728,100,259.80,
2022-01-04 20:58:40.734,100,259.80,
2022-01-04 20:58:40.746,100,259.80,
2022-01-04 20:58:40.771,100,259.80,
2022-01-04 20:58:40.773,100,259.80,
2022-01-04 20:58:40.779,100,259.80,
2022-01-04 20:58:40.792,100,259.80,
2022-01-04 20:58:40.804,100,259.80,
2022-01-04 20:58:40.812,100,259.45,
2022-01-04 20:58:40.825,100,259.80,
2022-01-04 20:58:40.837,100,259.45,
2022-01-04 20:58:40.849,100,259.80,
2022-01-04 20:58:40.861,100,259.80,
2022-01-04 20:58:40.870,100,259.80,
2022-01-04 20:58:40.882,100,259.45,
2022-01-04 20:58:40.894,100,259.80,
2022-01-04 20:58:40.906,100,259.80,
2022-01-04 20:58:40.915,100,259.80,
2022-01-04 20:58:40.927,100,259.80,
2022-01-04 20:58:40.939,100,259.80,
2022-01-04 20:58:40.951,100,259.80,
2022-01-04 20:58:40.964,100,259.80,
2022-01-04 20:58:40.972,100,259.80,
2022-01-04 20:58:40.984,100,259.80,
2022-01-04 20:58:40.996,100,259.80,
2022-01-04 20:58:41.008,100,259.80,
2022-01-04 20:58:41.020,100,259.80,
2022-01-04 20:58:41.029,100,260.16,
2022-01-04 20:58:41.041,100,259.80,
2022-01-04 20:58:41.053,100,259.80,
2022-01-04 20:58:41.066,100,260.16,
2022-01-04 20:58:41.078,100,259.80,
2022-01-04 20:58:41.086,100,260.16,
2022-01-04 20:58:41.098,100,260.16,
2022-01-04 20:58:41.111,100,260.16,
2022-01-04 20:58:41.130,100,260.16,
2022-01-04 20:58:41.135,100,260.51,
2022-01-04 20:58:41.143,100,260.16,
2022-01-04 20:58:41.156,100,260.16,
2022-01-04 20:58:41.168,100,260.16,
2022-01-04 20:58:41.180,100,260.51,
2022-01-04 20:58:41.193,100,260.16,
2022-01-04 20:58:41.201,100,260.16,
2022-01-04 20:58:41.213,100,260.51,
2022-01-04 20:58:41.225,100,260.51,
2022-01-04 20:58:41.238,100,260.16,
2022-01-04 20:58:41.250,100,260.51,
2022-01-04 20:58:41.258,100,260.51,
2022-01-04 20:58:41.271,100,260.51,
2022-01-04 20:58:41.283,100,260.51,
2022-01-04 20:58:41.295,100,260.51,
2022-01-04 20:58:41.307,100,260.51,
2022-01-04 20:58:41.316,100,260.51,
2022-01-04 20:58:41.328,100,260.51,
2022-01-04 20:58:41.341,100,260.51,
2022-01-04 20:58:41.353,100,260.51,
2022-01-04 20:58:41.361,100,260.51,
2022-01-04 20:58:41.373,100,260.51,
2022-01-04 20:58:41.386,100,260.51,
2022-01-04 20:58:41.398,100,260.51,
2022-01-04 20:58:41.410,100,260.51,
2022-01-04 20:58:41.418,100,260.51,
2022-01-04 20:58:41.431,100,260.51,
2022-01-04 20:58:41.442,100,260.51,
2022-01-04 20:58:41.455,100,260.51,
2022-01-04 20:58:41.467,100,260.51,
2022-01-04 20:58:41.475,100,260.51,
2022-01-04 20:58:41.488,100,260.16,
2022-01-04 20:58:41.500,100,260.51,
2022-01-04 20:58:41.512,100,260.16,
2022-01-04 20:58:41.524,100,260.16,
2022-01-04 20:58:41.532,100,260.51,
2022-01-04 20:58:41.545,100,260.51,
2022-01-04 20:58:41.557,100,260.16,
2022-01-04 20:58:41.570,100,260.51,
2022-01-04 20:58:41.582,100,260.16,
2022-01-04 20:58:41.590,100,260.51,
2022-01-04 20:58:41.603,100,260.51,
2022-01-04 20:58:41.615,100,260.16,
2022-01-04 20:58:41.628,100,260.16,
2022-01-04 20:58:41.640,100,260.16,
2022-01-04 20:58:41.648,100,260.16,
2022-01-04 20:58:41.660,100,260.16,
2022-01-04 20:58:41.672,100,260.16,
2022-01-04 20:58:41.685,100,260.51,
2022-01-04 20:58:41.697,100,260.51,
2022-01-04 20:58:41.705,100,260.16,
2022-01-04 20:58:41.717,100,260.16,
2022-01-04 20:58:41.729,100,260.51,
2022-01-04 20:58:41.742,100,260.16,
2022-01-04 20:58:41.754,100,260.51,
2022-01-04 20:58:41.762,100,260.51,
2022-01-04 20:58:41.775,100,260.16,
2022-01-04 20:58:41.787,100,260.51,
2022-01-04 20:58:41.799,100,260.16,
2022-01-04 20:58:41.811,100,260.51,
2022-01-04 20:58:41.820,100,260.16,
2022-01-04 20:58:41.832,100,260.16,
2022-01-04 20:58:41.844,100,260.51,
2022-01-04 20:58:41.856,100,260.51,
2022-01-04 20:58:41.865,100,260.51,
2022-01-04 20:58:41.877,100,260.16,
2022-01-04 20:58:41.890,100,260.51,
2022-01-04 20:58:41.902,100,260.16,
2022-01-04 20:58:41.914,100,260.51,
2022-01-04 20:58:41.923,100,260.51,
2022-01-04 20:58:41.934,100,260.51,
2022-01-04 20:58:41.947,100,260.16,
2022-01-04 20:58:41.959,100,260.51,
2022-01-04 20:58:41.971,100,260.51,
2022-01-04 20:58:41.979,100,260.51,
2022-01-04 20:58:41.992,100,260.51,
2022-01-04 20:58:42.004,100,260.51,
2022-01-04 20:58:42.016,100,260.51,
2022-01-04 20:58:42.028,100,260.51,
2022-01-04 20:58:42.037,100,260.16,
2022-01-04 20:58:42.049,100,260.16,
2022-01-04 20:58:42.061,100,260.16,
2022-01-04 20:58:42.074,100,260.51,
2022-01-04 20:58:42.086,100,260.51,
2022-01-04 20:58:42.094,100,260.51,
2022-01-04 20:58:42.106,100,260.51,
2022-01-04 20:58:42.119,100,260.51,
2022-01-04 20:58:42.131,100,260.16,
2022-01-04 20:58:42.143,100,260.51,
2022-01-04 20:58:42.152,100,260.16,
2022-01-04 20:58:42.164,100,260.51,
2022-01-04 20:58:42.176,100,260.16,
2022-01-04 20:58:42.188,100,260.51,
2022-01-04 20:58:42.201,100,260.16,
2022-01-04 20:58:42.209,100,260.51,
2022-01-04 20:58:42.221,100,260.16,
2022-01-04 20:58:42.233,100,260.51,
2022-01-04 20:58:42.246,100,260.16,
2022-01-04 20:58:42.258,100,260.51,
2022-01-04 20:58:42.266,100,260.16,
2022-01-04 20:58:42.278,100,260.16,
2022-01-04 20:58:42.290,100,260.16,
2022-01-04 20:58:42.302,100,260.51,
2022-01-04 20:58:42.311,100,260.16,
2022-01-04 20:58:42.324,100,260.16,
2022-01-04 20:58:42.336,100,260.16,
2022-01-04 20:58:42.348,100,260.16,
2022-01-04 20:58:42.361,100,260.16,
2022-01-04 20:58:42.369,100,260.16,
2022-01-04 20:58:42.381,100,260.16,
2022-01-04 20:58:42.393,100,260.16,
2022-01-04 20:58:42.405,100,260.16,
2022-01-04 20:58:42.418,100,260.16,
2022-01-04 20:58:42.426,100,259.80,
2022-01-04 20:58:42.438,100,260.16,
2022-01-04 20:58:42.451,100,260.16,
2022-01-04 20:58:42.462,100,260.16,
2022-01-04 20:58:42.475,100,260.16,
2022-01-04 20:58:42.483,100,260.16,
2022-01-04 20:58:42.495,100,260.16,
2022-01-04 20:58:42.508,60,260.16,
2022-01-04 20:58:42.520,60,260.16,
2022-01-04 20:58:42.528,60,260.51,
2022-01-04 20:58:42.540,60,260.16,
2022-01-04 20:58:42.549,60,260.16,
2022-01-04 20:58:42.561,60,260.16,
2022-01-04 20:58:42.569,60,260.16,
2022-01-04 20:58:42.581,60,259.80,
2022-01-04 20:58:42.589,60,259.80,
2022-01-04 20:58:42.602,60,259.80,
2022-01-04 20:58:42.610,60,259.45,
2022-01-04 20:58:42.623,60,259.45,
2022-01-04 20:58:42.631,60,259.45,
2022-01-04 20:58:42.644,60,259.10,
2022-01-04 20:58:42.655,60,258.75,
2022-01-04 20:58:42.663,60,258.40,
2022-01-04 20:58:42.675,60,258.05,
2022-01-04 20:58:42.683,60,257.70,
2022-01-04 20:58:42.696,60,257.70,
2022-01-04 20:58:42.704,60,256.99,
2022-01-04 20:58:42.716,60,256.64,
2022-01-04 20:58:42.725,60,256.29,
2022-01-04 20:58:42.738,60,255.59,
2022-01-04 20:58:42.747,60,255.23,
2022-01-04 20:58:42.759,60,254.53,
2022-01-04 20:58:42.770,60,253.83,
2022-01-04 20:58:42.778,60,253.13,
2022-01-04 20:58:42.790,60,252.77,
2022-01-04 20:58:42.799,60,252.07,
2022-01-04 20:58:42.811,60,251.37,
2022-01-04 20:58:42.819,60,250.66,
2022-01-04 20:58:42.831,60,249.96,
2022-01-04 20:58:42.840,60,249.61,
2022-01-04 20:58:42.852,60,248.55,
2022-01-04 20:58:42.860,60,247.85,
2022-01-04 20:58:42.872,60,247.15,
2022-01-04 20:58:42.880,60,246.45,
2022-01-04 20:58:42.893,60,245.74,
2022-01-04 20:58:42.905,60,245.04,
2022-01-04 20:58:42.914,60,244.69,
2022-01-04 20:58:42.925,60,243.98,
2022-01-04 20:58:42.933,60,242.93,
2022-01-04 20:58:42.946,60,242.58,
2022-01-04 20:58:42.954,60,241.88,
2022-01-04 20:58:42.967,60,241.52,
2022-01-04 20:58:42.975,60,240.82,
2022-01-04 20:58:42.987,60,240.12,
2022-01-04 20:58:42.995,60,239.77,
2022-01-04 20:58:43.007,60,239.06,
2022-01-04 20:58:43.020,60,238.71,
2022-01-04 20:58:43.028,60,238.01,
2022-01-04 20:58:43.040,60,237.66,
2022-01-04 20:58:43.048,60,237.30,
2022-01-04 20:58:43.061,60,236.95,
2022-01-04 20:58:43.069,60,236.60,
2022-01-04 20:58:43.081,60,236.25,
2022-01-04 20:58:43.089,60,235.90,
2022-01-04 20:58:43.101,60,235.55,
2022-01-04 20:58:43.110,60,235.55,
2022-01-04 20:58:43.122,60,235.20,
2022-01-04 20:58:43.130,60,235.20,
2022-01-04 20:58:43.143,60,235.20,
2022-01-04 20:58:43.155,60,235.20,
2022-01-04 20:58:43.163,60,235.20,
2022-01-04 20:58:43.175,60,235.20,
2022-01-04 20:58:43.184,60,234.84,
2022-01-04 20:58:43.199,60,235.20,
2022-01-04 20:58:43.207,60,235.20,
2022-01-04 20:58:43.217,60,235.20,
2022-01-04 20:58:43.225,60,235.20,
2022-01-04 20:58:43.237,60,235.20,
2022-01-04 20:58:43.245,60,235.55,
2022-01-04 20:58:43.257,60,235.90,
2022-01-04 20:58:43.270,60,235.90,
2022-01-04 20:58:43.278,60,236.25,
2022-01-04 20:58:43.291,60,236.60,
2022-01-04 20:58:43.298,60,236.95,
2022-01-04 20:58:43.310,60,237.30,
2022-01-04 20:58:43.319,60,237.30,
2022-01-04 20:58:43.331,60,237.30,
2022-01-04 20:58:43.339,60,237.66,
2022-01-04 20:58:43.351,60,238.01,
2022-01-04 20:58:43.360,60,238.01,
2022-01-04 20:58:43.372,60,238.36,
2022-01-04 20:58:43.380,60,238.71,
2022-01-04 20:58:43.392,60,239.41,
2022-01-04 20:58:43.405,60,239.41,
2022-01-04 20:58:43.412,60,239.77,
2022-01-04 20:58:43.425,60,240.12,
2022-01-04 20:58:43.433,60,240.47,
2022-01-04 20:58:43.446,60,240.47,
2022-01-04 20:58:43.454,60,241.17,
2022-01-04 20:58:43.466,60,241.17,
2022-01-04 20:58:43.474,60,241.52,
2022-01-04 20:58:43.487,60,241.88,
2022-01-04 20:58:43.495,60,241.88,
2022-01-04 20:58:43.507,60,242.23,
2022-01-04 20:58:43.516,60,242.58,
2022-01-04 20:58:43.528,60,242.58,
2022-01-04 20:58:43.539,60,242.93,
2022-01-04 20:58:43.548,60,243.28,
2022-01-04 20:58:43.561,60,243.28,
2022-01-04 20:58:43.568,60,243.63,
2022-01-04 20:58:43.580,60,243.63,
2022-01-04 20:58:43.589,60,243.98,
2022-01-04 20:58:43.602,60,243.98,
2022-01-04 20:58:43.610,60,244.34,
2022-01-04 20:58:43.622,60,244.34,
2022-01-04 20:58:43.630,60,244.34,
2022-01-04 20:58:43.643,60,244.34,
2022-01-04 20:58:43.655,60,244.34,
2022-01-04 20:58:43.665,60,244.69,
2022-01-04 20:58:43.675,60,244.34,
2022-01-04 20:58:43.683,60,244.69,
2022-01-04 20:58:43.696,60,244.34,
2022-01-04 20:58:43.704,60,244.34,
2022-01-04 20:58:43.716,60,244.34,
2022-01-04 20:58:43.724,60,244.34,
2022-01-04 20:58:43.737,60,244.34,
2022-01-04 20:58:43.745,60,244.34,
2022-01-04 20:58:43.757,60,243.98,
2022-01-04 20:58:43.765,60,243.98,
2022-01-04 20:58:43.777,60,243.98,
2022-01-04 20:58:43.790,60,243.63,
2022-01-04 20:58:43.798,60,243.63,
2022-01-04 20:58:43.810,60,243.63,
2022-01-04 20:58:43.818,60,243.28,
2022-01-04 20:58:43.831,60,243.28,
2022-01-04 20:58:43.839,60,242.93,
2022-01-04 20:58:43.851,60,242.58,
2022-01-04 20:58:43.859,60,242.58,
2022-01-04 20:58:43.872,60,242.58,
2022-01-04 20:58:43.880,60,242.58,
2022-01-04 20:58:43.892,60,242.58,
2022-01-04 20:58:43.904,60,242.23,
2022-01-04 20:58:43.912,60,242.23,
2022-01-04 20:58:43.924,60,242.23,
2022-01-04 20:58:43.933,60,241.88,
2022-01-04 20:58:43.946,60,241.88,
2022-01-04 20:58:43.954,60,241.88,
2022-01-04 20:58:43.966,60,241.52,
2022-01-04 20:58:43.974,60,241.52,
2022-01-04 20:58:43.987,60,241.17,
2022-01-04 20:58:43.995,60,241.17,
2022-01-04 20:58:44.007,60,241.17,
2022-01-04 20:58:44.015,60,240.82,
2022-01-04 20:58:44.028,60,240.82,
2022-01-04 20:58:44.039,60,240.82,
2022-01-04 20:58:44.047,60,240.82,
2022-01-04 20:58:44.060,60,240.82,
2022-01-04 20:58:44.069,60,240.82,
2022-01-04 20:58:44.081,60,240.47,
2022-01-04 20:58:44.089,60,240.47,
2022-01-04 20:58:44.101,60,240.82,
2022-01-04 20:58:44.109,60,240.47,
2022-01-04 20:58:44.122,60,240.82,
2022-01-04 20:58:44.130,60,240.47,
2022-01-04 20:58:44.143,60,240.47,
2022-01-04 20:58:44.150,60,240.47,
2022-01-04 20:58:44.162,60,240.47,
2022-01-04 20:58:44.175,60,240.47,
2022-01-04 20:58:44.183,60,240.47,
2022-01-04 20:58:44.195,60,240.47,
2022-01-04 20:58:44.203,60,240.47,
2022-01-04 20:58:44.216,60,240.47,
2022-01-04 20:58:44.223,60,240.47,
2022-01-04 20:58:44.236,60,240.47,
2022-01-04 20:58:44.244,60,240.47,
2022-01-04 20:58:44.257,60,240.47,
2022-01-04 20:58:44.265,60,240.47,
2022-01-04 20:58:44.277,60,240.47,
2022-01-04 20:58:44.290,60,240.47,
2022-01-04 20:58:44.298,60,240.82,
2022-01-04 20:58:44.310,60,240.47,
2022-01-04 20:58:44.318,60,240.47,
2022-01-04 20:58:44.330,60,240.47,
2022-01-04 20:58:44.339,60,240.47,
2022-01-04 20:58:44.351,60,240.82,
2022-01-04 20:58:44.359,60,240.82,
2022-01-04 20:58:44.372,60,240.47,
2022-01-04 20:58:44.380,60,240.82,
2022-01-04 20:58:44.392,60,240.82,
2022-01-04 20:58:44.400,60,240.82,
2022-01-04 20:58:44.412,60,240.82,
2022-01-04 20:58:44.424,60,240.82,
2022-01-04 20:58:44.433,60,240.82,
2022-01-04 20:58:44.445,60,241.17,
2022-01-04 20:58:44.453,60,240.82,
2022-01-04 20:58:44.465,60,240.82,
2022-01-04 20:58:44.473,60,240.82,
2022-01-04 20:58:44.486,60,241.17,
2022-01-04 20:58:44.494,60,240.82,
2022-01-04 20:58:44.507,60,240.82,
2022-01-04 20:58:44.515,60,240.82,
2022-01-04 20:58:44.527,60,241.17,
2022-01-04 20:58:44.539,60,240.82,
2022-01-04 20:58:44.548,60,241.17,
2022-01-04 20:58:44.560,60,241.17,
2022-01-04 20:58:44.568,60,241.17,
2022-01-04 20:58:44.580,60,241.17,
2022-01-04 20:58:44.588,60,240.82,
2022-01-04 20:58:44.601,60,241.17,
2022-01-04 20:58:44.609,60,241.17,
2022-01-04 20:58:44.621,60,240.82,
2022-01-04 20:58:44.629,60,240.82,
2022-01-04 20:58:44.642,60,241.17,
2022-01-04 20:58:44.650,60,240.82,
2022-01-04 20:58:44.662,60,241.17,
2022-01-04 20:58:44.674,60,241.17,
2022-01-04 20:58:44.683,60,241.17,
2022-01-04 20:58:44.695,60,240.82,
2022-01-04 20:58:44.703,60,241.17,
2022-01-04 20:58:44.715,60,240.82,
2022-01-04 20:58:44.724,60,240.82,
2022-01-04 20:58:44.735,60,241.17,
2022-01-04 20:58:44.743,60,240.82,
2022-01-04 20:58:44.756,60,241.17,
2022-01-04 20:58:44.764,60,241.17,
2022-01-04 20:58:44.776,60,241.17,
2022-01-04 20:58:44.784,60,241.17,
2022-01-04 20:58:44.797,60,241.17,
2022-01-04 20:58:44.809,60,241.17,
2022-01-04 20:58:44.817,60,241.17,
2022-01-04 20:58:44.830,60,241.17,
2022-01-04 20:58:44.839,60,241.17,
2022-01-04 20:58:44.850,60,241.17,
2022-01-04 20:58:44.858,60,241.17,
2022-01-04 20:58:44.871,60,240.82,
2022-01-04 20:58:44.879,60,241.17,
2022-01-04 20:58:44.891,60,241.17,
2022-01-04 20:58:44.900,60,241.17,
2022-01-04 20:58:44.911,60,241.17,
2022-01-04 20:58:44.924,60,241.17,
2022-01-04 20:58:44.933,60,241.17,
2022-01-04 20:58:44.945,60,241.17,
2022-01-04 20:58:44.953,60,241.17,
2022-01-04 20:58:44.966,60,241.17,
2022-01-04 20:58:44.974,60,241.17,
2022-01-04 20:58:44.986,60,241.17,
2022-01-04 20:58:44.994,60,241.17,
2022-01-04 20:58:45.006,60,240.82,
2022-01-04 20:58:45.014,60,240.82,
2022-01-04 20:58:45.027,60,241.17,
2022-01-04 20:58:45.035,60,241.17,
2022-01-04 20:58:45.047,60,241.17,
2022-01-04 20:58:45.059,60,241.17,
2022-01-04 20:58:45.068,60,241.17,
2022-01-04 20:58:45.080,60,241.17,
2022-01-04 20:58:45.088,60,241.17,
2022-01-04 20:58:45.101,60,241.17,
2022-01-04 20:58:45.109,60,241.17,
2022-01-04 20:58:45.121,60,241.17,
2022-01-04 20:58:45.129,60,241.17,
2022-01-04 20:58:45.141,60,241.17,
2022-01-04 20:58:45.149,60,241.17,
2022-01-04 20:58:45.161,60,241.17,
2022-01-04 20:58:45.174,60,241.17,
2022-01-04 20:58:45.183,60,241.17,
2022-01-04 20:58:45.196,60,241.17,
2022-01-04 20:58:45.206,60,241.17,
2022-01-04 20:58:45.214,60,241.17,
2022-01-04 20:58:45.224,60,241.17,
2022-01-04 20:58:45.236,60,241.17,
2022-01-04 20:58:45.244,60,241.17,
2022-01-04 20:58:45.256,60,241.17,
2022-01-04 20:58:45.264,60,241.17,
2022-01-04 20:58:45.277,60,241.17,
2022-01-04 20:58:45.285,60,241.17,
2022-01-04 20:58:45.297,60,241.17,
2022-01-04 20:58:45.309,60,241.17,
2022-01-04 20:58:45.318,60,241.17,
2022-01-04 20:58:45.330,60,241.17,
2022-01-04 20:58:45.338,60,241.17,
2022-01-04 20:58:45.350,60,241.17,
2022-01-04 20:58:45.358,60,241.17,
2022-01-04 20:58:45.371,60,241.17,
2022-01-04 20:58:45.379,60,241.17,
2022-01-04 20:58:45.391,60,241.17,
2022-01-04 20:58:45.400,60,241.17,
2022-01-04 20:58:45.412,60,241.17,
2022-01-04 20:58:45.420,60,240.82,
2022-01-04 20:58:45.432,60,241.17,
2022-01-04 20:58:45.444,60,241.17,
2022-01-04 20:58:45.453,60,241.17,
2022-01-04 20:58:45.465,60,241.17,
2022-01-04 20:58:45.473,60,241.17,
2022-01-04 20:58:45.486,60,241.17,
2022-01-04 20:58:45.494,60,241.17,
2022-01-04 20:58:45.506,60,241.17,
2022-01-04 20:58:45.514,60,241.17,
2022-01-04 20:58:45.526,60,241.17,
2022-01-04 20:58:45.535,60,241.17,
2022-01-04 20:58:45.547,60,241.17,
2022-01-04 20:58:45.561,60,241.17,
2022-01-04 20:58:45.572,60,241.17,
2022-01-04 20:58:45.582,60,241.17,
2022-01-04 20:58:45.588,60,241.17,
2022-01-04 20:58:45.600,60,241.17,
2022-01-04 20:58:45.608,60,241.17,
2022-01-04 20:58:45.620,60,241.17,
2022-01-04 20:58:45.628,130,241.17,
2022-01-04 20:58:45.641,130,241.17,
2022-01-04 20:58:45.653,130,241.17,
2022-01-04 20:58:45.666,130,241.17,
2022-01-04 20:58:45.674,130,241.17,
2022-01-04 20:58:45.686,130,241.17,
2022-01-04 20:58:45.698,130,241.52,
2022-01-04 20:58:45.711,130,241.88,
2022-01-04 20:58:45.723,130,241.88,
2022-01-04 20:58:45.731,130,241.88,
2022-01-04 20:58:45.744,130,242.23,
2022-01-04 20:58:45.756,130,242.58,
2022-01-04 20:58:45.768,130,243.28,
2022-01-04 20:58:45.780,130,243.28,
2022-01-04 20:58:45.789,130,244.34,
2022-01-04 20:58:45.801,130,244.69,
2022-01-04 20:58:45.813,130,245.39,
2022-01-04 20:58:45.825,130,246.09,
2022-01-04 20:58:45.838,130,247.15,
2022-01-04 20:58:45.846,130,247.85,
2022-01-04 20:58:45.858,130,248.91,
2022-01-04 20:58:45.871,130,249.96,
2022-01-04 20:58:45.883,130,250.66,
2022-01-04 20:58:45.895,130,252.07,
2022-01-04 20:58:45.904,130,253.13,
2022-01-04 20:58:45.916,130,254.53,
2022-01-04 20:58:45.928,130,255.94,
2022-01-04 20:58:45.940,130,257.34,
2022-01-04 20:58:45.953,130,258.40,
2022-01-04 20:58:45.961,130,259.80,
2022-01-04 20:58:45.973,130,261.21,
2022-01-04 20:58:45.985,130,262.62,
2022-01-04 20:58:45.998,130,264.02,
2022-01-04 20:58:46.009,130,265.43,
2022-01-04 20:58:46.018,130,266.84,
2022-01-04 20:58:46.030,130,268.24,
2022-01-04 20:58:46.042,130,270.00,
2022-01-04 20:58:46.054,130,271.41,
2022-01-04 20:58:46.067,130,272.81,
2022-01-04 20:58:46.075,130,274.22,
2022-01-04 20:58:46.088,130,275.63,
2022-01-04 20:58:46.100,130,277.03,
2022-01-04 20:58:46.112,130,278.44,
2022-01-04 20:58:46.124,130,279.84,
2022-01-04 20:58:46.133,130,280.90,
2022-01-04 20:58:46.144,130,282.30,
2022-01-04 20:58:46.157,130,283.71,
2022-01-04 20:58:46.169,130,284.77,
2022-01-04 20:58:46.177,130,286.17,
2022-01-04 20:58:46.190,130,287.23,
2022-01-04 20:58:46.202,130,287.93,
2022-01-04 20:58:46.217,130,288.98,
2022-01-04 20:58:46.227,130,290.04,
2022-01-04 20:58:46.235,130,291.09,
2022-01-04 20:58:46.247,130,291.80,
2022-01-04 20:58:46.260,130,292.15,
2022-01-04 20:58:46.272,130,293.20,
2022-01-04 20:58:46.285,130,293.91,
2022-01-04 20:58:46.292,130,294.26,
2022-01-04 20:58:46.305,130,294.96,
2022-01-04 20:58:46.317,130,294.96,
2022-01-04 20:58:46.329,130,296.02,
2022-01-04 20:58:46.341,130,296.02,
2022-01-04 20:58:46.350,130,296.37,
2022-01-04 20:58:46.362,130,296.37,
2022-01-04 20:58:46.374,130,296.72,
2022-01-04 20:58:46.386,130,296.72,
2022-01-04 20:58:46.399,130,296.37,
2022-01-04 20:58:46.407,130,296.72,
2022-01-04 20:58:46.420,130,296.72,
2022-01-04 20:58:46.431,130,296.37,
2022-01-04 20:58:46.443,130,296.02,
2022-01-04 20:58:46.456,130,295.66,
2022-01-04 20:58:46.464,130,295.66,
2022-01-04 20:58:46.477,130,295.31,
2022-01-04 20:58:46.489,130,295.31,
2022-01-04 20:58:46.502,130,294.61,
2022-01-04 20:58:46.513,130,294.61,
2022-01-04 20:58:46.521,130,293.91,
2022-01-04 20:58:46.534,130,293.55,
2022-01-04 20:58:46.546,130,293.20,
2022-01-04 20:58:46.559,130,292.50,
2022-01-04 20:58:46.571,130,292.15,
2022-01-04 20:58:46.579,130,291.45,
2022-01-04 20:58:46.591,130,291.09,
2022-01-04 20:58:46.603,130,290.39,
2022-01-04 20:58:46.616,130,289.69,
2022-01-04 20:58:46.624,130,289.34,
2022-01-04 20:58:46.637,130,288.63,
2022-01-04 20:58:46.648,130,288.28,
2022-01-04 20:58:46.661,130,287.23,
2022-01-04 20:58:46.673,130,287.23,
2022-01-04 20:58:46.681,130,286.17,
2022-01-04 20:58:46.694,130,285.47,
2022-01-04 20:58:46.706,130,284.77,
2022-01-04 20:58:46.718,130,284.41,
2022-01-04 20:58:46.731,130,283.71,
2022-01-04 20:58:46.739,130,283.01,
2022-01-04 20:58:46.751,130,282.30,
2022-01-04 20:58:46.764,130,281.95,
2022-01-04 20:58:46.776,130,281.25,
2022-01-04 20:58:46.788,130,280.55,
2022-01-04 20:58:46.796,130,279.84,
2022-01-04 20:58:46.808,130,279.14,
2022-01-04 20:58:46.820,130,278.44,
2022-01-04 20:58:46.833,130,278.44,
2022-01-04 20:58:46.845,130,277.38,
2022-01-04 20:58:46.853,130,277.03,
2022-01-04 20:58:46.866,130,276.68,
2022-01-04 20:58:46.878,130,275.98,
2022-01-04 20:58:46.891,130,275.63,
2022-01-04 20:58:46.903,130,274.92,
2022-01-04 20:58:46.911,130,274.57,
2022-01-04 20:58:46.923,130,274.22,
2022-01-04 20:58:46.935,130,273.52,
2022-01-04 20:58:46.948,130,273.16,
2022-01-04 20:58:46.960,130,273.16,
2022-01-04 20:58:46.968,130,272.81,
2022-01-04 20:58:46.980,130,272.46,
2022-01-04 20:58:46.993,130,272.11,
2022-01-04 20:58:47.005,130,271.76,
2022-01-04 20:58:47.018,130,271.41,
2022-01-04 20:58:47.025,130,271.05,
2022-01-04 20:58:47.038,130,271.05,
2022-01-04 20:58:47.050,130,271.05,
2022-01-04 20:58:47.062,130,271.05,
2022-01-04 20:58:47.074,130,270.70,
2022-01-04 20:58:47.083,130,270.70,
2022-01-04 20:58:47.095,130,270.70,
2022-01-04 20:58:47.107,130,270.35,
2022-01-04 20:58:47.120,130,270.70,
2022-01-04 20:58:47.128,130,270.35,
2022-01-04 20:58:47.140,130,270.70,
2022-01-04 20:58:47.152,130,270.70,
2022-01-04 20:58:47.165,130,270.70,
2022-01-04 20:58:47.177,130,270.70,
2022-01-04 20:58:47.185,130,270.70,
2022-01-04 20:58:47.197,130,271.05,
2022-01-04 20:58:47.210,130,271.41,
2022-01-04 20:58:47.222,130,271.41,
2022-01-04 20:58:47.234,130,271.76,
2022-01-04 20:58:47.242,130,271.76,
2022-01-04 20:58:47.255,130,271.76,
2022-01-04 20:58:47.267,130,272.11,
2022-01-04 20:58:47.280,130,272.46,
2022-01-04 20:58:47.292,130,272.46,
2022-01-04 20:58:47.300,130,272.81,
2022-01-04 20:58:47.312,130,273.16,
2022-01-04 20:58:47.324,130,273.16,
2022-01-04 20:58:47.337,130,273.16,
2022-01-04 20:58:47.349,130,273.52,
2022-01-04 20:58:47.357,130,273.87,
2022-01-04 20:58:47.369,130,274.22,
2022-01-04 20:58:47.382,130,274.57,
2022-01-04 20:58:47.394,130,274.57,
2022-01-04 20:58:47.407,130,274.92,
2022-01-04 20:58:47.414,130,274.92,
2022-01-04 20:58:47.426,130,274.92,
2022-01-04 20:58:47.439,130,275.63,
2022-01-04 20:58:47.451,130,275.63,
2022-01-04 20:58:47.463,130,275.98,
2022-01-04 20:58:47.472,130,276.33,
2022-01-04 20:58:47.484,130,276.68,
2022-01-04 20:58:47.496,130,277.03,
2022-01-04 20:58:47.509,130,277.03,
2022-01-04 20:58:47.522,130,277.38,
2022-01-04 20:58:47.529,130,277.38,
2022-01-04 20:58:47.541,130,277.73,
2022-01-04 20:58:47.554,130,277.73,
2022-01-04 20:58:47.566,130,278.09,
2022-01-04 20:58:47.574,130,278.09,
2022-01-04 20:58:47.586,130,278.44,
2022-01-04 20:58:47.599,130,278.79,
2022-01-04 20:58:47.611,130,278.79,
2022-01-04 20:58:47.623,130,279.14,
2022-01-04 20:58:47.632,130,279.14,
2022-01-04 20:58:47.644,130,279.49,
2022-01-04 20:58:47.656,130,279.49,
2022-01-04 20:58:47.669,130,279.49,
2022-01-04 20:58:47.681,130,279.84,
2022-01-04 20:58:47.689,130,279.84,
2022-01-04 20:58:47.702,130,280.20,
2022-01-04 20:58:47.714,130,280.20,
2022-01-04 20:58:47.726,130,280.20,
2022-01-04 20:58:47.738,130,280.20,
2022-01-04 20:58:47.746,130,280.20,
2022-01-04 20:58:47.758,130,280.55,
2022-01-04 20:58:47.771,130,280.55,
2022-01-04 20:58:47.784,130,280.90,
2022-01-04 20:58:47.796,130,280.90,
2022-01-04 20:58:47.804,130,280.55,
2022-01-04 20:58:47.816,130,280.55,
2022-01-04 20:58:47.828,130,280.55,
2022-01-04 20:58:47.841,130,280.90,
2022-01-04 20:58:47.852,130,280.90,
2022-01-04 20:58:47.861,130,280.90,
2022-01-04 20:58:47.873,130,280.55,
2022-01-04 20:58:47.886,130,280.55,
2022-01-04 20:58:47.898,130,280.55,
2022-01-04 20:58:47.910,130,280.55,
2022-01-04 20:58:47.919,130,280.55,
2022-01-04 20:58:47.931,130,280.55,
2022-01-04 20:58:47.943,130,280.90,
2022-01-04 20:58:47.955,130,280.55,
2022-01-04 20:58:47.967,130,280.55,
2022-01-04 20:58:47.976,130,280.55,
2022-01-04 20:58:47.988,130,280.55,
2022-01-04 20:58:48.000,130,280.20,
2022-01-04 20:58:48.012,130,280.20,
2022-01-04 20:58:48.021,130,280.20,
2022-01-04 20:58:48.033,130,280.20,
2022-01-04 20:58:48.045,130,280.20,
2022-01-04 20:58:48.057,130,280.20,
2022-01-04 20:58:48.069,130,279.84,
2022-01-04 20:58:48.078,130,279.84,
2022-01-04 20:58:48.090,130,279.49,
2022-01-04 20:58:48.102,130,279.84,
2022-01-04 20:58:48.115,130,279.84,
2022-01-04 20:58:48.127,130,279.49,
2022-01-04 20:58:48.135,130,279.49,
2022-01-04 20:58:48.147,130,279.49,
2022-01-04 20:58:48.160,130,279.14,
2022-01-04 20:58:48.172,130,279.14,
2022-01-04 20:58:48.184,130,279.14,
2022-01-04 20:58:48.193,130,278.79,
2022-01-04 20:58:48.205,130,279.14,
2022-01-04 20:58:48.217,130,279.14,
2022-01-04 20:58:48.229,130,278.79,
2022-01-04 20:58:48.241,130,278.79,
2022-01-04 20:58:48.250,130,278.79,
2022-01-04 20:58:48.262,130,278.79,
2022-01-04 20:58:48.275,130,278.44,
2022-01-04 20:58:48.287,130,278.79,
2022-01-04 20:58:48.299,130,278.44,
2022-01-04 20:58:48.308,130,278.44,
2022-01-04 20:58:48.320,130,278.09,
2022-01-04 20:58:48.331,130,278.09,
2022-01-04 20:58:48.344,130,278.44,
2022-01-04 20:58:48.356,130,278.09,
2022-01-04 20:58:48.365,130,278.44,
2022-01-04 20:58:48.376,130,278.09,
2022-01-04 20:58:48.390,130,278.09,
2022-01-04 20:58:48.402,130,278.09,
2022-01-04 20:58:48.413,130,278.09,
2022-01-04 20:58:48.422,130,278.09,
2022-01-04 20:58:48.435,130,278.09,
2022-01-04 20:58:48.446,130,278.09,
2022-01-04 20:58:48.459,130,277.73,
2022-01-04 20:58:48.472,130,277.73,
2022-01-04 20:58:48.479,130,277.73,
2022-01-04 20:58:48.492,130,277.73,
2022-01-04 20:58:48.504,130,277.73,
2022-01-04 20:58:48.516,130,277.73,
2022-01-04 20:58:48.525,130,277.73,
2022-01-04 20:58:48.537,130,277.73,
2022-01-04 20:58:48.549,130,277.73,
2022-01-04 20:58:48.561,130,277.73,
2022-01-04 20:58:48.574,130,277.73,
2022-01-04 20:58:48.582,130,277.73,
2022-01-04 20:58:48.594,130,277.73,
2022-01-04 20:58:48.606,130,277.73,
2022-01-04 20:58:48.618,130,277.38,
2022-01-04 20:58:48.631,130,277.73,
2022-01-04 20:58:48.639,130,277.38,
2022-01-04 20:58:48.651,130,277.38,
2022-01-04 20:58:48.663,130,277.38,
2022-01-04 20:58:48.676,130,277.38,
2022-01-04 20:58:48.688,130,277.73,
2022-01-04 20:58:48.696,130,277.38,
2022-01-04 20:58:48.709,130,277.38,
2022-01-04 20:58:48.721,130,277.38,
2022-01-04 20:58:48.733,130,277.38,
2022-01-04 20:58:48.746,130,277.38,
2022-01-04 20:58:48.754,130,277.38,
2022-01-04 20:58:48.766,130,277.38,
2022-01-04 20:58:48.778,130,277.38,
2022-01-04 20:58:48.790,130,277.73,
2022-01-04 20:58:48.803,130,277.38,
2022-01-04 20:58:48.811,130,277.38,
2022-01-04 20:58:48.824,130,277.38,
2022-01-04 20:58:48.836,130,277.38,
2022-01-04 20:58:48.848,130,277.73,
2022-01-04 20:58:48.860,130,277.38,
2022-01-04 20:58:48.868,130,277.38,
2022-01-04 20:58:48.881,130,277.38,
2022-01-04 20:58:48.893,130,277.73,
2022-01-04 20:58:48.905,130,277.73,
2022-01-04 20:58:48.918,130,277.38,
2022-01-04 20:58:48.925,130,277.73,
2022-01-04 20:58:48.938,130,277.73,
2022-01-04 20:58:48.951,130,277.73,
2022-01-04 20:58:48.963,130,277.73,
2022-01-04 20:58:48.971,130,277.73,
2022-01-04 20:58:48.983,130,277.73,
2022-01-04 20:58:48.995,130,277.73,
2022-01-04 20:58:49.007,130,278.09,
2022-01-04 20:58:49.020,130,277.73,
2022-01-04 20:58:49.028,130,277.73,
2022-01-04 20:58:49.041,130,277.73,
2022-01-04 20:58:49.053,130,277.73,
2022-01-04 20:58:49.065,110,277.73,
2022-01-04 20:58:49.078,110,277.73,
2022-01-04 20:58:49.085,110,278.09,
2022-01-04 20:58:49.098,110,277.73,
2022-01-04 20:58:49.110,110,277.73,
2022-01-04 20:58:49.123,110,277.73,
2022-01-04 20:58:49.134,110,277.73,
2022-01-04 20:58:49.142,110,277.38,
2022-01-04 20:58:49.155,110,277.73,
2022-01-04 20:58:49.167,110,277.38,
2022-01-04 20:58:49.180,110,277.38,
2022-01-04 20:58:49.192,110,277.38,
2022-01-04 20:58:49.200,110,277.03,
2022-01-04 20:58:49.212,110,277.03,
2022-01-04 20:58:49.225,110,276.68,
2022-01-04 20:58:49.237,110,276.33,
2022-01-04 20:58:49.250,110,275.98,
2022-01-04 20:58:49.258,110,275.63,
2022-01-04 20:58:49.270,110,275.27,
2022-01-04 20:58:49.282,110,274.92,
2022-01-04 20:58:49.294,110,274.57,
2022-01-04 20:58:49.307,110,274.22,
2022-01-04 20:58:49.315,110,274.22,
2022-01-04 20:58:49.327,110,273.52,
2022-01-04 20:58:49.339,110,273.16,
2022-01-04 20:58:49.352,110,272.46,
2022-01-04 20:58:49.364,110,272.11,
2022-01-04 20:58:49.372,110,271.76,
2022-01-04 20:58:49.385,110,271.41,
2022-01-04 20:58:49.397,110,270.70,
2022-01-04 20:58:49.409,110,270.35,
2022-01-04 20:58:49.422,110,269.65,
2022-01-04 20:58:49.430,110,269.30,
2022-01-04 20:58:49.442,110,268.59,
2022-01-04 20:58:49.454,110,268.24,
2022-01-04 20:58:49.467,110,267.54,
2022-01-04 20:58:49.475,110,267.54,
2022-01-04 20:58:49.487,110,266.48,
2022-01-04 20:58:49.499,110,266.13,
2022-01-04 20:58:49.511,110,265.78,
2022-01-04 20:58:49.524,110,265.08,
2022-01-04 20:58:49.531,110,264.73,
2022-01-04 20:58:49.544,110,264.02,
2022-01-04 20:58:49.556,110,263.67,
2022-01-04 20:58:49.569,110,263.32,
2022-01-04 20:58:49.581,110,262.97,
2022-01-04 20:58:49.589,110,262.27,
2022-01-04 20:58:49.602,110,261.91,
2022-01-04 20:58:49.614,110,261.91,
2022-01-04 20:58:49.626,110,261.56,
2022-01-04 20:58:49.638,110,260.86,
2022-01-04 20:58:49.646,110,260.51,
2022-01-04 20:58:49.659,110,260.16,
2022-01-04 20:58:49.671,110,260.16,
2022-01-04 20:58:49.683,110,259.80,
2022-01-04 20:58:49.696,110,259.80,
2022-01-04 20:58:49.704,110,259.45,
2022-01-04 20:58:49.716,110,259.45,
2022-01-04 20:58:49.728,110,259.45,
2022-01-04 20:58:49.741,110,259.10,
2022-01-04 20:58:49.753,110,258.75,
2022-01-04 20:58:49.762,110,258.75,
2022-01-04 20:58:49.774,110,258.75,
2022-01-04 20:58:49.786,110,259.10,
2022-01-04 20:58:49.798,110,259.10,
2022-01-04 20:58:49.811,110,258.75,
2022-01-04 20:58:49.819,110,259.10,
2022-01-04 20:58:49.831,110,258.75,
2022-01-04 20:58:49.843,110,259.10,
2022-01-04 20:58:49.856,110,259.10,
2022-01-04 20:58:49.868,110,259.45,
2022-01-04 20:58:49.876,110,259.45,
2022-01-04 20:58:49.888,110,259.80,
2022-01-04 20:58:49.901,110,259.80,
2022-01-04 20:58:49.913,110,259.80,
2022-01-04 20:58:49.921,110,260.16,
2022-01-04 20:58:49.934,110,260.51,
2022-01-04 20:58:49.946,110,260.51,
2022-01-04 20:58:49.958,110,260.86,
2022-01-04 20:58:49.971,110,261.21,
2022-01-04 20:58:49.979,110,261.21,
2022-01-04 20:58:49.991,110,261.56,
2022-01-04 20:58:50.003,110,261.56,
2022-01-04 20:58:50.015,110,262.27,
2022-01-04 20:58:50.028,110,262.27,
2022-01-04 20:58:50.036,110,262.62,
2022-01-04 20:58:50.048,110,262.62,
2022-01-04 20:58:50.060,110,262.97,
2022-01-04 20:58:50.073,110,262.97,
2022-01-04 20:58:50.085,110,263.32,
2022-01-04 20:58:50.093,110,263.67,
2022-01-04 20:58:50.106,110,264.02,
2022-01-04 20:58:50.118,110,264.38,
2022-01-04 20:58:50.129,110,264.38,
2022-01-04 20:58:50.143,110,264.73,
2022-01-04 20:58:50.151,110,265.08,
2022-01-04 20:58:50.163,110,265.08,
2022-01-04 20:58:50.176,110,265.08,
2022-01-04 20:58:50.188,110,265.43,
2022-01-04 20:58:50.200,110,265.43,
2022-01-04 20:58:50.208,110,265.78,
2022-01-04 20:58:50.220,110,265.78,
2022-01-04 20:58:50.233,110,265.78,
2022-01-04 20:58:50.245,110,266.13,
2022-01-04 20:58:50.257,110,266.13,
2022-01-04 20:58:50.265,110,266.13,
2022-01-04 20:58:50.278,110,266.13,
2022-01-04 20:58:50.290,110,266.48,
2022-01-04 20:58:50.302,110,266.48,
2022-01-04 20:58:50.314,110,266.48,
2022-01-04 20:58:50.322,110,266.48,
2022-01-04 20:58:50.335,110,266.48,
2022-01-04 20:58:50.347,110,266.48,
2022-01-04 20:58:50.359,110,266.48,
2022-01-04 20:58:50.368,110,266.48,
2022-01-04 20:58:50.379,110,266.48,
2022-01-04 20:58:50.392,110,266.13,
2022-01-04 20:58:50.405,110,266.48,
2022-01-04 20:58:50.417,110,266.13,
2022-01-04 20:58:50.425,110,266.48,
2022-01-04 20:58:50.437,110,266.48,
2022-01-04 20:58:50.449,110,266.48,
2022-01-04 20:58:50.462,110,266.48,
2022-01-04 20:58:50.474,110,266.13,
2022-01-04 20:58:50.483,110,266.13,
2022-01-04 20:58:50.495,110,266.13,
2022-01-04 20:58:50.508,110,265.78,
2022-01-04 20:58:50.519,110,265.78,
2022-01-04 20:58:50.532,110,266.13,
2022-01-04 20:58:50.540,110,265.78,
2022-01-04 20:58:50.552,110,265.78,
2022-01-04 20:58:50.564,110,265.78,
2022-01-04 20:58:50.576,110,265.78,
2022-01-04 20:58:50.589,110,265.43,
2022-01-04 20:58:50.597,110,265.43,
2022-01-04 20:58:50.609,110,265.43,
2022-01-04 20:58:50.622,110,265.43,
2022-01-04 20:58:50.634,110,265.08,
2022-01-04 20:58:50.646,110,265.43,
2022-01-04 20:58:50.655,110,265.08,
2022-01-04 20:58:50.666,110,265.08,
2022-01-04 20:58:50.679,110,265.08,
2022-01-04 20:58:50.691,110,265.43,
2022-01-04 20:58:50.704,110,265.08,
2022-01-04 20:58:50.712,110,265.08,
2022-01-04 20:58:50.724,110,265.08,
2022-01-04 20:58:50.737,110,265.08,
2022-01-04 20:58:50.749,110,265.08,
2022-01-04 20:58:50.761,110,265.08,
2022-01-04 20:58:50.769,110,265.08,
2022-01-04 20:58:50.781,110,265.08,
2022-01-04 20:58:50.793,110,265.08,
2022-01-04 20:58:50.806,110,265.08,
2022-01-04 20:58:50.818,110,265.08,
2022-01-04 20:58:50.827,110,265.08,
2022-01-04 20:58:50.839,110,265.08,
2022-01-04 20:58:50.851,110,265.08,
2022-01-04 20:58:50.863,110,265.08,
2022-01-04 20:58:50.872,110,265.08,
2022-01-04 20:58:50.884,110,265.08,
2022-01-04 20:58:50.896,110,265.08,
2022-01-04 20:58:50.909,110,265.08,
2022-01-04 20:58:50.921,110,265.08,
2022-01-04 20:58:50.929,110,265.08,
2022-01-04 20:58:50.941,110,265.08,
2022-01-04 20:58:50.953,110,265.08,
2022-01-04 20:58:50.965,110,265.08,
2022-01-04 20:58:50.978,110,265.08,
2022-01-04 20:58:50.986,110,265.08,
2022-01-04 20:58:50.999,110,265.08,
2022-01-04 20:58:51.011,110,265.08,
2022-01-04 20:58:51.023,110,265.08,
2022-01-04 20:58:51.036,110,265.08,
2022-01-04 20:58:51.044,110,265.08,
2022-01-04 20:58:51.056,110,265.08,
2022-01-04 20:58:51.068,110,265.08,
2022-01-04 20:58:51.080,110,265.08,
2022-01-04 20:58:51.092,110,265.43,
2022-01-04 20:58:51.100,110,265.08,
2022-01-04 20:58:51.113,110,265.43,
2022-01-04 20:58:51.126,110,265.08,
2022-01-04 20:58:51.138,110,265.08,
2022-01-04 20:58:51.150,110,265.43,
2022-01-04 20:58:51.159,110,265.08,
2022-01-04 20:58:51.171,110,265.08,
2022-01-04 20:58:51.183,110,265.43,
2022-01-04 20:58:51.195,110,265.43,
2022-01-04 20:58:51.207,110,265.43,
2022-01-04 20:58:51.215,110,265.43,
2022-01-04 20:58:51.228,110,265.43,
2022-01-04 20:58:51.240,110,265.08,
2022-01-04 20:58:51.255,110,265.43,
2022-01-04 20:58:51.268,110,265.43,
2022-01-04 20:58:51.273,110,265.43,
2022-01-04 20:58:51.285,110,265.43,
2022-01-04 20:58:51.298,110,265.43,
2022-01-04 20:58:51.309,110,265.43,
2022-01-04 20:58:51.318,110,265.43,
2022-01-04 20:58:51.330,110,265.43,
2022-01-04 20:58:51.343,110,265.43,
2022-01-04 20:58:51.355,110,265.43,
2022-01-04 20:58:51.367,110,265.43,
2022-01-04 20:58:51.376,110,265.78,
2022-01-04 20:58:51.387,110,265.43,
2022-01-04 20:58:51.400,110,265.43,
2022-01-04 20:58:51.412,110,265.43,
2022-01-04 20:58:51.425,110,265.43,
2022-01-04 20:58:51.433,110,265.43,
2022-01-04 20:58:51.445,110,265.43,
2022-01-04 20:58:51.457,110,265.43,
2022-01-04 20:58:51.470,110,265.78,
2022-01-04 20:58:51.481,110,265.78,
2022-01-04 20:58:51.490,110,265.43,
2022-01-04 20:58:51.503,110,265.78,
2022-01-04 20:58:51.515,110,265.43,
2022-01-04 20:58:51.526,110,265.43,
2022-01-04 20:58:51.539,110,265.43,
2022-01-04 20:58:51.547,110,265.43,
2022-01-04 20:58:51.559,110,265.43,
2022-01-04 20:58:51.572,110,265.78,
2022-01-04 20:58:51.584,110,265.43,
2022-01-04 20:58:51.597,110,265.43,
2022-01-04 20:58:51.605,110,265.43,
2022-01-04 20:58:51.617,110,265.43,
2022-01-04 20:58:51.629,110,265.43,
2022-01-04 20:58:51.641,110,265.43,
2022-01-04 20:58:51.653,110,265.43,
2022-01-04 20:58:51.661,110,265.43,
2022-01-04 20:58:51.674,110,265.43,
2022-01-04 20:58:51.687,110,265.43,
2022-01-04 20:58:51.699,110,265.43,
2022-01-04 20:58:51.711,110,265.43,
2022-01-04 20:58:51.720,110,265.43,
2022-01-04 20:58:51.732,110,265.08,
2022-01-04 20:58:51.744,110,265.43,
2022-01-04 20:58:51.756,110,265.43,
2022-01-04 20:58:51.769,110,265.43,
2022-01-04 20:58:51.777,110,265.43,
2022-01-04 20:58:51.789,110,265.08,
2022-01-04 20:58:51.801,110,265.43,
2022-01-04 20:58:51.814,110,265.08,
2022-01-04 20:58:51.822,110,265.43,
2022-01-04 20:58:51.835,110,265.08,
2022-01-04 20:58:51.846,110,265.43,
2022-01-04 20:58:51.859,110,265.08,
2022-01-04 20:58:51.871,110,265.43,
2022-01-04 20:58:51.879,110,265.43,
2022-01-04 20:58:51.891,110,265.08,
2022-01-04 20:58:51.904,110,265.43,
2022-01-04 20:58:51.916,110,265.08,
2022-01-04 20:58:51.928,110,265.43,
2022-01-04 20:58:51.937,110,265.08,
2022-01-04 20:58:51.949,110,265.43,
2022-01-04 20:58:51.960,110,265.43,
2022-01-04 20:58:51.973,110,265.43,
2022-01-04 20:58:51.986,110,265.43,
2022-01-04 20:58:51.994,110,265.43,
2022-01-04 20:58:52.006,110,265.43,
2022-01-04 20:58:52.018,110,265.43,
2022-01-04 20:58:52.031,110,265.43,
2022-01-04 20:58:52.043,110,265.43,
2022-01-04 20:58:52.051,110,265.43,
2022-01-04 20:58:52.063,110,265.43,
2022-01-04 20:58:52.075,110,265.43,
2022-01-04 20:58:52.088,110,265.43,
2022-01-04 20:58:52.100,110,265.43,
2022-01-04 20:58:52.109,110,265.43,
2022-01-04 20:58:52.121,110,265.78,
2022-01-04 20:58:52.133,110,265.43,
2022-01-04 20:58:52.145,110,265.43,
2022-01-04 20:58:52.158,110,265.43,
2022-01-04 20:58:52.165,110,265.43,
2022-01-04 20:58:52.181,110,265.43,
2022-01-04 20:58:52.191,110,265.43,
2022-01-04 20:58:52.203,110,265.43,
2022-01-04 20:58:52.215,110,265.43,
2022-01-04 20:58:52.223,110,265.43,
2022-01-04 20:58:52.235,110,265.43,
2022-01-04 20:58:52.248,110,265.43,
2022-01-04 20:58:52.260,110,265.43,
2022-01-04 20:58:52.268,110,265.43,
2022-01-04 20:58:52.280,110,265.43,
2022-01-04 20:58:52.293,110,265.43,
2022-01-04 20:58:52.305,110,265.43,
2022-01-04 20:58:52.317,110,265.43,
2022-01-04 20:58:52.325,110,265.43,
2022-01-04 20:58:52.338,110,265.43,
2022-01-04 20:58:52.350,110,265.43,
2022-01-04 20:58:52.362,110,265.43,
2022-01-04 20:58:52.375,110,265.43,
2022-01-04 20:58:52.383,110,265.43,
2022-01-04 20:58:52.395,110,265.43,
2022-01-04 20:58:52.407,110,265.43,
2022-01-04 20:58:52.420,110,265.43,
2022-01-04 20:58:52.432,110,265.43,
2022-01-04 20:58:52.440,110,265.43,
2022-01-04 20:58:52.453,110,265.78,
2022-01-04 20:58:52.465,110,265.78,
2022-01-04 20:58:52.477,110,265.43,
2022-01-04 20:58:52.490,110,265.43,
2022-01-04 20:58:52.498,140,265.43,
2022-01-04 20:58:52.509,140,265.43,
2022-01-04 20:58:52.522,140,265.43,
2022-01-04 20:58:52.535,140,265.78,
2022-01-04 20:58:52.547,140,265.78,
2022-01-04 20:58:52.555,140,265.78,
2022-01-04 20:58:52.567,140,265.78,
2022-01-04 20:58:52.580,140,265.78,
2022-01-04 20:58:52.592,140,266.13,
2022-01-04 20:58:52.604,140,266.13,
2022-01-04 20:58:52.612,140,266.48,
2022-01-04 20:58:52.624,140,266.48,
2022-01-04 20:58:52.637,140,266.84,
2022-01-04 20:58:52.649,140,266.84,
2022-01-04 20:58:52.661,140,267.19,
2022-01-04 20:58:52.670,140,267.54,
2022-01-04 20:58:52.682,140,267.54,
2022-01-04 20:58:52.694,140,268.24,
2022-01-04 20:58:52.707,140,268.59,
2022-01-04 20:58:52.719,140,269.30,
2022-01-04 20:58:52.727,140,269.65,
2022-01-04 20:58:52.739,140,270.00,
2022-01-04 20:58:52.751,140,270.70,
2022-01-04 20:58:52.765,140,271.41,
2022-01-04 20:58:52.772,140,271.76,
2022-01-04 20:58:52.784,140,272.11,
2022-01-04 20:58:52.796,140,273.16,
2022-01-04 20:58:52.809,140,273.52,
2022-01-04 20:58:52.821,140,274.22,
2022-01-04 20:58:52.829,140,274.92,
2022-01-04 20:58:52.842,140,275.63,
2022-01-04 20:58:52.854,140,275.98,
2022-01-04 20:58:52.866,140,277.03,
2022-01-04 20:58:52.878,140,277.73,
2022-01-04 20:58:52.887,140,278.44,
2022-01-04 20:58:52.899,140,279.14,
2022-01-04 20:58:52.911,140,279.84,
2022-01-04 20:58:52.924,140,280.55,
2022-01-04 20:58:52.936,140,281.60,
2022-01-04 20:58:52.944,140,282.30,
2022-01-04 20:58:52.956,140,282.66,
2022-01-04 20:58:52.969,140,283.36,
2022-01-04 20:58:52.980,140,284.06,
2022-01-04 20:58:52.993,140,284.77,
2022-01-04 20:58:53.002,140,285.47,
2022-01-04 20:58:53.013,140,286.17,
2022-01-04 20:58:53.026,140,286.88,
2022-01-04 20:58:53.038,140,287.23,
2022-01-04 20:58:53.051,140,288.28,
2022-01-04 20:58:53.059,140,288.63,
2022-01-04 20:58:53.071,140,288.98,
2022-01-04 20:58:53.084,140,289.69,
2022-01-04 20:58:53.095,140,290.04,
2022-01-04 20:58:53.108,140,291.09,
2022-01-04 20:58:53.115,140,291.45,
2022-01-04 20:58:53.128,140,291.80,
2022-01-04 20:58:53.141,140,292.15,
2022-01-04 20:58:53.153,140,292.50,
2022-01-04 20:58:53.165,140,292.85,
2022-01-04 20:58:53.173,140,292.85,
2022-01-04 20:58:53.185,140,293.55,
2022-01-04 20:58:53.198,140,293.55,
2022-01-04 20:58:53.210,140,293.91,
2022-01-04 20:58:53.218,140,293.91,
2022-01-04 20:58:53.230,140,294.26,
2022-01-04 20:58:53.243,140,294.61,
2022-01-04 20:58:53.255,140,294.61,
2022-01-04 20:58:53.268,140,294.61,
2022-01-04 20:58:53.276,140,294.61,
2022-01-04 20:58:53.288,140,294.61,
2022-01-04 20:58:53.300,140,294.61,
2022-01-04 20:58:53.313,140,294.26,
2022-01-04 20:58:53.325,140,294.61,
2022-01-04 20:58:53.333,140,294.61,
2022-01-04 20:58:53.346,140,294.26,
2022-01-04 20:58:53.358,140,294.26,
2022-01-04 20:58:53.370,140,293.91,
2022-01-04 20:58:53.382,140,293.91,
2022-01-04 20:58:53.390,140,293.91,
2022-01-04 20:58:53.403,140,293.91,
2022-01-04 20:58:53.415,140,293.55,
2022-01-04 20:58:53.427,140,293.20,
2022-01-04 20:58:53.440,140,293.20,
2022-01-04 20:58:53.448,140,292.85,
2022-01-04 20:58:53.460,140,292.85,
2022-01-04 20:58:53.472,140,292.50,
2022-01-04 20:58:53.484,140,292.50,
2022-01-04 20:58:53.496,140,292.50,
2022-01-04 20:58:53.505,140,292.15,
2022-01-04 20:58:53.517,140,292.15,
2022-01-04 20:58:53.529,140,291.80,
2022-01-04 20:58:53.542,140,291.45,
2022-01-04 20:58:53.554,140,291.45,
2022-01-04 20:58:53.562,140,290.74,
2022-01-04 20:58:53.574,140,291.09,
2022-01-04 20:58:53.587,140,290.74,
2022-01-04 20:58:53.599,140,290.39,
2022-01-04 20:58:53.611,140,290.04,
2022-01-04 20:58:53.619,140,290.04,
2022-01-04 20:58:53.632,140,290.04,
2022-01-04 20:58:53.644,140,289.69,
2022-01-04 20:58:53.657,140,289.69,
2022-01-04 20:58:53.664,140,289.34,
2022-01-04 20:58:53.677,140,289.34,
2022-01-04 20:58:53.690,140,288.98,
2022-01-04 20:58:53.702,140,288.63,
2022-01-04 20:58:53.714,140,288.63,
2022-01-04 20:58:53.722,140,288.63,
2022-01-04 20:58:53.734,140,288.28,
2022-01-04 20:58:53.746,140,288.28,
2022-01-04 20:58:53.759,140,287.93,
2022-01-04 20:58:53.772,140,288.28,
2022-01-04 20:58:53.780,140,287.93,
2022-01-04 20:58:53.792,140,287.93,
2022-01-04 20:58:53.804,140,287.58,
2022-01-04 20:58:53.816,140,287.58,
2022-01-04 20:58:53.829,140,287.58,
2022-01-04 20:58:53.837,140,287.23,
2022-01-04 20:58:53.849,140,287.23,
2022-01-04 20:58:53.861,140,287.23,
2022-01-04 20:58:53.874,140,287.23,
2022-01-04 20:58:53.886,140,287.23,
2022-01-04 20:58:53.894,140,287.23,
2022-01-04 20:58:53.906,140,287.23,
2022-01-04 20:58:53.919,140,286.88,
2022-01-04 20:58:53.931,140,286.88,
2022-01-04 20:58:53.943,140,286.88,
2022-01-04 20:58:53.951,140,286.88,
2022-01-04 20:58:53.964,140,287.23,
2022-01-04 20:58:53.976,140,286.88,
2022-01-04 20:58:53.989,140,286.88,
2022-01-04 20:58:54.001,140,286.88,
2022-01-04 20:58:54.009,140,286.88,
2022-01-04 20:58:54.021,140,286.88,
2022-01-04 20:58:54.034,140,286.88,
2022-01-04 20:58:54.046,140,287.23,
2022-01-04 20:58:54.058,140,286.88,
2022-01-04 20:58:54.066,140,287.23,
2022-01-04 20:58:54.078,140,287.23,
2022-01-04 20:58:54.091,140,286.88,
2022-01-04 20:58:54.103,140,287.23,
2022-01-04 20:58:54.115,140,286.88,
2022-01-04 20:58:54.123,140,287.23,
2022-01-04 20:58:54.136,140,287.23,
2022-01-04 20:58:54.148,140,287.58,
2022-01-04 20:58:54.161,140,287.58,
2022-01-04 20:58:54.169,140,287.23,
2022-01-04 20:58:54.181,140,287.58,
2022-01-04 20:58:54.193,140,287.58,
2022-01-04 20:58:54.206,140,287.58,
2022-01-04 20:58:54.217,140,287.58,
2022-01-04 20:58:54.225,140,287.58,
2022-01-04 20:58:54.239,140,287.93,
2022-01-04 20:58:54.250,140,287.58,
2022-01-04 20:58:54.263,140,287.93,
2022-01-04 20:58:54.275,140,287.93,
2022-01-04 20:58:54.283,140,287.93,
2022-01-04 20:58:54.296,140,288.28,
2022-01-04 20:58:54.308,140,287.93,
2022-01-04 20:58:54.320,140,288.28,
2022-01-04 20:58:54.332,140,288.28,
2022-01-04 20:58:54.340,140,288.28,
2022-01-04 20:58:54.353,140,288.28,
2022-01-04 20:58:54.365,140,288.28,
2022-01-04 20:58:54.378,140,288.63,
2022-01-04 20:58:54.390,140,288.63,
2022-01-04 20:58:54.398,140,288.63,
2022-01-04 20:58:54.410,140,288.63,
2022-01-04 20:58:54.423,140,288.28,
2022-01-04 20:58:54.435,140,288.63,
2022-01-04 20:58:54.447,140,288.63,
2022-01-04 20:58:54.455,140,288.98,
2022-01-04 20:58:54.467,140,288.98,
2022-01-04 20:58:54.480,140,288.98,
2022-01-04 20:58:54.492,140,288.98,
2022-01-04 20:58:54.505,140,288.98,
2022-01-04 20:58:54.513,140,288.98,
2022-01-04 20:58:54.525,140,288.98,
2022-01-04 20:58:54.537,140,288.98,
2022-01-04 20:58:54.550,140,289.34,
2022-01-04 20:58:54.561,140,288.98,
2022-01-04 20:58:54.569,140,289.34,
2022-01-04 20:58:54.582,140,288.98,
2022-01-04 20:58:54.594,140,289.34,
2022-01-04 20:58:54.606,140,289.34,
2022-01-04 20:58:54.614,140,289.34,
2022-01-04 20:58:54.627,140,289.69,
2022-01-04 20:58:54.639,140,289.34,
2022-01-04 20:58:54.651,140,289.34,
2022-01-04 20:58:54.664,140,289.34,
2022-01-04 20:58:54.672,140,289.34,
2022-01-04 20:58:54.684,140,289.69,
2022-01-04 20:58:54.697,140,289.34,
2022-01-04 20:58:54.709,140,289.34,
2022-01-04 20:58:54.721,140,289.34,
2022-01-04 20:58:54.729,140,289.34,
2022-01-04 20:58:54.742,140,289.34,
2022-01-04 20:58:54.754,140,289.34,
2022-01-04 20:58:54.766,140,289.69,
2022-01-04 20:58:54.779,140,289.34,
2022-01-04 20:58:54.787,140,289.34,
2022-01-04 20:58:54.800,140,289.34,
2022-01-04 20:58:54.812,140,289.34,
2022-01-04 20:58:54.824,140,289.69,
2022-01-04 20:58:54.836,140,289.34,
2022-01-04 20:58:54.844,140,289.34,
2022-01-04 20:58:54.857,140,289.34,
2022-01-04 20:58:54.869,140,289.34,
2022-01-04 20:58:54.881,140,289.34,
2022-01-04 20:58:54.893,140,289.34,
2022-01-04 20:58:54.901,140,289.34,
2022-01-04 20:58:54.914,140,289.34,
2022-01-04 20:58:54.926,140,289.34,
2022-01-04 20:58:54.939,140,289.34,
2022-01-04 20:58:54.951,140,288.98,
2022-01-04 20:58:54.959,140,288.98,
2022-01-04 20:58:54.971,140,289.34,
2022-01-04 20:58:54.984,140,288.98,
2022-01-04 20:58:54.996,140,288.98,
2022-01-04 20:58:55.008,140,288.98,
2022-01-04 20:58:55.017,140,289.34,
2022-01-04 20:58:55.029,140,288.98,
2022-01-04 20:58:55.041,140,289.34,
2022-01-04 20:58:55.053,140,289.34,
2022-01-04 20:58:55.066,140,288.98,
2022-01-04 20:58:55.074,140,288.98,
2022-01-04 20:58:55.086,140,288.98,
2022-01-04 20:58:55.098,140,288.98,
2022-01-04 20:58:55.110,140,288.98,
2022-01-04 20:58:55.119,140,288.98,
2022-01-04 20:58:55.131,140,288.98,
2022-01-04 20:58:55.144,140,288.98,
2022-01-04 20:58:55.156,140,288.98,
2022-01-04 20:58:55.167,140,288.98,
2022-01-04 20:58:55.175,140,288.98,
2022-01-04 20:58:55.189,140,288.98,
2022-01-04 20:58:55.201,140,288.98,
2022-01-04 20:58:55.213,140,289.34,
2022-01-04 20:58:55.225,140,288.98,
2022-01-04 20:58:55.234,140,288.98,
2022-01-04 20:58:55.246,140,288.98,
2022-01-04 20:58:55.259,140,288.63,
2022-01-04 20:58:55.271,140,288.98,
2022-01-04 20:58:55.283,140,288.98,
2022-01-04 20:58:55.291,140,288.98,
2022-01-04 20:58:55.303,140,288.98,
2022-01-04 20:58:55.316,140,288.98,
2022-01-04 20:58:55.328,140,288.98,
2022-01-04 20:58:55.340,140,288.98,
2022-01-04 20:58:55.348,140,288.98,
2022-01-04 20:58:55.360,140,288.98,
2022-01-04 20:58:55.373,140,288.98,
2022-01-04 20:58:55.385,140,288.98,
2022-01-04 20:58:55.398,140,288.63,
2022-01-04 20:58:55.406,140,288.98,
2022-01-04 20:58:55.417,140,288.98,
2022-01-04 20:58:55.430,140,288.98,
2022-01-04 20:58:55.443,140,288.98,
2022-01-04 20:58:55.455,140,288.63,
2022-01-04 20:58:55.463,140,288.98,
2022-01-04 20:58:55.475,140,288.63,
2022-01-04 20:58:55.488,140,288.98,
2022-01-04 20:58:55.500,140,288.98,
2022-01-04 20:58:55.512,140,288.98,
2022-01-04 20:58:55.520,140,288.98,
2022-01-04 20:58:55.532,140,288.63,
2022-01-04 20:58:55.544,140,288.98,
2022-01-04 20:58:55.557,140,288.98,
2022-01-04 20:58:55.565,140,288.98,
2022-01-04 20:58:55.578,140,288.98,
2022-01-04 20:58:55.590,140,288.63,
2022-01-04 20:58:55.602,140,288.98,
2022-01-04 20:58:55.615,140,288.98,
2022-01-04 20:58:55.623,140,288.98,
2022-01-04 20:58:55.635,140,288.63,
2022-01-04 20:58:55.647,140,288.98,
2022-01-04 20:58:55.660,140,288.98,
2022-01-04 20:58:55.672,140,288.63,
2022-01-04 20:58:55.680,140,288.63,
2022-01-04 20:58:55.693,140,288.63,
2022-01-04 20:58:55.705,140,288.63,
2022-01-04 20:58:55.717,140,288.98,
2022-01-04 20:58:55.729,140,288.63,
2022-01-04 20:58:55.737,140,288.63,
2022-01-04 20:58:55.750,140,288.98,
2022-01-04 20:58:55.762,140,288.98,
2022-01-04 20:58:55.774,140,288.63,
2022-01-04 20:58:55.787,140,288.63,
2022-01-04 20:58:55.795,140,288.63,
2022-01-04 20:58:55.807,140,288.63,
2022-01-04 20:58:55.819,140,288.63,
2022-01-04 20:58:55.831,140,288.63,
2022-01-04 20:58:55.844,140,288.63,
2022-01-04 20:58:55.852,140,288.63,
2022-01-04 20:58:55.865,140,288.63,
2022-01-04 20:58:55.877,140,288.63,
2022-01-04 20:58:55.889,140,288.63,
2022-01-04 20:58:55.901,140,288.63,
2022-01-04 20:58:55.909,140,288.98,
2022-01-04 20:58:55.922,140,288.63,
